tree
version=v4
num_class=1
num_tree_per_iteration=1
label_index=0
max_feature_idx=112
objective=binary sigmoid:1
feature_names=best_of tourney_level tourney_round a_player_age a_player_hand a_player_ht a_player_rank a_player_rank_points b_player_age b_player_hand b_player_ht b_player_rank b_player_rank_points rank_diff rank_points_diff age_diff ht_diff steph_rating_diff a_steph_rating b_steph_rating a_steph_rd b_steph_rd point_steph_rating_diff a_point_steph_rating b_point_steph_rating a_point_steph_rd b_point_steph_rd game_steph_rating_diff a_game_steph_rating b_game_steph_rating set_steph_rating_diff a_set_steph_rating b_set_steph_rating service_steph_rating_diff a_service_steph_rating b_return_steph_rating return_steph_rating_diff a_return_steph_rating b_service_steph_rating tiebreak_steph_rating_diff a_tiebreak_steph_rating b_tiebreak_steph_rating bp_steph_rating_diff a_bp_steph_rating b_bp_steph_rating ace_steph_rating_diff a_ace_steph_rating b_return_ace_steph_rating return_ace_steph_rating_diff a_return_ace_steph_rating b_ace_steph_rating first_won_steph_rating_diff a_first_won_steph_rating b_return_first_won_steph_rating return_first_won_steph_rating_diff a_return_first_won_steph_rating b_first_won_steph_rating second_won_steph_rating_diff a_second_won_steph_rating b_return_second_won_steph_rating return_second_won_steph_rating_diff a_return_second_won_steph_rating b_second_won_steph_rating surface_steph_rating_diff a_surface_steph_rating b_surface_steph_rating a_surface_steph_rd b_surface_steph_rd surface_point_steph_rating_diff a_surface_point_steph_rating b_surface_point_steph_rating a_surface_point_steph_rd b_surface_point_steph_rd surface_game_steph_rating_diff a_surface_game_steph_rating b_surface_game_steph_rating surface_set_steph_rating_diff a_surface_set_steph_rating b_surface_set_steph_rating surface_service_steph_rating_diff a_surface_service_steph_rating b_surface_return_steph_rating surface_return_steph_rating_diff a_surface_return_steph_rating b_surface_service_steph_rating surface_tiebreak_steph_rating_diff a_surface_tiebreak_steph_rating b_surface_tiebreak_steph_rating surface_bp_steph_rating_diff a_surface_bp_steph_rating b_surface_bp_steph_rating surface_ace_steph_rating_diff a_surface_ace_steph_rating b_surface_return_ace_steph_rating surface_return_ace_steph_rating_diff a_surface_return_ace_steph_rating b_surface_ace_steph_rating surface_first_won_steph_rating_diff a_surface_first_won_steph_rating b_surface_return_first_won_steph_rating surface_return_first_won_steph_rating_diff a_surface_return_first_won_steph_rating b_surface_first_won_steph_rating surface_second_won_steph_rating_diff a_surface_second_won_steph_rating b_surface_return_second_won_steph_rating surface_return_second_won_steph_rating_diff a_surface_return_second_won_steph_rating b_surface_second_won_steph_rating surface_Clay surface_Grass surface_Hard goto_odds
feature_infos=[3:5] [2:4] [0.75:1] [15:42] [0:1] [168:211] [1:2146] [1:16790] [15:42] [0:1] [168:211] [1:2146] [1:16790] [-2094:2094] [-16304:16143] [-20:20] [-41:41] [-581.12694539435347:581.12694539435347] [1829.7305758285261:2642.9582206113928] [1850.2648072996049:2642.9582206113928] [62.115274135047457:300] [62.220598853790051:300] [-76.487555487786722:76.487555487786722] [2132.7487731012316:2284.6438980713542] [2132.7487731012316:2259.6614511669918] [60.539374839028234:300] [60.539374839028234:300] [-171.19138089354965:171.19138089354965] [2062.3292148680812:2334.9727023299974] [2062.3292148680812:2330.0694447886253] [-452.53560674065579:452.53560674065579] [1892.0929608338952:2558.3113189229821] [1905.1989145915429:2558.3113189229821] [-234.64563361881528:170.44135483228865] [2057.5089190055041:2333.70053835408] [2067.3345215859372:2345.2110464330704] [-170.44135483228865:234.64563361881528] [2067.3345215859372:2345.2110464330704] [2050.0010656445625:2333.70053835408] [-558.12220306965105:558.12220306965105] [1825.5286209386752:2562.4543073796258] [1825.5286209386752:2562.4543073796258] [-191.30134959316135:191.30134959316135] [2053.470349828021:2348.5067273673781] [2053.1110730324149:2372.5302192148138] [-502.34698834546163:0] [1919.3911238196599:2224.0928425064421] [2200:2497.0294256842217] [0:502.34698834546163] [2200:2497.0294256842217] [1917.2789531597205:2224.0928425064421] [-20.690742334387775:280.8449402277804] [2130.4005138986199:2365.526453232294] [2021.8206998995811:2254.9888787270361] [-280.8449402277804:20.690742334387775] [2021.8206998995811:2257.8454438557133] [2130.4005138986199:2371.0853256406244] [-169.48656622610088:169.48656622610088] [2057.8371582635787:2303.1851295692945] [2057.8371582635787:2287.4657651748935] [-169.48656622610088:169.48656622610088] [2057.8371582635787:2303.1851295692945] [2057.8371582635787:2287.4657651748935] [-711.56031772053802:688.08472477507166] [1781.4625061760778:2785.6505079111857] [1781.4625061760778:2785.6505079111857] [63.20220832425025:300] [63.183402832859386:300] [-102.72805547204143:102.72805547204143] [2090.5110258551772:2284.6438980713542] [2090.5110258551772:2273.7664775715484] [61.038670703784717:300] [61.038670703784717:300] [-195.08585703817064:195.08585703817064] [2061.8417729681028:2388.3279712607227] [2065.3947182963161:2388.3279712607227] [-545.25373622900815:532.9037728392168] [1875.7880408886069:2671.5094047016087] [1890.7847480856672:2671.5094047016087] [-255.40731772144773:171.99647275213283] [2064.7264025819295:2337.2411547993079] [2047.4209348084751:2372.2765960630186] [-171.99647275213283:255.40731772144773] [2058.4420607214079:2372.2765960630186] [2064.5854443109956:2359.1742459401075] [-601.40200957956404:601.40200957956404] [1809.183353840941:2592.5224802889011] [1798.536152060778:2592.5224802889011] [-203.05590897915908:203.05590897915908] [2044.4149750661124:2374.1544586698437] [2044.4149750661124:2382.5372449759579] [-510.80423878740703:0] [1923.0518615422536:2232.7811216784489] [2180.6023468002677:2498.5584077885715] [-7.9514285915511209:521.6629885679049] [2200:2505.7818300921881] [1917.2013706671537:2233.1491079674238] [-139.58238976676512:328.42423531583768] [2040.7015979941971:2380.5229896129795] [2026.5442027478064:2254.9888787270361] [-328.42423531583768:139.58238976676512] [2026.5442027478064:2361.4645688257697] [2040.7015979941971:2394.0708097896231] [-158.51068291252068:158.51068291252068] [2065.9168557521648:2303.1851295692945] [2065.9168557521648:2302.7978198486589] [-158.51068291252068:158.51068291252068] [2065.9168557521648:2303.1851295692945] [2065.9168557521648:2302.7978198486589] [0:1] [0:1] [0:1] [0.012627188638548517:0.98836410132691688]
tree_sizes=3055 3482 3470 3471 3473 3462 3486 3455 3478 3454 3473 3471 3464 3466 3453 3468 3450 3462 3460 3453 3441 3465 3458 3455 3446 3461 3443 3474 3447 3440 3469 3435 3453 3460 3455 3442 3451 3448 3431 3442 3413 3450 3421 3469 3432 3452 3434 3442 3456 3438

Tree=0
num_leaves=31
num_cat=0
split_feature=22 22 68 12 31 68 63 72 73 6 6 13 37 12 13 101 68 13 24 79 15 15 43 68 27 15 72 98 15 44
split_gain=2468.94 521.385 286.847 159.497 96.0427 68.6352 52.0289 46.1967 45.2833 40.6414 37.4233 34.1676 33.6432 27.9165 26.4281 24.8697 24.3501 20.0513 19.6448 19.4561 18.9729 18.7554 18.4089 16.8327 16.3437 15.8474 15.8037 15.7623 15.5581 17.4012
threshold=2.8411158327085109 -7.4674900904699362 13.654668554424008 1852.5000000000002 2358.0050757671629 -1.0000000180025095e-35 -143.68185918692981 76.66562125399706 -1.7841287921830824 188.50000000000003 64.500000000000014 133.50000000000003 2255.0629459667543 229.50000000000003 -132.49999999999997 2193.2949358664223 -17.182946028623515 -102.49999999999999 2210.6612003425203 -12.7311799693839 -8.4999999999999982 -1.0000000180025095e-35 2233.0348238542006 -17.775579629017781 17.01325719355896 7.5000000000000009 207.31291440148928 2272.1608743469983 -2.4999999999999996 2221.5287375255512
decision_type=2 2 2 2 2 2 2 2 2 2 2 2 2 2 2 2 2 2 2 2 2 2 2 2 2 2 2 2 2 2
left_child=1 3 8 7 10 11 -5 9 17 16 -4 23 13 -10 -7 -15 18 -2 -1 -6 -18 -19 -12 -3 25 -14 -9 -27 29 -25
right_child=2 5 4 6 19 14 -8 26 12 -11 22 -13 24 15 -16 -17 20 21 -20 -21 -22 -23 -24 28 -26 27 -28 -29 -30 -31
leaf_value=-0.021172780817469646 0.035130014666819386 -0.031000765887147848 0.046770903346723298 -0.069566335758771372 0.059327912031540274 0.054062923743290213 -0.045784415101957604 -0.019247100116622604 0.052643843024520964 -0.065362316717500688 0.027062747518102621 -0.054380234204006971 0.027803336617930826 0.016766955637844121 0.0038983235361515988 -0.021612475694346406 0.004145011179776969 0.010976475329134273 -0.05103743573766769 0.078917533483050237 -0.029138628709425258 -0.013949521626630367 -0.031099996844250074 -0.0065659600527757447 0.039948903407618835 -0.083398845860335469 0.020304854752756982 0.0073029058225064772 -0.014227987629432169 0.022464128586809941
leaf_weight=72.25 44.75 104.25 648 455.75 296.75 27.25 464.25 391 50.75 109.5 220.25 49.25 228.75 628.25 719 45.25 47.5 160.75 231.5 221.25 434.25 142.25 14.499999999999998 280.75 346.75 6.0000000000000027 27 23.75 695.5 63.25
leaf_count=289 179 417 2592 1823 1187 109 1857 1564 203 438 881 197 915 2513 2876 181 190 643 926 885 1737 569 58 1123 1387 24 108 95 2782 253
internal_value=-6.89632e-05 -0.0251299 0.0339013 -0.0416016 0.0506038 -0.00616323 -0.0575655 -0.0304159 0.0199524 -0.0368253 0.0405745 -0.0136028 0.0241541 0.0168831 0.00573013 0.0141884 -0.0328472 0.00388847 -0.0439338 0.0676951 -0.0258569 -0.000725581 0.0234702 -0.0118469 0.0328548 0.0233387 -0.0166923 -0.0109899 -0.00992602 -0.00122831
internal_weight=7250.25 4172.25 3078 2233 1400.75 1939.25 920 1313 1677.25 895 882.75 1193 1329.5 724.25 746.25 673.5 785.5 347.75 303.75 518 481.75 303 234.75 1143.75 605.25 258.5 418 29.75 1039.5 344
internal_count=29001 16689 12312 8932 5603 7757 3680 5252 6709 3580 3531 4772 5318 2897 2985 2694 3142 1391 1215 2072 1927 1212 939 4575 2421 1034 1672 119 4158 1376
is_linear=0
shrinkage=1


Tree=1
num_leaves=31
num_cat=0
split_feature=112 112 112 112 112 112 112 112 112 112 57 57 50 40 63 14 43 48 112 13 78 55 95 33 83 49 104 30 81 65
split_gain=3280.51 544.297 542.886 86.0271 77.0388 70.6669 66.521 21.4544 20.3019 18.1645 17.0745 16.0798 15.8697 14.1493 13.5766 14.0074 13.8911 15.8498 15.391 13.1652 13.0165 12.9171 12.4347 12.1617 11.5943 11.3848 11.367 10.7563 14.1954 12.2119
threshold=0.50070697654654295 0.29782066938330759 0.6954452203206315 0.78860361053821848 0.35932872345651307 0.1618292844690678 0.62776750214437371 0.41577885351180854 0.87972471606001834 0.24066190544655405 -21.823770134081766 22.399183677770456 2021.9772685304326 2358.723139315076 42.435283641750409 -202.49999999999997 2210.5117213473418 170.39255972486356 0.56469815130052636 -49.499999999999993 2192.7873821381709 2143.9703878627683 2289.8025552041986 -19.884116880225971 2207.9335615182576 2275.3543529937388 2211.1136803103504 32.117215506851615 2223.0571606023086 2405.9187604615504
decision_type=2 2 2 2 2 2 2 2 2 2 2 2 2 2 2 2 2 2 2 2 2 2 2 2 2 2 2 2 2 2
left_child=1 5 6 -4 19 -1 11 12 -5 -7 -9 14 -6 27 15 20 18 -18 -16 -3 -2 22 -11 26 -23 -26 -19 29 -29 -12
right_child=2 4 3 8 7 9 -8 10 -10 21 13 -13 -14 -15 16 -17 17 23 -20 -21 -22 24 -24 -25 25 -27 -28 28 -30 -31
leaf_value=-0.072842315633946719 -0.039633118671206412 -0.069808302369002456 0.044259363811063636 0.062039317686930953 -0.043841186357387846 -0.055859952902285875 0.02931859465558212 -0.028460897448683461 0.079165027880478134 0.0085404356688584052 -0.0028614252626881012 0.027116591477528498 -0.015622173495697993 -0.053521744729418091 -0.0059805276385661472 0.0088993669089174245 -0.045760626766220502 -0.022684756210187416 0.018597871391996215 -0.030446769311174626 0.027630066474654592 -0.083147939508852561 -0.036118185898488066 0.048578697609378857 0.023752262767014701 -0.047288083976329193 0.0034303234303914736 0.016990769962886062 -0.023697419081887529 0.0171940237869973
leaf_weight=463.55385413765907 7.4989643394947043 21.996863842010498 780.17551374435425 518.64134550094604 54.494251787662506 527.67769511044025 704.08268405497074 76.487058147788048 259.70858481526375 17.244407564401627 542.95188255608082 129.47198717296124 581.15481412410736 13.998179391026495 99.988832354545593 542.44755750894547 23.747116014361382 63.491099059581757 175.47213961184025 620.09485451877117 175.98190879821777 22.493071496486664 162.1880946457386 10.996591314673422 5.7471688687801352 301.62926806509495 121.22776064276695 26.745789721608162 107.98446430265903 88.238150328397751
leaf_count=1856 30 88 3122 2076 218 2112 2817 306 1040 69 2172 518 2325 56 400 2170 95 254 702 2481 704 90 649 44 23 1207 485 107 432 353
internal_value=-3.2158e-09 -0.0335382 0.0337401 0.0559927 -0.017314 -0.0566134 0.0168587 -0.0110821 0.0677536 -0.0493587 -0.00591667 0.0103619 -0.0180414 -0.00370574 0.0085851 0.0129388 0.00219935 -0.00718534 0.00967622 -0.0317952 0.024881 -0.0426228 -0.0318263 -0.00250481 -0.0484956 -0.0459598 -0.00554589 -0.00279529 -0.0156203 -5.77439e-05
internal_weight=7247.61 3634.68 3612.93 1558.53 2134.15 1500.53 2054.41 1492.05 778.35 1036.98 856.406 1350.32 635.649 779.918 1220.85 725.928 494.924 219.463 275.461 642.092 183.481 509.302 179.433 195.715 329.87 307.376 184.719 765.92 134.73 631.19
internal_count=29001 14544 14457 6238 8538 6006 8219 5969 3116 4150 3426 5402 2543 3120 4884 2904 1980 878 1102 2569 734 2038 718 783 1320 1230 739 3064 539 2525
is_linear=0
shrinkage=0.05


Tree=2
num_leaves=31
num_cat=0
split_feature=112 112 112 112 112 112 112 112 112 112 39 57 50 20 42 54 39 72 12 70 70 59 32 100 112 93 87 48 19 3
split_gain=2964.1 493.61 492.271 78.4856 69.6225 64.5624 60.1082 19.3709 18.6356 16.5306 15.8071 15.4201 14.3376 13.2008 15.332 15.1666 12.9055 12.333 12.1893 11.8135 14.5121 14.6832 13.9377 11.6041 11.5319 10.6331 11.7973 10.4924 10.37 12.6499
threshold=0.50070697654654295 0.29782066938330759 0.6954452203206315 0.78860361053821848 0.35932872345651307 0.1618292844690678 0.63099666834392909 0.41577885351180854 0.87972471606001834 0.23791322500126641 -224.95380211128995 -21.823770134081766 2021.9772685304326 74.129341053760726 -15.68790437503935 -122.0804654653932 33.776975408623464 207.31291440148928 503.50000000000006 2206.1020537458021 2217.705693369111 2204.5938563266195 2270.5858189799151 -139.46674837092993 0.34518033330765657 2336.8111644845326 2308.9374863329563 356.01039668600941 2245.3360918003436 31.500000000000004
decision_type=2 2 2 2 2 2 2 2 2 2 2 2 2 2 2 2 2 2 2 2 2 2 2 2 2 2 2 2 2 2
left_child=1 5 6 -4 18 -1 13 12 -5 -7 -11 -9 -6 14 15 23 28 -16 24 -17 -21 -22 -23 -2 -3 -20 -27 -12 29 -13
right_child=2 4 3 8 7 9 -8 11 -10 10 27 16 -14 -15 17 19 -18 -19 25 20 21 22 -24 -25 -26 26 -28 -29 -30 -31
leaf_value=-0.069448102992495417 0.015196560395515197 -0.075019584131947897 0.042100879529295428 0.05908724988498662 -0.041673240039248799 -0.053548190646435546 0.028252691374906339 -0.027050970710966446 0.075524478866173417 0.0065818061897958543 -0.043613251529301275 0.0054530291716266693 -0.01484381159296177 0.021534629852865545 0.0045681439018504175 0.0074746814274902415 -0.013053783159240967 0.051855769961834691 -0.033860409358046982 0.051632740346653917 0.090458011033006436 -0.062070237978249378 0.017485851151869732 -0.03584088536872812 -0.013837397721088726 -0.027015966627825617 -0.001913473129120015 0.00066711009027415301 -0.0031216429587630694 0.044872127377486699
leaf_weight=461.93620915710926 27.993497371673584 27.218784093856812 779.18847270309925 517.35503526031971 54.463305622339249 496.68378399312496 674.47254286706448 76.450784161686897 258.64055989682674 16.974540904164314 507.89712092280388 104.98709218204021 581.04971460998058 211.45093493163586 941.98451356589794 51.983384892344475 243.9578809440136 13.993184477090834 365.16559936106205 65.235733687877655 5.7490275204181662 6.4994918853044501 35.992501422762871 18.495639279484749 10.741011694073675 174.61481305956841 63.944422900676727 13.739971756935118 405.70393186807632 25.24650727212429
leaf_count=1856 112 109 3122 2076 218 1992 2700 306 1040 68 2035 420 2325 846 3769 208 976 56 1462 261 23 26 144 74 43 699 256 55 1623 101
internal_value=-8.27695e-09 -0.0318969 0.0320891 0.0533103 -0.0164531 -0.0539043 0.0160203 -0.0105294 0.0645658 -0.0469689 -0.0409017 -0.00562126 -0.0171431 0.010039 0.00795777 0.0201244 -0.00352057 0.00526032 -0.0302251 0.027214 0.0362566 0.0154636 0.00531711 -0.00510862 -0.0577076 -0.0284971 -0.0202874 -0.0424469 0.000818938 0.0130946
internal_weight=7239.81 3630.78 3609.03 1555.18 2133.54 1497.23 2053.85 1491.86 775.996 1035.3 538.612 856.346 635.513 1379.38 1167.93 211.949 779.895 955.978 641.685 165.46 113.477 48.241 42.492 46.4891 37.9598 603.725 238.559 521.637 535.938 130.234
internal_count=29001 14544 14457 6238 8538 6006 8219 5969 3116 4150 2158 3426 2543 5519 4673 848 3120 3825 2569 662 454 193 170 186 152 2417 955 2090 2144 521
is_linear=0
shrinkage=0.05


Tree=3
num_leaves=31
num_cat=0
split_feature=112 112 112 112 112 112 112 112 112 57 112 57 112 20 73 20 10 45 41 5 37 104 24 39 14 63 67 39 43 14
split_gain=2680.29 449.046 447.796 72.1185 62.9867 59.4577 54.8396 17.522 17.2916 15.5699 15.1906 13.7548 13.4098 15.9039 15.4208 14.5605 14.0779 13.8205 13.6728 13.3324 13.2344 13.1447 15.0822 12.9495 12.5444 12.1229 21.886 15.6916 12.0739 11.9746
threshold=0.50070697654654295 0.29782066938330759 0.6954452203206315 0.78860361053821848 0.35932872345651307 0.1618292844690678 0.64098604725106434 0.41299063021359456 0.87972471606001834 23.892125718796027 0.24066190544655405 -21.823770134081766 0.58728371623039355 67.184902690225343 18.21452475525189 67.750362627707389 187.00000000000003 -183.36101047348663 2359.8265205533849 184.00000000000003 2231.312193913393 2213.1641868898073 2209.8563511299808 -224.95380211128995 -124.49999999999999 172.29167246999421 101.99663667726527 105.19503275709351 2202.6439777342603 458.50000000000006
decision_type=2 2 2 2 2 2 2 2 2 2 2 2 2 2 2 2 2 2 2 2 2 2 2 2 2 2 2 2 2 2
left_child=1 5 6 -4 -3 -1 9 19 -5 12 -7 -9 18 14 17 -15 -17 20 24 29 -14 -16 -23 -12 -2 26 27 -18 -22 -6
right_child=2 4 3 8 7 10 -8 11 -10 -11 23 -13 13 15 21 16 25 -19 -20 -21 28 22 -24 -25 -26 -27 -28 -29 -30 -31
leaf_value=-0.066368315356802057 0.013145120515216544 -0.028746935452820921 0.040082442466504505 0.056371936017930682 -0.023347224407174509 -0.050708396750571844 0.028491498640562097 -0.025445108908832104 0.072252472716188065 0.027355101062959339 0.0064493024543828192 -0.0035688179547200267 0.038739013348265551 0.07439929683761598 -0.023846164921024995 0.035183440264686339 -0.024610162505401507 0.036193391114495044 0.053256539040671097 -0.010912455293899866 0.026721002126133042 0.026612095630918771 -0.015074371801803797 -0.039993584178653285 -0.00028215576424679809 -0.05579513149937624 0.062222378217591072 0.069483711526916347 -0.0067554256940942628 -0.071951444297395223
leaf_weight=459.26856988668442 251.15663427114487 640.96712438762188 777.54503799974918 515.21340015530586 208.8370602875948 524.85173074901104 564.76356077194214 78.88476587831974 256.87855145335197 121.36211627721786 15.481173291802405 806.08922019600868 30.985152646899223 15.234378814697264 52.208231940865517 91.443735167384148 28.48441644012928 66.961193397641182 14.244915604591368 384.21084080636501 37.222481489181519 48.195508047938347 39.464935585856438 492.17917834222317 565.82556833326817 7.4933490455150595 15.240179896354674 5.2469926327466956 97.451992705464363 13.490797787904738
leaf_count=1856 1005 2569 3122 2076 836 2112 2263 316 1040 486 62 3225 124 61 209 366 114 268 57 1538 149 193 158 1976 2264 30 61 21 390 54
internal_value=-2.10564e-08 -0.0303589 0.0305412 0.050831 -0.0156386 -0.0514013 0.015226 -0.0100054 0.0616555 0.0101918 -0.0447438 -0.00551883 0.00866793 0.0148374 0.00913553 0.0278559 0.023062 0.0170242 0.00469242 -0.0165515 0.00927581 -0.00398439 0.00784475 -0.0385773 0.00384566 0.00343155 0.0124941 -0.00997366 0.00249708 -0.0262965
internal_weight=7226.88 3624.26 3602.62 1549.64 2132.48 1491.78 2052.99 1491.51 772.092 1488.22 1032.51 884.974 1366.86 535.633 372.489 163.143 147.909 232.621 831.227 606.539 165.66 139.869 87.6604 507.66 816.982 56.4649 48.9716 33.7314 134.674 222.328
internal_count=29001 14544 14457 6238 8538 6006 8219 5969 3116 5956 4150 3541 5470 2144 1491 653 592 931 3326 2428 663 560 351 2038 3269 226 196 135 539 890
is_linear=0
shrinkage=0.05


Tree=4
num_leaves=31
num_cat=0
split_feature=112 112 112 112 112 112 112 112 57 57 112 39 39 39 35 112 25 73 106 100 23 112 40 50 3 98 36 64 75 93
split_gain=2425.26 409.628 408.4 66.6692 57.1223 55.1261 49.6328 16.1913 14.993 14.078 13.9614 13.1248 13.0485 12.6931 13.3894 12.4386 12.9018 12.8974 14.3422 13.3915 12.9812 12.2497 12.5152 12.4837 13.5546 12.4591 11.7501 11.4075 11.9421 11.8027
threshold=0.50070697654654295 0.29782066938330759 0.6954452203206315 0.78860361053821848 0.3708061679263972 0.1618292844690678 0.64098604725106434 0.87972471606001834 -22.267337172566609 23.892125718796027 0.23791322500126641 -224.95380211128995 -77.314523123014837 -193.85971237921896 2243.4927926118739 0.58728371623039355 64.848320379998782 19.037064159731703 11.769631265967975 -111.98413216341169 2216.8207297804242 0.41577885351180854 2358.723139315076 2021.9772685304326 30.500000000000004 2327.7687257122129 14.789613092297033 2261.8536251285832 2186.7851593846722 2285.914425079809
decision_type=2 2 2 2 2 2 2 2 2 2 2 2 2 2 2 2 2 2 2 2 2 2 2 2 2 2 2 2 2 2
left_child=1 5 6 -4 -3 -1 9 -5 -6 12 -7 -12 13 14 -2 26 17 19 -19 -17 -21 23 -23 -10 25 -25 -14 29 -29 -18
right_child=2 4 3 7 8 10 -8 -9 21 -11 11 -13 15 -15 -16 16 27 18 -20 20 -22 22 -24 24 -26 -27 -28 28 -30 -31
leaf_value=-0.063553722716230929 -0.03895116011226319 -0.025868401580607461 0.03818895833045996 0.05386010937695751 -0.024681661863654319 -0.048739303686251206 0.027104470812622461 0.069288510340493326 -0.040483695081066307 0.026015118052817615 0.0061808907991585497 -0.038494638918952495 0.044084055648212085 0.024970318844327183 0.042610814340337221 -0.0023890412777019458 0.064654570910394102 -0.02549000733019929 0.010845321149264356 0.040735778789418774 0.0080985630154525989 -0.0024127574900554838 -0.050147300851092647 -0.0075030649442658238 -0.028189772154849236 0.072058660978400788 0.0010617107872315818 -0.013507889163305614 0.041335116317208015 -0.00029716684324030459
leaf_weight=455.71625651419163 16.483894616365436 759.38731503486633 775.34737788140774 512.35037866234779 133.71262373030186 492.75396937131882 564.00024822354317 254.5321232676506 39.387245312333107 121.23568412661552 16.977322831749916 519.06516394019127 16.244927600026131 171.11886459589005 7.2427238374948493 75.430476039648056 7.9840591549873343 54.203970119357109 54.42881341278553 60.932170391082764 60.9358731508255 768.85020653903484 13.980986818671225 320.68205323815346 90.150023177266121 4.9972651749849311 688.72978286445141 11.236906066536902 85.093693181872368 56.416474804282188
leaf_count=1856 66 3047 3122 2076 536 1992 2263 1040 158 486 68 2090 65 685 29 302 32 217 218 244 244 3076 56 1284 361 20 2756 45 341 226
internal_value=3.25026e-08 -0.0289125 0.0290872 0.0485279 -0.0148664 -0.0490769 0.0144741 0.0589809 -0.00877577 0.00968586 -0.0426642 -0.0370797 0.00823711 0.0202183 -0.0140538 0.00624462 0.0125767 0.00655063 -0.00728474 0.0141684 0.0244167 -0.00705789 -0.00326527 -0.01358 -0.0110317 -0.00628226 0.00205309 0.0240464 0.0349377 0.00775523
internal_weight=7209.61 3615.66 3593.95 1542.23 2131.15 1484.51 2051.72 766.883 1371.76 1487.72 1028.8 536.042 1366.48 194.845 23.7266 1171.64 466.662 305.931 108.633 197.299 121.868 1238.05 782.831 455.217 415.829 325.679 704.975 160.731 96.3306 64.4005
internal_count=29001 14544 14457 6238 8538 6006 8219 3116 5491 5956 4150 2158 5470 780 95 4690 1869 1225 435 790 488 4955 3132 1823 1665 1304 2821 644 386 258
is_linear=0
shrinkage=0.05


Tree=5
num_leaves=31
num_cat=0
split_feature=112 112 112 112 112 112 112 112 112 57 112 5 57 39 39 21 95 63 39 40 13 85 83 81 23 19 93 14 90 43
split_gain=2195.74 374.52 373.309 61.9451 52.2857 51.5004 45.1788 16.8851 15.2774 14.4258 13.5585 17.646 12.1482 12.1873 11.9175 11.7356 15.517 13.0993 11.5026 11.3264 11.258 11.2344 10.5705 10.509 9.991 9.84456 15.0393 10.8516 11.4525 9.84229
threshold=0.50070697654654295 0.29782066938330759 0.6954452203206315 0.78860361053821848 0.35932872345651307 0.13877000032687994 0.62776750214437371 0.23791322500126641 0.87972471606001834 -22.267337172566609 0.41577885351180854 187.00000000000003 22.399183677770456 -84.513920808760744 -224.95380211128995 67.213077193830742 2308.3053300573606 -17.238931861938223 -193.85971237921896 2358.723139315076 -49.499999999999993 -241.90050632054258 2230.2689799190571 2204.319594512725 2179.6734340044563 2291.237770507249 2281.9852028499104 3850.5000000000005 2236.7376554481348 2226.6547323817254
decision_type=2 2 2 2 2 2 2 2 2 2 2 2 2 2 2 2 2 2 2 2 2 2 2 2 2 2 2 2 2 2
left_child=1 5 6 25 20 -1 12 -7 -5 -6 11 15 13 18 -9 16 22 -17 21 -12 -3 -2 -11 -20 -16 27 -27 28 29 -4
right_child=2 4 3 8 9 7 -8 14 -10 10 19 -13 -14 -15 24 17 -18 -19 23 -21 -22 -23 -24 -25 -26 26 -28 -29 -30 -31
leaf_value=-0.064054493218298023 0.03122970438120445 -0.061421027791166538 0.038169889582250018 0.051524526760221567 -0.023535863163794243 -0.04754984255315834 0.024056893663054312 0.005870699341816236 0.066584304211237094 -0.00062847374157789691 -0.0022921630307642374 -0.0030316064553710521 0.022995063589055575 0.0049369769307845163 0.011198117063983279 -0.05059599939754305 -0.0064390605856882617 -0.014343686832533396 0.079000931156473927 -0.047756081378805257 -0.024853280530102145 -0.043402340114598738 -0.049959662608196141 0.021556321818439406 -0.037707148929508272 -0.0154050167762711 0.047576983363688444 -0.028455986234062675 0.0080687420149159802 0.015883169506298214
leaf_weight=337.735450476408 8.240863651037218 21.790897309780121 433.20660443603992 508.88374181091785 153.23616410791874 603.71045310795307 701.13008759915829 16.98055012524128 251.69735285639763 14.718310460448263 768.83595061302185 237.88460843265057 129.11177034676075 1061.6447577625513 10.663104653358458 58.086675196886063 158.72603633999825 43.638075396418571 8.4871296733617765 13.947779536247252 617.20488621294498 12.991828829050062 41.414496958255768 128.58449280261993 506.62078906595707 9.8940388262271863 225.62039460241795 7.1637696474790564 40.865899607539177 55.934941276907921
leaf_count=1389 33 88 1750 2076 615 2459 2817 68 1040 59 3076 953 518 4250 43 233 636 175 34 56 2481 52 166 515 2047 40 912 29 165 226
internal_value=7.51215e-08 -0.02755 0.0277173 0.0463786 -0.0141346 -0.0469089 0.0137612 -0.0418203 0.0565082 -0.00900466 -0.00733953 -0.0133216 0.00841032 0.00686676 -0.035346 -0.0210536 -0.0144297 -0.0350444 0.0198086 -0.00310225 -0.0261003 -0.014436 -0.0370248 0.0251131 -0.036699 0.0364077 0.0449311 0.0326707 0.0334969 0.0356213
internal_weight=7188.65 3605.19 3583.46 1533.27 2129.48 1475.71 2050.19 1137.97 760.581 1490.49 1337.25 554.468 1349.06 1219.95 534.264 316.584 214.859 101.725 158.304 782.784 638.996 21.2327 56.1328 137.072 517.284 772.686 235.514 537.171 530.007 489.142
internal_count=29001 14544 14457 6238 8538 6006 8219 4617 3116 5969 5354 2222 5402 4884 2158 1269 861 408 634 3132 2569 85 225 549 2090 3122 952 2170 2141 1976
is_linear=0
shrinkage=0.05


Tree=6
num_leaves=31
num_cat=0
split_feature=112 112 112 112 112 112 112 112 112 60 112 5 28 11 79 20 42 54 50 29 103 100 46 44 36 68 12 32 17 112
split_gain=1988.88 343.064 341.934 57.7855 48.7376 47.3915 41.3418 18.8093 14.5072 13.054 12.3071 14.8274 12.2581 13.0373 12.3283 12.2048 12.6177 12.8354 11.9672 11.8945 11.6408 11.3542 11.0472 11.193 10.9895 11.6718 10.6249 10.5572 10.4841 10.4579
threshold=0.50070697654654295 0.29782066938330759 0.6954452203206315 0.78860361053821848 0.12064337469050919 0.35932872345651307 0.64098604725106434 0.23063905319814962 0.87972471606001834 -22.267337172566609 0.41299063021359456 187.00000000000003 2216.2320661775798 43.500000000000007 -56.204747220517213 74.129341053760726 -15.68790437503935 -122.0804654653932 2019.3503902302693 2191.9327542217538 -16.080877155565755 -139.46674837092993 2011.2932363489365 2191.0910902907135 73.259233730431802 10.655476986574742 503.50000000000006 2067.9482288138211 49.790822403712134 0.34518033330765657
decision_type=2 2 2 2 2 2 2 2 2 2 2 2 2 2 2 2 2 2 2 2 2 2 2 2 2 2 2 2 2 2
left_child=1 4 6 -4 -1 26 15 -6 -5 -7 11 18 13 14 20 16 17 21 -11 -19 -12 -2 -14 -24 25 -13 29 -18 -26 -3
right_child=2 5 3 8 7 9 -8 -9 -10 10 12 24 22 -15 -16 -17 27 19 -20 -21 -22 -23 23 -25 28 -27 -28 -29 -30 -31
leaf_value=-0.064966523651996219 0.015163918838761829 -0.067287533425338455 0.03472990367787461 0.049342701840747613 -0.046776996220791546 -0.022392730004493502 0.024635210583966591 -0.034330568956080686 0.064100832981350733 -0.052229187520434428 0.066187259670659804 -0.0068195079445439177 -0.054863572298896796 -0.00042174870540078276 0.055253469170811753 0.019500145902187863 0.051692955876915185 -0.024390842222911643 -0.017068313866294375 0.027198319922293393 -0.0052716923875696714 -0.032634686453734636 -0.03225555355269806 -0.0046827272042867414 0.028010296645204838 -0.079317797298750436 -0.023232917266821876 0.0039167759519782462 -0.029624475069425584 -0.0088058252606595996
leaf_weight=250.36623048782349 29.952048435807228 26.867803275585175 769.60196457803249 504.91700503230095 625.81693460047245 153.01154384016991 562.06145744025707 589.45221403241158 248.45845475792885 26.528191730380058 6.9969980865716925 168.21816624701023 12.49030742049217 291.38827703893185 21.74399434030056 223.0111722946167 11.695218876004217 11.976198881864546 275.71788346767426 166.59621001780033 30.724865570664406 21.230567157268524 40.482508197426796 405.3466799557209 41.680370390415192 5.7411225140094748 600.14193500578403 1022.0505316257477 9.7330438792705518 10.684357956051825
leaf_count=1042 120 109 3122 2076 2572 615 2263 2392 1040 107 28 674 50 1166 87 894 47 48 1106 668 123 85 162 1622 167 23 2417 4094 39 43
internal_value=7.97298e-08 -0.0262644 0.0264232 0.0443661 -0.0448785 -0.0134411 0.0130839 -0.04074 0.0542098 -0.00855873 -0.00697526 -0.0129165 -0.00310131 0.00393234 0.0252678 0.00871626 0.00681287 0.0174114 -0.0201544 0.0237384 0.00798317 -0.00466296 -0.00848573 -0.00718642 -0.00320977 -0.00921215 -0.0248473 0.00445729 0.0170995 -0.0506483
internal_weight=7164.68 3593.13 3571.55 1522.98 1465.64 2127.5 2048.57 1215.27 753.375 1489.8 1336.79 527.619 809.174 350.854 59.4659 1486.51 1263.5 229.755 302.246 178.572 37.7219 51.1826 458.319 445.829 225.373 173.959 637.694 1033.75 51.4134 37.5522
internal_count=29001 14544 14457 6238 6006 8538 8219 4964 3116 5969 5354 2116 3238 1404 238 5956 5062 921 1213 716 151 205 1834 1784 903 697 2569 4141 206 152
is_linear=0
shrinkage=0.05


Tree=7
num_leaves=31
num_cat=0
split_feature=22 22 68 14 14 68 63 14 25 72 79 6 67 6 13 8 15 37 21 66 103 79 68 101 28 25 27 57 22 98
split_gain=1233.61 260.85 148.748 105.196 64.5227 34.7217 29.1996 28.2016 23.2355 22.9214 22.9168 20.559 17.3113 17.078 16.6621 15.2587 13.8482 13.4983 13.5149 15.9519 16.9567 13.0288 12.41 13.1863 12.2766 11.8674 11.6859 11.6822 11.6019 13.2531
threshold=2.8411158327085109 -7.4674900904699362 13.654668554424008 -1136.4999999999998 1101.0000000000002 -1.0000000180025095e-35 -168.45129221640306 401.50000000000006 79.841080938115496 76.66562125399706 -22.750718049329858 153.50000000000003 82.328657785456343 191.50000000000003 -132.49999999999997 29.500000000000004 -7.4999999999999991 2260.696847724204 196.43305426430283 121.52483235924474 27.831191825277305 -43.528465941156348 -7.0927345861255153 2132.6905255083934 2234.3890044767295 64.04587621726499 13.823297211194587 29.562705169829773 -11.523506451402907 2236.1582210738875
decision_type=2 2 2 2 2 2 2 2 2 2 2 2 2 2 2 2 2 2 2 2 2 2 2 2 2 2 2 2 2 2
left_child=1 3 7 6 8 11 -1 17 15 13 26 -3 -8 16 -7 -4 28 18 19 -2 -21 -18 23 24 25 -9 -6 -10 29 -5
right_child=2 5 4 9 10 14 12 22 27 -11 -12 -13 -14 -15 -16 -17 21 -19 -20 20 -22 -23 -24 -25 -26 -27 -28 -29 -30 -31
leaf_value=-0.054283564129063558 0.0068558894264208999 -0.0079460063692287624 0.024547813261187171 0.025048985051591217 -0.024871511951901334 0.042821987948640443 -0.038972523625431445 -0.04578020432164611 -0.02202670358556319 -0.011042882281791004 0.056279289556924461 -0.033994817558239146 -0.010820509150196549 -0.047196854005292353 0.0026068595893644262 0.042442322146910794 -0.027126351653276395 0.020091088909205638 0.055058965782860819 -0.021550807729253031 0.058251895827064408 0.004756578823658441 0.022682617233852211 -0.028230825079357598 0.061459011352017257 0.034108964720698277 0.03891570711941806 0.029066698138613508 0.015928768074245227 -0.029141504733446583
leaf_weight=350.78381612896919 576.45379105210304 1104.740398094058 511.73978260159492 14.080320075154303 7.3750908970832816 26.717596933245659 457.34927016496658 8.972579658031469 35.663327798247337 417.1421156078577 363.58744207024574 81.322903454303741 62.011304557323456 80.525999188423157 716.18545013666153 155.2765399068594 674.71623085439205 180.88724242150784 13.083447635173796 86.367894947528839 7.2123718857765189 33.64028836786747 743.35989785194397 25.532662928104401 11.419055402278898 9.6460711508989316 271.68232268095016 16.301281735301018 37.796370357275009 56.784242510795593
leaf_count=1468 2317 4441 2084 57 30 109 1878 36 144 1686 1522 331 253 332 2876 635 2740 728 53 348 29 136 3010 103 46 39 1122 66 152 230
internal_value=4.12972e-08 -0.0178225 0.024241 -0.0296529 0.0364949 -0.00442296 -0.0431386 0.0142075 0.0262047 -0.0207271 0.0480074 -0.00973205 -0.0356112 -0.025228 0.00405315 0.0287135 -0.0230627 0.00794616 0.00473023 0.00374748 -0.0154003 -0.0256122 0.0209788 -0.00181308 0.0206425 -0.00439071 0.0372299 -0.00599872 -0.00644234 -0.0183742
internal_weight=7138.36 4113.8 3024.56 2184.83 1361.63 1928.97 870.144 1662.94 718.981 1314.69 642.645 1186.06 519.361 897.543 742.903 667.016 817.017 864.005 683.118 670.034 93.5803 708.357 798.93 55.5704 30.0377 18.6187 279.057 51.9646 108.661 70.8646
internal_count=29001 16689 12312 8932 5603 7757 3599 6709 2929 5333 2674 4772 2131 3647 2985 2719 3315 3475 2747 2694 377 2876 3234 224 121 75 1152 210 439 287
is_linear=0
shrinkage=0.05


Tree=8
num_leaves=31
num_cat=0
split_feature=112 112 112 112 112 112 112 112 112 13 30 41 112 15 45 73 89 99 72 102 112 15 66 33 84 63 12 70 36 92
split_gain=1674.3 296 294.167 51.3409 43.7848 40.5299 35.4582 16.6027 13.3636 12.5928 12.0936 11.9907 11.9881 12.4612 11.9368 11.5201 11.1126 12.3133 10.6769 10.5727 10.7299 11.1055 18.0658 10.8035 10.7404 10.5259 12.8436 13.4749 17.1775 11.8753
threshold=0.50070697654654295 0.29782066938330759 0.6954452203206315 0.78860361053821848 0.12064337469050919 0.35407853710366893 0.58728371623039355 0.23791322500126641 0.87972471606001834 -12.499999999999998 133.27556847995018 2359.8265205533849 0.41299063021359456 -2.4999999999999996 -348.71543061221865 -32.044901421124216 2215.9023287951882 2089.2905789428883 149.6048609048936 2330.5526759647742 0.63895679098523284 6.5000000000000009 72.708450916066582 -57.887729831375502 2123.5952160528586 42.435283641750409 523.50000000000011 2211.6213721932272 44.418431214071695 2008.9095794289708
decision_type=2 2 2 2 2 2 2 2 2 2 2 2 2 2 2 2 2 2 2 2 2 2 2 2 2 2 2 2 2 2
left_child=1 4 6 -4 -1 9 10 -6 -5 -3 11 25 13 -7 -15 -16 19 -18 -14 20 21 24 -23 -24 -8 26 27 -2 -29 -28
right_child=2 5 3 8 7 12 16 -9 -10 -11 -12 -13 18 14 15 -17 17 -19 -20 -21 -22 22 23 -25 -26 -27 29 28 -30 -31
leaf_value=-0.060936332757073441 0.0034645579941047174 -0.044071013983570467 0.032032270310531366 0.045829207045476841 -0.042915202282813099 -0.0036994734216754133 -0.039057098858241601 -0.031073059835754625 0.060158549086771686 -0.020968417857615225 0.045463951526528101 0.04807050932059851 -0.0031221687703574925 -0.048976424168438504 0.0069377377220153913 -0.018984391906432051 0.073572398097188615 0.010755902499402153 -0.030325167414146481 -0.034633007311769888 0.028888168099023531 -0.026497113848096894 -0.021550969743444837 0.059479073560525932 0.021697234424531309 -0.0045954774495474684 0.03217303789227887 0.0413840712567815 -0.059197071873365176 0.0072517562834049564
leaf_weight=244.11975659430027 50.895517647266388 66.761783584952354 763.46153122186661 496.90748639404774 673.24613085389137 228.50368103384972 7.4653778970241538 528.17629013955593 241.92448695003986 506.37875387072563 17.648176595568657 14.936760202050207 846.37307785451412 29.221438333392143 48.657101899385452 359.76806791126728 7.935884326696395 459.93189737200737 37.676302641630173 8.1972661018371564 333.62991099059582 34.116707906126976 5.9809654802083996 13.174644514918326 284.63303957879543 303.78707419335842 53.916819393634796 5.2470014989376095 22.226115614175797 421.47169467806816
leaf_count=1042 204 271 3122 2076 2806 918 30 2158 1040 2048 71 60 3390 118 196 1446 32 1853 151 33 1348 137 24 53 1143 1217 216 21 89 1688
internal_value=7.96442e-08 -0.0241797 0.0243257 0.0411252 -0.0416317 -0.0122986 0.0119856 -0.0377091 0.0505212 -0.0236595 0.00448604 0.00365716 -0.00809829 -0.0131636 -0.0181049 -0.0158962 0.0177651 0.0118214 -0.0042815 0.0218117 0.0224931 0.0163155 -0.00467925 0.034179 0.0201445 0.00288356 0.00698651 -0.0117681 -0.0399874 0.0100782
internal_weight=7116.37 3568.88 3547.49 1502.29 1445.54 2123.34 2045.19 1201.42 738.832 573.141 890.129 872.481 1550.2 666.15 437.647 408.425 1155.07 467.868 884.049 687.198 679.001 345.371 53.2723 19.1556 292.098 857.544 553.757 78.3686 27.4731 475.389
internal_count=29001 14544 14457 6238 6006 8538 8219 4964 3116 2319 3566 3495 6219 2678 1760 1642 4653 1885 3541 2768 2735 1387 214 77 1173 3435 2218 314 110 1904
is_linear=0
shrinkage=0.05


Tree=9
num_leaves=31
num_cat=0
split_feature=112 112 112 112 112 112 112 112 69 10 42 50 70 12 51 39 48 14 30 95 35 103 112 71 40 89 81 41 112 71
split_gain=1517.9 272.147 270.605 68.1036 41.7322 36.7874 17.4448 12.8496 12.1148 14.1724 13.626 13.1555 11.5269 11.5186 12.5744 11.3737 12.0164 11.2866 13.5864 11.4609 11.2391 11.1484 10.8755 10.6353 10.407 10.3866 12.7086 15.0097 11.7535 10.3712
threshold=0.50070697654654295 0.29782066938330759 0.66572713460326016 0.78860361053821848 0.1618292844690678 0.35407853710366893 0.58728371623039355 0.87972471606001834 2227.0773749279097 184.00000000000003 25.239327800473351 2118.8214929228493 2231.9932247451911 503.50000000000006 149.92712238782045 75.424865097438911 265.25725352801675 -124.49999999999999 133.27556847995018 2399.9267020913717 2265.3386736467251 -33.437800488445411 0.41577885351180854 68.856504629695777 2358.723139315076 2217.2338510385493 2223.9747364274212 2102.6453672558209 0.70644780223818227 65.129884909240403
decision_type=2 2 2 2 2 2 2 2 2 2 2 2 2 2 2 2 2 2 2 2 2 2 2 2 2 2 2 2 2 2
left_child=1 4 6 15 -1 13 17 -5 9 10 -8 12 20 -3 -15 16 -4 19 -19 -2 -10 -18 -7 29 -24 26 27 -17 -29 -12
right_child=2 5 3 7 -6 22 8 -9 11 -11 23 -13 -14 14 -16 25 21 18 -20 -21 -22 -23 24 -25 -26 -27 -28 28 -30 -31
leaf_value=-0.052912481016678198 0.0096055486401001935 -0.051288385931928332 0.036232252532659402 0.043983240655087096 -0.03430631700975182 -0.012346997444215826 0.030564483700342204 0.058136329597098781 -0.011561004240750097 0.011277537058008621 0.023870144936613026 0.022976909450185028 0.049312587110396613 -0.022114308868349968 0.023130504613605666 0.036439952115119925 -0.052349677773160519 -0.00061524286825222815 0.046646984359149823 0.045860323864998741 -0.072415844582044905 0.023768696607554131 -0.003165565968256027 0.019333829792089433 -0.044059684858641632 0.010727530558748047 0.036103768033522124 -0.065003139507154195 0.0052081755314860754 -0.05892877387747697
leaf_weight=430.9576013982296 243.76429913938046 32.836642473936081 527.78566765785217 492.00033923983574 1002.2161091566086 694.17623940110207 229.10710398852825 237.92465747892857 59.227745860815048 462.35278260707855 5.7177844196558025 37.949781537055969 6.7153921425342551 522.96485802531242 15.820951595902441 22.72032430768013 4.9299474507570258 606.59254428744316 15.597072213888167 23.93943227827549 8.7019170820713025 198.21421812474728 839.43910722434521 28.023854002356529 15.851450666785238 139.83177049458027 144.1124826669693 9.097708925604822 17.286317139863968 11.170936718583105
leaf_count=1856 977 135 2161 2076 4150 2793 923 1040 239 1862 23 153 27 2120 64 93 20 2430 63 96 35 810 3362 113 64 573 590 37 71 45
internal_value=1.34779e-07 -0.0230696 0.0232102 0.0368345 -0.0399012 -0.0116968 0.00915467 0.0485965 0.014282 0.0166176 0.0256279 -0.000992646 -0.0131788 -0.0225379 -0.0207857 0.0287653 0.0322549 0.00426311 0.000569528 0.0128476 -0.0193566 0.0219214 -0.00769729 0.00044538 -0.00392347 0.0211069 0.0286185 0.0066507 -0.019002 -0.0308967
internal_weight=7087.03 3554.26 3532.76 1793.9 1433.17 2121.09 1738.86 729.925 848.967 736.372 274.02 112.595 74.6451 571.622 538.786 1063.98 730.93 889.893 622.19 267.704 67.9297 203.144 1549.47 44.9126 855.291 333.049 193.217 49.1044 26.384 16.8887
internal_count=29001 14544 14457 7471 6006 8538 6986 3116 3420 2966 1104 454 301 2319 2184 4355 2991 3566 2493 1073 274 830 6219 181 3426 1364 791 201 108 68
is_linear=0
shrinkage=0.05


Tree=10
num_leaves=31
num_cat=0
split_feature=112 112 112 112 112 112 112 112 112 42 20 43 27 13 112 36 63 12 51 7 102 72 105 24 102 33 49 23 7 45
split_gain=1376.38 250.381 250.025 45.1545 40.3131 33.407 29.7255 15.3118 12.3918 12.2947 11.5388 12.0597 11.5737 11.1475 10.9607 11.9231 13.7402 17.1701 12.0158 11.5028 12.111 11.2931 11.2826 15.3155 10.9529 10.4685 10.4555 12.1425 13.1751 10.785
threshold=0.50070697654654295 0.29782066938330759 0.6954452203206315 0.78860361053821848 0.12064337469050919 0.35407853710366893 0.64098604725106434 0.24066190544655405 0.87972471606001834 -32.221839189221775 74.129341053760726 2190.8301926279478 -7.0764615173843586 -12.499999999999998 0.56162013627326257 68.860889859575096 38.209373428911029 429.50000000000006 123.99358268555103 750.50000000000011 2272.3379894445175 94.76669405555343 2217.3871142018093 2214.1885143405839 2295.9155192353296 -129.53167106985299 2297.4367810178951 2211.4298405407976 846.50000000000011 -250.76394559443949
decision_type=2 2 2 2 2 2 2 2 2 2 2 2 2 2 2 2 2 2 2 2 2 2 2 2 2 2 2 2 2 2
left_child=1 4 6 -4 -1 13 10 -6 -5 24 11 12 -2 -3 15 16 17 -13 -17 -18 22 -19 23 -21 -9 -11 27 28 29 -15
right_child=2 5 3 8 7 -7 -8 9 -10 25 -12 14 -14 26 -16 18 19 21 -20 20 -22 -23 -24 -25 -26 -27 -28 -29 -30 -31
leaf_value=-0.057101072745536101 0.048677605754984116 -0.040785000214156757 0.029285596115186524 0.0422348706501222 -0.039302187716580991 -0.0073161897170499869 0.02065843626170713 0.0073521245717042914 0.056240516697333404 0.018860563171801986 0.017612805551164304 -0.065437025071670249 0.011590689158978127 0.018960306464516886 0.0076053389972499871 0.025522018150362341 0.0071784553699647344 0.0059829679892327778 -0.0035477086267253926 -0.047510145846136595 -0.0077348514148264449 -0.041079600555543411 -0.085177526197403208 0.048177699385195595 -0.044451804598134137 -0.031764827826610831 -0.015280958956906907 -0.0594602274679156 0.0087239990049261893 -0.046575289927886086
leaf_weight=236.54737749695778 28.168949127197266 66.071677178144455 755.9382291585207 486.88058550655842 690.00855015218258 1548.7078431099653 557.1919968277216 41.290311843156815 233.75416181981564 10.460770606994627 222.45816227793694 9.7384939640760404 83.07957461476326 7.3884747773408881 706.95311637222767 64.098663702607155 23.215694308280945 178.24542528390884 79.806812673807144 25.728527858853344 28.724789515137672 13.72860775887966 14.73519830405712 4.9933244436979285 13.552350103855131 428.53405950963497 400.43110920488834 30.734355345368385 23.605881482362747 41.760783031582832
leaf_count=1042 113 271 3122 2076 2926 6219 2263 170 1040 43 894 39 334 30 2840 257 93 714 320 103 115 55 59 20 56 1769 1627 125 96 170
internal_value=3.43513e-07 -0.0220143 0.0221505 0.0378226 -0.0382569 -0.0111251 0.0108117 -0.0344916 0.0467779 -0.02777 0.00711372 0.00526185 0.0209814 -0.0214743 0.00374114 -0.00242526 -0.00811482 -0.000668214 0.00940059 -0.0235369 -0.0331495 0.00261739 -0.0492092 -0.0319577 -0.00544931 -0.0305585 -0.0189423 -0.0331093 -0.0219778 -0.0367235
internal_weight=7056.53 3539.09 3517.44 1476.57 1420.39 2118.7 2040.87 1183.85 720.635 493.837 1483.68 1261.22 111.249 569.992 1149.97 443.016 299.11 201.713 143.905 97.3975 74.1818 191.974 45.4571 30.7219 54.8427 438.995 503.921 103.489 72.7551 49.1493
internal_count=29001 14544 14457 6238 6006 8538 8219 4964 3116 2038 5956 5062 447 2319 4615 1775 1198 808 577 390 297 769 182 123 226 1812 2048 421 296 200
is_linear=0
shrinkage=0.05


Tree=11
num_leaves=31
num_cat=0
split_feature=112 112 112 112 112 112 112 18 17 36 25 32 68 13 112 28 41 86 35 100 14 24 56 103 80 111 100 101 8 56
split_gain=1249.61 310.292 165.067 60.3203 33.8215 27.7867 23.149 13.5889 12.8157 14.6908 17.5076 15.437 13.0009 12.6016 12.5765 12.5495 12.1982 11.7921 13.614 12.7161 11.0453 12.1514 13.6131 12.0653 11.1063 10.952 11.833 10.8713 12.9224 11.671
threshold=0.44189701324372249 0.66572713460326016 0.24745568754794386 0.78600606644910065 0.35105496887394844 0.56162013627326257 0.12064337469050919 2271.6792005254706 -2.2476362553952636 63.931384025825317 61.86843602632802 2177.5087765163858 -5.5891313130364315 -111.49999999999999 0.87972471606001834 2221.6220137061223 2389.2234413907204 2184.6992753201762 2237.7689188230811 -101.26058178729203 -124.49999999999999 2211.4267164966163 2290.3376659625001 18.613861429522789 2212.3508255233769 1.0000000180025095e-35 -124.850122948264 2193.2949358664223 26.500000000000004 2251.2339176635969
decision_type=2 2 2 2 2 2 2 2 2 2 2 2 2 2 2 2 2 2 2 2 2 2 2 2 2 2 2 2 2 2
left_child=2 5 6 -3 16 20 -1 -7 9 10 -6 -11 15 -9 -5 17 -4 18 -12 -20 21 24 25 -24 -2 26 -23 29 -29 -15
right_child=1 3 4 14 8 7 -8 13 -10 11 12 -13 -14 27 -16 -17 -18 -19 19 -21 -22 22 23 -25 -26 -27 -28 28 -30 -31
leaf_value=-0.055258729493446949 0.012257626732681241 0.025998751621314688 -0.02362212940435653 0.04034621333169558 -0.074622320982681636 0.018934223513927512 -0.037172392151736275 -0.019911669291569515 -0.019279817606561746 -0.053452089278102188 0.029703299870864466 0.010115638743793594 -0.018250359865300839 0.021151731556343978 0.054455075158397516 0.013200908305826235 0.033240090987585062 -0.017186085466991886 -0.017487077912843062 0.062812611905443613 -0.0034979273672893067 -0.021403288960076743 0.038658857122937748 -0.037601922860587264 0.06133855113774446 -0.017465398135228915 0.021618345999588687 0.012285745049932404 -0.03345374372492748 0.0065319942396808222
leaf_weight=232.32029645144939 204.48974417150021 1029.0858896374702 963.90511548519135 506.82606600224972 10.435867473483084 393.31364576518536 741.86341604590416 39.803089648485184 275.64680542051792 10.161043420433996 35.480539813637733 158.9701893478632 236.4613423794508 194.58675692975521 229.45731715857983 88.596404358744621 9.5248903036117536 154.45071415603161 51.336584344506264 5.4540057778358451 703.56430788338184 23.68829333782196 30.924480125308037 6.2316323071718207 12.21465429663658 107.98929159343243 49.137764856219292 30.269732490181923 31.523499310016632 457.38971184194088
leaf_count=1042 820 4250 3962 2181 42 1585 3169 161 1108 41 143 639 951 785 1040 357 39 623 207 22 2819 95 124 25 49 433 197 122 127 1843
internal_value=2.58856e-07 0.0180716 -0.0246074 0.0338165 -0.0163879 0.00590799 -0.0414856 0.0114007 -0.0100583 -0.00667522 -0.0104435 0.00629663 -0.00927213 0.00746879 0.0447431 -0.00294081 -0.0230657 -0.00873721 0.00540519 -0.00977533 0.000373514 0.00663981 -0.00169574 0.0258688 0.0150241 -0.00736003 0.0076246 0.00899565 -0.011048 0.0108954
internal_weight=7025.1 4050.5 2974.61 1765.37 2000.42 2285.13 974.184 1146.89 1026.99 751.347 582.215 169.131 571.78 753.573 736.283 335.318 973.43 246.722 92.2711 56.7906 1138.24 434.676 217.971 37.1561 216.704 180.815 72.8261 713.77 61.7932 651.976
internal_count=29001 16656 12345 7471 8134 9185 4211 4623 4133 3025 2345 680 2303 3038 3221 1352 4001 995 372 229 4562 1743 874 149 869 725 292 2877 249 2628
is_linear=0
shrinkage=0.05


Tree=12
num_leaves=31
num_cat=0
split_feature=112 112 112 112 112 112 112 76 33 89 112 39 89 57 39 64 30 81 93 33 53 97 85 17 80 3 73 96 80 89
split_gain=1134.13 213.977 213.147 37.8093 36.3857 28.2679 27.7633 14.455 14.0926 13.7982 13.5505 11.3046 11.4996 10.4164 10.5956 10.0885 10.278 12.2959 14.1897 11.6814 12.6349 12.4807 11.7049 10.0144 10.8849 11.9263 12.3359 16.8224 9.88102 9.73151
threshold=0.50070697654654295 0.72029411691576606 0.29782066938330759 0.64098604725106434 0.12064337469050919 0.83961082642904716 0.41299063021359456 -146.31885184319887 -75.003899642201517 2149.7580406408392 0.23063905319814962 226.94780025103526 2203.6808770804541 23.892125718796027 -28.947370310217362 1979.3760997763554 32.117215506851615 2223.0571606023086 2365.8050785479177 -59.433645217134192 2165.3240866962201 97.785576677695431 -89.579969733335687 -176.32043448886131 2167.5026127095721 22.500000000000004 -43.292053011067303 2082.6581143997523 2211.9125186651195 2221.2406242972379
decision_type=2 2 2 2 2 2 2 2 2 2 2 2 2 2 2 2 2 2 2 2 2 2 2 2 2 2 2 2 2 2
left_child=2 3 4 13 -1 29 7 -4 -7 -9 -6 -5 -13 14 -2 -8 19 -18 -19 -17 21 22 -21 24 25 -12 27 -27 -23 -3
right_child=1 5 6 11 10 8 15 9 -10 -11 23 12 -14 -15 -16 16 17 18 -20 20 -22 28 -24 -25 -26 26 -28 -29 -30 -31
leaf_value=-0.05351989130100087 0.011766140880671877 0.035942975200848583 0.0031810150199679736 0.021016904581475718 -0.03697277297139244 -0.01872374524282849 -0.06119637355283776 -0.060666607545858953 0.049233156184997545 -0.015849943755143477 -0.039621049013554697 0.029302193723327111 -0.04437066536497733 0.020523461990425537 0.0022189763351930856 -0.0058604214092157839 0.013715852341000737 -0.033746861002602366 0.0046510673751371029 -0.0010802910377350314 -0.0028377253640461831 0.0013616497592142639 0.049114990496779837 -0.02848918508810502 -0.028533316989057617 0.048150058427401859 0.080958795678530274 -0.058594546858296896 0.064198096576168262 0.024663203493989223
leaf_weight=227.98577484488487 420.34059582650661 512.75038479268551 101.22435046732426 761.05501157045364 593.4528623521328 7.7792173326015464 7.4611310064792624 17.443933397531509 394.92197780311108 1111.725697889924 7.912549868226054 8.7649855464696902 13.38576418161392 120.14310699701309 941.64774733781815 418.32279835641384 29.709018796682358 81.112555101513863 34.206574231386185 15.986391603946684 161.02632945775986 86.410569205880165 42.462637186050415 510.56918658316135 30.320640683174133 9.1057718098163622 8.1724326014518702 6.2067705243825921 6.7446426898241034 304.92658713459969
leaf_count=1042 1689 2172 412 3126 2572 34 30 71 1782 4514 33 36 55 486 3781 1678 119 325 137 64 645 346 170 2134 127 38 34 26 27 1296
internal_value=2.19388e-07 0.0201987 -0.0200724 0.0111061 -0.0352518 0.0370769 -0.0100641 -0.0149197 0.0479204 -0.0165423 -0.0316791 0.0199921 -0.0152185 0.00641039 0.00516545 -0.0033017 -0.00280859 -0.0149675 -0.0223571 -0.00039614 0.00691547 0.0172748 0.0353861 -0.0261896 -0.00716582 0.0134688 0.0313558 0.00488231 0.00591115 0.0317365
internal_weight=6993.28 3485.72 3507.56 2265.34 1393.73 1220.38 2113.84 1230.39 402.701 1129.17 1165.74 783.206 22.1507 1482.13 1361.99 883.443 875.982 145.028 115.319 730.953 312.631 151.604 58.449 572.287 61.7182 31.3975 23.485 15.3125 93.1552 817.677
internal_count=29001 14457 14544 9173 6006 5284 8538 4997 1816 4585 4964 3217 91 5956 5470 3541 3511 581 462 2930 1252 607 234 2392 258 131 98 64 373 3468
is_linear=0
shrinkage=0.05


Tree=13
num_leaves=31
num_cat=0
split_feature=112 112 112 112 112 112 112 89 112 17 36 25 32 68 28 112 41 25 41 52 39 48 18 47 104 74 103 22 58 7
split_gain=1029.74 261.419 142.757 54.4143 29.0211 23.3768 21.1996 12.7891 11.9169 11.4988 13.3024 15.9194 13.9796 11.878 11.4035 11.1492 11.3132 11.3158 11.063 10.8062 10.7551 11.6071 10.5336 10.2412 12.2319 13.1724 10.0561 9.9442 13.356 9.9118
threshold=0.44189701324372249 0.66572713460326016 0.24745568754794386 0.78600606644910065 0.35105496887394844 0.56162013627326257 0.12064337469050919 2215.9023287951882 0.87972471606001834 -2.2476362553952636 63.931384025825317 61.86843602632802 2177.5087765163858 -5.5891313130364315 2221.6220137061223 0.44781423143299459 2359.8265205533849 125.80283585675372 2389.2234413907204 2255.1401101882634 75.424865097438911 265.25725352801675 2203.1982821814945 2328.9191307517744 2218.0948535054072 2261.314729995473 -33.437800488445411 -26.212940698871986 2182.0039056095861 690.50000000000011
decision_type=2 2 2 2 2 2 2 2 2 2 2 2 2 2 2 2 2 2 2 2 2 2 2 2 2 2 2 2 2 2
left_child=2 5 6 20 18 15 -1 -7 -5 10 11 -6 -12 14 -13 19 17 23 27 -2 21 -3 -19 -17 -25 29 -23 28 -4 -26
right_child=1 3 4 8 9 7 -8 -9 -10 -11 12 13 -14 -15 -16 16 -18 22 -20 -21 -22 26 -24 24 25 -27 -28 -29 -30 -31
leaf_value=-0.051872022507354135 0.045136689842016277 0.031103614394079906 -0.027858955305546669 0.037331205842132099 -0.070830244004239748 0.014672132533063096 -0.034268802461134652 0.0038723853671262967 0.051291722079372083 -0.0177460707987342 -0.050509503013161067 -0.0077507953911426092 0.010174883522454853 -0.016863426747242585 0.013167958125138175 0.00055995959257482033 0.037140984076619268 0.0092306883629519124 0.032494898072300098 0.0037622408186336505 0.016031967373239267 -0.053892731555241949 0.07534489721315836 -0.016303623201775065 0.049019493089784795 -0.057799543785668109 0.018563329274802056 -0.022567904915012899 0.036366035546723248 0.00313318852740489
leaf_weight=223.57980494201183 26.211251869797707 506.42512096464634 15.538897573947905 495.85847441852093 10.353551790118216 689.72539754211903 727.74916100502014 454.93906006217003 220.98709885776043 275.0399325042963 10.092979356646536 246.217443972826 158.93349575996399 235.93375273048878 88.589525029063225 742.40331597626209 19.127932012081146 19.638182878494266 9.5412301421165449 39.660549759864807 318.18889866769314 4.912850856781005 8.6906767189502698 217.53272911906242 16.441530555486679 6.7166000902652732 189.54741679131985 924.15496703982353 16.897346615791321 41.40784952044487
leaf_count=1042 105 2116 64 2181 42 2787 3169 1836 1040 1108 41 995 639 951 357 2976 77 79 39 159 1326 20 35 872 66 27 788 3828 70 166
internal_value=1.10688e-07 0.0164566 -0.0224727 0.0310801 -0.0148607 0.00533489 -0.0384059 0.0103798 0.0416349 -0.0090009 -0.00579439 -0.00938545 0.00655127 -0.00827081 -0.00221572 0.00025964 -0.000967272 -0.00165963 -0.0210785 0.0202257 0.0236555 0.0271164 0.0295131 -0.00252159 -0.0106314 0.00847935 0.0167328 -0.0216128 0.00559843 0.0161747
internal_weight=6961.04 4018.41 2942.62 1735.92 1991.29 2282.5 951.329 1144.66 716.846 1025.16 750.121 581.094 169.026 570.741 334.807 1137.83 1071.96 1052.83 966.132 65.8718 1019.07 700.885 28.3289 1024.5 282.099 64.566 194.46 956.591 32.4362 57.8494
internal_count=29001 16656 12345 7471 8134 9185 4211 4623 3221 4133 3025 2345 680 2303 1352 4562 4298 4221 4001 264 4250 2924 114 4107 1131 259 808 3962 134 232
is_linear=0
shrinkage=0.05


Tree=14
num_leaves=31
num_cat=0
split_feature=112 112 112 112 112 112 112 33 43 67 65 27 36 60 63 69 53 83 72 56 93 73 20 77 58 47 95 23 41 95
split_gain=935.937 183.234 182.245 31.794 31.0929 28.0266 25.6688 13.2365 12.3283 11.1633 12.2865 11.8418 11.575 10.7601 10.5841 10.693 10.5546 10.2564 10.1529 10.0921 10.0605 9.89531 11.3761 10.0008 10.8587 9.75949 9.34287 13.314 9.93574 10.6915
threshold=0.50070697654654295 0.72029411691576606 0.27970588308423411 0.35932872345651307 0.64098604725106434 0.12064337469050919 0.83961082642904716 -75.003899642201517 2192.5483293009647 68.040163242022444 2270.1584694822795 -19.255095974173624 65.899631024511805 -22.267337172566609 123.73271006971562 2232.4491937747134 2104.9095048086847 2319.0835703900225 207.31291440148928 2208.9229941326898 2273.8091223845827 19.376639695594807 63.369889834450341 2436.8703147317924 2233.7660295442897 2359.1621806428539 2372.6356231020177 2204.3958146852888 2310.0105019077491 2382.9988421803087
decision_type=2 2 2 2 2 2 2 2 2 2 2 2 2 2 2 2 2 2 2 2 2 2 2 2 2 2 2 2 2 2
left_child=2 4 5 8 18 -1 -3 -8 9 -4 -11 12 -12 -5 26 20 -7 -15 19 -2 -16 -21 -23 24 -24 -20 -6 -28 29 -29
right_child=1 6 3 13 14 16 7 -9 -10 10 11 -13 -14 17 15 -17 -18 -19 25 21 -22 22 23 -25 -26 -27 27 28 -30 -31
leaf_value=-0.050304431146067599 0.067696619613130268 0.029172162083048465 -0.029629158120496386 -0.018321549983258519 0.024562069941170033 0.039153497511345552 -0.019985001893350073 0.046117133592334082 -0.021251768854506196 -0.019266989496757751 0.018639625351317159 -0.013922644383665845 0.093255770115019121 -0.0045667674008196043 -0.051379214694233892 0.044702636265223278 -0.030903483570319454 0.0610479586566057 0.010960000351973786 0.0073947953200293355 0.0069707613278647031 0.039501448523945056 -0.0039763776252546342 -0.052538009406951185 0.043285357366178598 0.0639892598707648 0.037916169529079322 -0.030371445675694317 -0.057960086854653939 0.01446051847356649
leaf_weight=219.13358694314957 6.4204832017421714 805.24680529534817 37.961554452776909 151.81188507378101 473.84007200598717 5.4062021374702445 7.7264723479747763 381.83784535527229 633.38154752552509 46.033132553100586 47.186142757534981 26.795901954174042 5.8408501595258704 1326.1381586790085 7.7189990878105155 18.180399760603905 969.35415518283844 5.9825463294982901 21.946980953216553 1049.2313352972269 171.85102322697639 15.880687311291693 350.10114048421383 10.199347317218779 12.590443119406698 14.348901897668837 27.771359413862228 17.692389756441116 7.2898785173892966 53.547444000840187
leaf_count=1042 26 3468 157 615 1959 23 34 1782 2618 190 195 110 24 5330 32 76 4216 24 89 4217 712 64 1410 41 51 58 114 73 30 221
internal_value=8.94031e-08 0.0184345 -0.0183197 -0.010036 0.0100577 -0.0341472 0.0342696 0.0448061 -0.0180896 -0.00586343 0.00130495 0.0131686 0.0268585 -0.0057094 0.0181516 0.00816205 -0.0305149 -0.00427209 0.00580563 0.00514932 0.00446253 0.00487006 -0.0019438 -0.00370888 -0.00233574 0.0319241 0.0215567 0.00816024 -0.00236269 0.00332651
internal_weight=6928.45 3453.42 3475.03 2281.13 2258.61 1193.89 1194.81 389.564 797.199 163.818 125.856 79.8229 53.027 1483.93 777.892 197.75 974.76 1332.12 1480.72 1444.42 179.57 1438 388.772 372.891 362.692 36.2959 580.141 106.301 78.5297 71.2398
internal_count=29001 14457 14544 9263 9173 5281 5284 1816 3294 676 519 329 219 5969 3217 820 4239 5354 5956 5809 744 5783 1566 1502 1461 147 2397 438 324 294
is_linear=0
shrinkage=0.05


Tree=15
num_leaves=31
num_cat=0
split_feature=112 112 112 112 112 112 112 80 41 39 43 14 44 32 48 81 103 23 95 17 57 51 91 45 69 96 10 42 90 45
split_gain=850.698 219.911 123.95 49.5134 23.5611 19.9744 19.4067 16.3442 14.518 11.7054 11.8185 11.4619 13.1403 26.8999 11.4064 11.3798 11.2458 12.7529 11.2225 11.588 13.2668 11.0064 10.4817 17.6906 10.3777 14.2691 12.6811 12.3079 11.085 10.3647
threshold=0.44189701324372249 0.66572713460326016 0.24745568754794386 0.76303976747609348 0.35105496887394844 0.58728371623039355 0.12064337469050919 2210.0276182917373 2180.0503263415212 152.90309811815567 2226.6547323817254 130.50000000000003 2192.4347521339473 2136.9944986137775 421.2766610367384 2287.4229948180496 -10.879568822944746 2203.5975118782339 2301.3366939917983 -3.3782040326866531 -24.561304168956664 175.01525369170852 -300.91033182581208 -232.28788324745571 2227.0773749279097 2109.8149992029639 184.00000000000003 25.239327800473351 2243.7570070755733 -186.62504258572673
decision_type=2 2 2 2 2 2 2 2 2 2 2 2 2 2 2 2 2 2 2 2 2 2 2 2 2 2 2 2 2 2
left_child=2 5 6 8 -4 11 -1 -5 -3 10 -10 -2 13 -13 18 -9 -15 -18 22 20 -20 -21 -6 -24 26 28 27 -7 -26 -22
right_child=1 3 4 7 14 24 -8 15 9 -11 -12 12 -14 16 -16 -17 17 -19 19 21 29 -23 23 -25 25 -27 -28 -29 -30 -31
leaf_value=-0.048807952753998712 0.0049238584873582984 0.0091240444949275586 -0.019123262407998914 0.029150628748966359 0.031633870284994467 0.026411587193042148 -0.031662496790284406 0.045123138282153148 0.027632239443850289 -0.04708599888448442 0.0092859507718035441 0.03980011092047514 -0.00094162581934626648 -0.070748941027348272 -0.079232483296590467 0.011708637350906438 0.031151640570495766 -0.033561283845860067 -0.022888046446356922 -0.016932856575578251 -0.0018733682478108721 0.048090071344051605 -0.051359062669810031 -0.012904887351949194 -0.02092484458531545 0.022499383104711099 0.0080641621240334586 -0.0023078819173871705 0.053276075827227334 0.019475937366390528
leaf_weight=214.67404626309872 859.1859745234251 220.74316802620888 958.17784182727337 358.68644313514233 9.3766019493341428 227.0058878660202 713.84929394721985 454.470006108284 534.28086650371552 5.7428045868873587 105.03978759050369 14.841853007674215 487.54895858466625 16.204572945833206 5.6227755695581427 26.993649542331696 8.976974353194235 50.113469704985619 67.386969476938248 224.80486376583576 488.73537766933441 6.7021236568689337 40.257195174694061 116.34645426273346 70.167667284607887 36.407940492033958 459.38596576452255 44.641651883721352 5.4223226755857459 64.332854077219963
leaf_count=1042 3448 925 4001 1602 38 923 3169 2105 2250 24 442 60 1955 65 23 123 36 201 274 907 1972 27 163 470 284 148 1862 181 22 259
internal_value=1.72093e-07 0.015006 -0.0205516 0.0285831 -0.0134885 0.00484685 -0.0356265 0.0372304 0.0201921 0.0239796 0.024618 0.00126208 -0.00418404 -0.0217222 -0.00821362 0.0432497 -0.0338493 -0.0237301 -0.00782134 -0.00550409 -0.00194211 -0.0150504 -0.0197155 -0.0227901 0.0109568 -0.00321623 0.0131282 0.0216919 -0.0156022 0.000609981
internal_weight=6896.13 3985.86 2910.27 1705.96 1981.74 2279.9 928.523 840.15 865.807 645.063 639.321 1436.87 577.686 90.1369 1023.57 481.464 75.295 59.0904 1017.94 851.962 620.455 231.507 165.98 156.604 843.031 111.998 731.034 271.648 75.59 553.068
internal_count=29001 16656 12345 7471 8134 9185 4211 3830 3641 2716 2692 5765 2317 362 4133 2228 302 237 4110 3439 2505 934 671 633 3420 454 2966 1104 306 2231
is_linear=0
shrinkage=0.05


Tree=16
num_leaves=31
num_cat=0
split_feature=112 112 112 112 112 112 80 63 18 89 99 64 58 49 52 76 97 58 79 41 76 27 39 49 13 23 72 40 67 39
split_gain=772.574 158.421 155.529 41.2886 26.0262 25.6755 15.4835 11.5311 13.2955 10.5197 12.238 11.7589 12.4791 11.5666 10.5822 14.6582 11.6738 10.7383 12.3339 10.3842 10.2685 10.8252 9.99338 11.0268 15.5388 10.4161 18.5034 16.2704 11.4214 9.92209
threshold=0.50070697654654295 0.76303976747609348 0.27970588308423411 0.64098604725106434 0.3708061679263972 0.12064337469050919 2210.0276182917373 128.77262604752971 2190.164422329231 2215.6685027591534 2172.4568312220977 2438.1926885227281 2224.3653686036591 2280.7462697493502 2265.6735593598855 86.280130266345864 185.83475888357069 2224.5876397760826 -32.116780358777525 2398.7177821751907 -19.490632495756469 -33.180435075593543 141.36332642794858 2308.7397885497412 -94.499999999999986 2225.7610520408575 86.193246710624237 2176.2338558319639 163.66029705639332 103.34307095730266
decision_type=2 2 2 2 2 2 2 2 2 2 2 2 2 2 2 2 2 2 2 2 2 2 2 2 2 2 2 2 2 2
left_child=2 3 5 -2 19 -1 -3 9 -9 -5 13 12 -12 -11 -15 17 -17 18 -16 20 -4 -22 25 24 -24 26 27 -10 -28 -13
right_child=1 6 4 7 -6 -7 -8 8 22 10 11 29 -14 14 15 16 -18 -19 -20 -21 21 -23 23 -25 -26 -27 28 -29 -30 -31
leaf_value=-0.04737471277037316 0.0052692629384452063 0.027961477227636696 -0.013338547882754959 0.026151953693573673 -0.0047380615954511242 -0.028078627182022031 0.041768500176377323 -0.05598485316257782 -0.095334628788967951 -0.039535264889907655 -0.0024963275704056606 0.02485382315906649 -0.059839569920575868 0.034160506989583471 0.018663696727950152 -0.0023756278379032237 -0.082129644994286058 0.050704990270381806 -0.065286298955156294 0.049128938812988653 0.0098883647754006657 -0.030305453049957506 -0.04571531898589519 -0.031356232667757188 0.046841461950188533 0.040762430568047965 0.032997336056445517 -0.00060852332841647644 0.00031935250642012265 -0.037392781641115098
leaf_weight=210.22432014346123 1479.2576580941677 355.33071100711823 712.86271864175797 458.86513358354568 1364.5111871510744 957.98041218519211 473.81405891478062 7.4706076979637137 4.7727065086364737 7.6866560578346244 35.809059351682663 46.250779286026955 12.907488480210302 108.27322940528393 55.934507369995117 28.445363029837608 5.4706701189279547 25.612157568335533 4.7464730590581885 6.1436533480882636 18.555898770689964 172.28252913057804 6.6524817347526577 26.116542413830757 14.243795081973074 34.919072866439819 93.235363960266113 90.314363613724709 37.491330608725548 7.4304540008306494
leaf_count=1042 5956 1602 2959 1926 5491 4239 2228 31 20 32 149 195 54 452 233 120 23 108 20 25 77 711 28 109 60 150 392 381 157 31
internal_value=2.45094e-07 0.0168279 -0.0167223 0.0107424 -0.00910564 -0.0315511 0.0358515 0.0180188 0.00992283 0.021219 0.0145334 9.66197e-05 -0.0176895 0.0207928 0.0228224 0.0126101 -0.01524 0.0235561 0.0120971 -0.0156558 -0.0160962 -0.0263973 0.0115228 -0.009696 0.0173753 0.0153487 0.0114188 -0.00536311 0.0236256 0.0162378
internal_weight=6863.61 3421.05 3442.56 2591.91 2274.36 1168.2 829.145 1112.65 315.216 797.432 338.567 102.398 48.7165 236.169 228.482 120.209 33.916 86.2931 60.681 909.845 903.701 190.838 307.746 47.0128 20.8963 260.733 225.814 95.0871 130.727 53.6812
internal_count=29001 14457 14544 10627 9263 5281 3830 4671 1328 3343 1417 429 203 988 956 504 143 361 253 3772 3747 788 1297 197 88 1100 950 401 549 226
is_linear=0
shrinkage=0.05


Tree=17
num_leaves=31
num_cat=0
split_feature=112 112 112 112 112 112 112 81 45 76 32 103 52 71 14 32 86 20 28 112 88 17 71 24 84 85 50 98 39 43
split_gain=703.723 189.154 108.894 36.8846 22.787 19.2908 14.7293 12.3161 12.1843 11.23 13.7016 12.0425 11.8151 12.3467 12.0447 11.6891 15.9612 11.4583 14.5864 11.1911 10.7496 10.3624 9.911 9.85151 12.9507 11.5341 10.468 11.7294 9.77068 9.58252
threshold=0.56162013627326257 0.3197874453340856 0.76303976747609348 0.20765610287085756 0.41299063021359456 0.64925838863437424 0.87972471606001834 2312.3544708356262 -271.26541181092779 -146.31885184319887 2260.4101910541663 -16.080877155565755 2258.5859961793462 65.600708251803425 -1378.4999999999998 2291.3491330252996 2201.3730972001572 65.471470932682351 2232.5988062550778 0.12064337469050919 51.982060539159882 2.2476362553952645 92.854466002265852 2231.1147056937061 2213.7822517682675 76.346858304473713 2077.6408400175465 2293.1504898588623 226.94780025103526 2215.9491295583844
decision_type=2 2 2 2 2 2 2 2 2 2 2 2 2 2 2 2 2 2 2 2 2 2 2 2 2 2 2 2 2 2
left_child=1 3 5 19 9 7 22 21 -5 -3 -11 23 -13 -14 -15 16 -16 18 -17 -1 -10 -2 -4 24 26 -26 -12 29 -7 -28
right_child=2 4 6 8 -6 28 -8 -9 20 10 11 12 13 14 15 17 -18 -19 -20 -21 -22 -23 -24 -25 25 -27 27 -29 -30 -31
leaf_value=-0.045997932710264422 0.016922799815932855 0.0078113846017445676 0.032356446084242201 -0.011419730473619204 -0.00093419382910807022 0.018531011081769525 0.046125330454432019 -0.068783550124852835 -0.025261334162291871 -0.020613663489511797 -0.054021724565087706 -0.012154911252187666 -0.018694536870156247 0.036253720735657365 0.055493268776947102 0.047975916611323215 0.0013994231329798128 -0.021313302626522191 -0.012867424528286143 -0.031847378620930782 0.022161247007526821 0.0051831978225085123 0.0070202743219967521 -0.06426804307037208 0.01443970765563988 -0.05341005088836015 -0.016819990028183008 -0.049136930937292531 -0.010325093584106798 0.031726765198822782
leaf_weight=205.80420054495335 254.73251232504845 75.878005608916283 571.75363102555275 254.46723227202892 1471.0335760265589 990.77401418983936 205.08183060586452 5.2151510566472998 626.76007306575775 318.26949197053909 25.619538486003876 214.11541056632996 47.778653845191002 34.953660294413567 21.65051257610321 17.431573837995529 36.84166656434536 56.860706597566605 22.650226518511772 435.14484022557735 12.182157024741171 717.23766162991524 41.393387332558632 11.41154210269451 43.1759013235569 7.3265095502138129 41.944818913936615 20.745037510991096 30.230307757854462 13.416026562452315
leaf_count=1042 1029 310 2605 1087 5904 4186 1040 21 2700 1302 105 876 195 143 88 71 150 232 92 1992 52 2902 185 47 177 30 172 85 126 55
internal_value=6.87904e-07 -0.0134388 0.0191618 -0.0272385 -0.00490479 0.0128704 0.0345258 0.00784872 -0.0206722 -0.0106874 -0.01219 -0.00783714 -0.00363176 0.00403067 0.00973364 0.00376989 0.0214219 -0.00688082 0.0135933 -0.036391 -0.0243572 0.0082599 0.030646 -0.0194604 -0.0161014 0.00459658 -0.0263771 -0.0170711 0.0176766 -0.00505528
internal_weight=6831.88 4015.46 2816.42 1534.36 2481.1 1998.19 818.229 977.185 893.409 1010.07 934.191 615.922 452.282 238.167 190.388 155.435 58.4922 96.9425 40.0818 640.949 638.942 971.97 613.147 163.639 152.228 50.5024 101.725 76.1059 1021 55.3608
internal_count=29001 16907 12094 6873 10034 8264 3830 3952 3839 4130 3820 2518 1847 971 776 633 238 395 163 3034 2752 3931 2790 671 624 207 417 312 4312 227
is_linear=0
shrinkage=0.05


Tree=18
num_leaves=31
num_cat=0
split_feature=112 112 112 112 112 112 112 112 39 105 57 14 87 44 32 106 17 102 8 48 79 59 68 97 41 92 88 100 94 36
split_gain=639.257 172.396 100.789 29.6591 24.7967 19.4827 15.5837 10.7059 10.641 10.5537 16.0048 10.4597 14.4716 12.5256 19.5611 11.4411 13.8985 11.8303 14.3003 10.3942 9.85783 11.7517 10.8314 11.437 9.74036 14.628 13.0724 10.6111 11.8407 10.5091
threshold=0.44189701324372249 0.6954452203206315 0.24066190544655405 0.78860361053821848 0.58728371623039355 0.35105496887394844 0.12064337469050919 0.87972471606001834 -224.95380211128995 2169.9440990123489 36.928774026223444 130.50000000000003 1993.6073071045053 2192.4347521339473 2136.9944986137775 -10.879568822944746 -21.160073846352358 2286.2271275844555 26.500000000000004 421.2766610367384 -17.823998842086436 2216.287826613378 -10.91875948825327 69.40702799266775 2213.1958653548468 1982.0907822207282 -35.849786180807762 -101.26058178729203 224.05527192983189 39.450170643794543
decision_type=2 2 2 2 2 2 2 2 2 2 2 2 2 2 2 2 2 2 2 2 2 2 2 2 2 2 2 2 2 2
left_child=2 4 6 -3 9 8 -1 -5 -4 -2 11 20 -13 14 -14 -16 -17 18 -18 -7 22 -22 23 -11 26 -26 -15 -28 -29 -30
right_child=1 3 5 7 -6 19 -8 -9 -10 10 -12 12 13 24 15 16 17 -19 -20 -21 21 -23 -24 -25 25 -27 27 28 29 -31
leaf_value=-0.044671752772175138 -0.039193075878008625 0.02046392954560099 0.012414177649474854 0.030882858330620849 0.010967248415553972 -0.0067032962336390917 -0.028718849626378846 0.044800207822607283 -0.017795005357082491 0.056308840960896757 0.062811197715164926 0.046617608678091449 0.038477171368964863 -0.047159542732182251 -0.070230155454193879 0.057518182276942165 0.01919857478205745 -0.07406864359423844 -0.041878915066470124 -0.07544591815639172 0.042401808407390613 -0.024734645130296606 0.0013000896699137843 0.011090957214337768 0.068283215067799649 0.0015903317217642755 0.0048644393582194566 0.019238312806050088 0.012864427698990209 -0.041601629279495324
leaf_weight=201.43052700161934 16.0867949873209 722.64561209082603 30.051458820700645 443.58230067789555 1134.5499161928892 1015.2937399148941 637.81256286799908 200.70285837352276 972.25551833212376 17.178912445902824 10.576562866568564 13.681213945150374 11.107919499278067 22.179590255022049 15.912994742393492 4.9817551225423804 16.213396817445755 11.72735959291458 23.43632635474205 5.5289001911878577 32.061360329389572 8.181449353694914 710.65160116553307 75.193200796842575 8.4760973006486875 274.01791483163834 93.041535571217537 14.711402192711828 10.974619850516317 45.883027940988541
leaf_count=1042 65 3122 124 2076 4653 4110 2926 1040 4120 69 43 55 45 89 64 20 65 47 94 23 129 33 2852 302 34 1099 373 59 44 184
internal_value=4.43274e-07 0.0130708 -0.0179804 0.0274182 0.00544218 -0.0119375 -0.0325478 0.0352183 -0.0168893 0.00107779 0.00153395 0.00107418 -0.00418141 -0.00543894 -0.0232967 -0.0327911 -0.0222202 -0.0299519 -0.0169034 -0.00707561 0.00460388 0.0287528 0.00339367 0.0195004 -0.00226608 0.00359142 -0.0111247 -0.0062694 -0.0207437 -0.0310886
internal_weight=6800.13 3937.76 2862.37 1366.93 2570.82 2023.13 839.243 644.285 1002.31 1436.28 1420.19 1409.61 566.345 552.664 83.3798 72.2718 56.3588 51.3771 39.6497 1020.82 843.267 40.2428 803.024 92.3721 469.284 282.494 186.79 164.611 71.569 56.8576
internal_count=29001 16656 12345 6238 10418 8377 3968 3116 4244 5765 5700 5657 2272 2217 335 290 226 206 159 4133 3385 162 3223 371 1882 1133 749 660 287 228
is_linear=0
shrinkage=0.05


Tree=19
num_leaves=31
num_cat=0
split_feature=112 112 112 112 112 112 80 76 89 81 81 55 58 56 33 23 42 45 29 29 17 57 34 71 103 40 100 50 87 67
split_gain=581.021 160.114 94.5812 27.5163 25.3573 16.2162 14.5592 12.2532 12.6725 11.1809 11.066 10.8628 9.56955 9.42072 11.511 15.2258 11.3533 12.0633 11.6945 11.1741 11.1942 11.3842 10.8907 11.681 10.9973 11.7901 10.5731 11.3903 10.1025 11.801
threshold=0.56162013627326257 0.29782066938330759 0.76303976747609348 0.1618292844690678 0.41299063021359456 0.64925838863437424 2210.0276182917373 -146.31885184319887 2149.7580406408392 2287.4229948180496 2312.3544708356262 2183.5309159697858 2237.4382472688262 2252.9477830224482 -67.241039085452243 2194.0300312612076 23.606664010781291 -275.93850665389044 2213.3477534181816 2175.4670796393893 -1.2027245489307459 8.3413667979834845 2191.7200029985788 67.399188059958007 -9.8770951073317956 2327.1905310362613 -107.8876726857893 2101.351398643616 2177.8137833909509 91.285044230773948
decision_type=2 2 2 2 2 2 2 2 2 2 2 2 2 2 2 2 2 2 2 2 2 2 2 2 2 2 2 2 2 2
left_child=1 3 5 -1 7 10 12 -3 -9 -8 13 -5 -4 14 -2 -16 28 -18 -19 -15 21 -21 -22 24 -24 26 -26 -28 29 -17
right_child=2 4 6 11 -6 -7 9 8 -10 -11 -12 -13 -14 19 15 16 17 18 -20 20 22 -23 23 -25 25 -27 27 -29 -30 -31
leaf_value=-0.038252569247726485 0.03652134592750788 0.0061161149442099253 0.025426261602865707 -0.020660471456796801 -0.00085907222370740503 0.016119614774715029 0.039905025042946123 -0.054919080312537782 -0.011466323132808641 0.0060018301599545614 -0.06544408169840267 -0.042456918863480221 -0.038950085730682545 0.048123185169825083 -0.055298059035025618 -0.01116695551242616 0.029327710596183915 -0.038446766041119802 0.026097712426492045 0.0061340882797163588 -0.010851377254902355 0.037938288085094453 0.060748108434725369 0.017715644954074954 0.016810854185325422 -0.051466601950046258 -0.035572874671942305 0.0038729057496232201 0.022565784883659935 0.030042958536167799
leaf_weight=367.01315121352673 47.888959646224976 100.28632009029388 338.36944630742073 871.23948594927788 1470.6078918129206 1012.8005439192057 426.67125797271729 17.039878785610199 1096.2462583482265 25.788138315081596 5.2305506467819205 61.176106452941895 5.8728931695222846 13.709535196423529 8.6154379993677122 56.4505904763937 14.988072842359541 30.106750160455704 9.1509099751710874 108.5684680044651 183.29770694673061 37.979550674557686 6.2060682624578467 106.48224337399006 44.96167154610157 13.591526538133619 33.36970978975296 40.52731691300869 189.3042749017477 25.09490655362606
leaf_count=1856 194 412 1574 3877 5904 4312 2105 71 4514 123 21 273 28 56 35 229 61 122 37 439 741 154 25 431 182 55 135 164 769 102
internal_value=4.37457e-07 -0.0122483 0.0175206 -0.0266554 -0.00527376 0.011688 0.032077 -0.0106235 -0.0121314 0.0379727 0.00708713 -0.0220905 0.024328 0.00747813 0.0135974 0.0103077 0.0120464 -0.00883246 -0.0234015 0.00351151 0.00244782 0.0143765 -0.00163242 0.00526088 -0.00430386 -0.00735192 -0.00230739 -0.0139396 0.016228 0.00151503
internal_weight=6768.64 3983.61 2785.03 1299.43 2684.18 1988.32 796.702 1213.57 1113.29 452.459 975.524 932.416 344.242 970.294 381.6 333.711 325.096 54.2457 39.2577 588.694 574.984 146.548 428.436 245.139 138.656 132.45 118.859 73.897 270.85 81.5455
internal_count=29001 16907 12094 6006 10901 8264 3830 4997 4585 2228 3952 4150 1602 3931 1549 1355 1320 220 159 2382 2326 593 1733 992 561 536 481 299 1100 331
is_linear=0
shrinkage=0.05


Tree=20
num_leaves=31
num_cat=0
split_feature=112 112 112 112 112 112 112 63 54 83 59 38 89 99 7 79 49 52 85 100 41 72 15 100 15 47 84 59 43 21
split_gain=527.568 116.649 115.624 28.4191 26.3199 15.9871 13.8416 10.7803 12.7849 13.3551 10.6193 10.6016 9.77659 11.2702 12.7522 11.6856 10.5143 9.83899 13.798 16.3451 9.5353 9.39358 11.3934 12.8658 10.6408 11.9835 13.5568 10.9713 10.9808 10.7151
threshold=0.50070697654654295 0.76303976747609348 0.24745568754794386 0.64098604725106434 0.35105496887394844 0.12064337469050919 0.87972471606001834 128.77262604752971 -144.28030951130174 2231.7768543103871 2194.8292632076523 2129.2146392182372 2215.6685027591534 2172.4568312220977 3286.5000000000005 -19.328741654036772 2280.7462697493502 2265.6735593598855 95.788293427744762 -68.144971927231822 2389.2234413907204 154.34548245154093 3.5000000000000004 -88.651227486663615 9.5000000000000018 2319.8126492015258 2187.4189848801002 2201.3225449966258 2202.14897741705 118.9035219160349
decision_type=2 2 2 2 2 2 2 2 2 2 2 2 2 2 2 2 2 2 2 2 2 2 2 2 2 2 2 2 2 2
left_child=2 3 5 -2 20 -1 -3 12 -9 10 -10 -7 -5 16 -15 -16 -14 -18 19 -19 -4 24 -23 -24 29 26 -26 28 -27 -6
right_child=1 6 4 7 21 11 -8 8 9 -11 -12 -13 13 14 15 -17 17 18 -20 -21 -22 22 23 -25 25 27 -28 -29 -30 -31
leaf_value=-0.04229824640165826 0.004356874023156535 0.027108313656655315 -0.015613053563046986 0.022906748161418918 -0.0031451616896293814 0.096720182874427518 0.042525216405806497 -0.039886986109703183 0.004415224897519345 0.012666746286143359 -0.058220098290334935 -0.026322695057926705 -0.03986194280306081 -0.016397209512765434 0.0056812566147704585 0.071990846118709304 0.030687922896928756 0.024442357348209768 -0.02068593338170667 -0.06887430464277991 0.034844853228959735 -0.049164277337076491 -0.028965677492117765 0.041120086257007277 0.035061774683935933 0.059950573362635678 -0.026052829651263626 -0.049510523467425432 -0.040609245887462488 0.046111818946293938
leaf_weight=193.38159808516502 1476.3099670112133 593.27649764716625 929.85368230938911 451.0787665694952 1416.451732262969 1.7551834285259236 192.93755090236664 13.831187546253203 14.898227021098139 269.54697123169899 12.39870625734329 678.07214902341366 7.6762635707855216 62.087897464632988 30.69365581870079 8.4796943664550763 106.34291224181652 85.225047782063484 28.350177392363548 4.9659958630800238 9.4582539051771146 25.640759065747261 17.726247966289524 10.383950963616369 16.14630788564682 5.190521299839018 20.717108622193336 38.451464906334877 5.6913990527391434 11.127539649605749
leaf_count=1042 5956 2790 3962 1926 5720 8 1040 58 63 1155 52 3161 32 261 131 37 452 363 120 21 39 104 72 42 65 21 84 156 23 45
internal_value=6.65512e-07 0.014037 -0.0139445 0.00888462 -0.0084866 -0.0296133 0.0308916 0.0149858 0.00710235 0.00929178 -0.0240347 -0.026005 0.0181062 0.0116195 -0.00230324 0.020035 0.0176817 0.019646 0.00974025 0.0193043 -0.015105 -0.00452066 -0.0250614 -0.00307589 -0.0037913 -0.0208514 0.000715585 -0.0369669 0.00735636 -0.00276122
internal_weight=6738.15 3358.1 3380.05 2571.89 2506.84 873.209 786.214 1095.58 310.675 296.844 27.2969 679.827 784.9 333.822 101.261 39.1734 232.56 224.884 118.541 90.191 939.312 1567.53 53.751 28.1102 1513.78 86.1968 36.8634 49.3334 10.8819 1427.58
internal_count=29001 14457 14544 10627 10333 4211 3830 4671 1328 1270 115 3169 3343 1417 429 168 988 956 504 384 4001 6332 218 114 6114 349 149 200 44 5765
is_linear=0
shrinkage=0.05


Tree=21
num_leaves=31
num_cat=0
split_feature=112 112 112 112 112 112 112 33 57 83 14 44 70 7 84 56 19 98 34 36 96 35 86 86 37 105 41 74 7 90
split_gain=480.411 134.776 81.5548 25.9013 18.4608 14.5977 14.1121 12.7691 9.9196 11.4024 10.5517 12.8634 14.2085 13.0784 10.9885 10.3057 9.71245 11.3576 11.5844 11.1124 12.933 11.3408 12.3782 11.4771 14.3569 10.5104 9.68772 18.8089 9.61758 11.794
threshold=0.44189701324372249 0.6954452203206315 0.24066190544655405 0.83961082642904716 0.58728371623039355 0.35105496887394844 0.12064337469050919 -75.003899642201517 23.892125718796027 2276.0681451450814 130.50000000000003 2192.7604384340216 2202.0683058140216 926.50000000000011 2108.1373320123589 2224.1665036766158 2292.1122206927448 2269.7415596419019 2221.1069865345921 72.254479885208653 1967.6216743208881 2207.2058921034372 2284.0728607033247 2235.7945706370215 2247.9620821287758 2220.1453001899995 2356.6458812598607 2205.4954761029071 730.50000000000011 2223.4411670108138
decision_type=2 2 2 2 2 2 2 2 2 2 2 2 2 2 2 2 2 2 2 2 2 2 2 2 2 2 2 2 2 2
left_child=2 4 6 16 8 26 -1 -5 10 -10 14 12 13 -12 -2 -16 17 -3 19 20 -19 22 23 24 -21 -20 -4 -28 29 -8
right_child=1 3 5 7 -6 -7 28 -9 9 -11 11 -13 -14 -15 15 -17 -18 18 25 21 -22 -23 -24 -25 -26 -27 27 -29 -30 -31
leaf_value=-0.041091814012801181 -0.065604979005490477 0.024693777629583795 -0.015544032382758109 -0.029269011626029032 0.0094745371084985017 -0.0061283122411585778 -0.025634021853738777 0.037471680461715028 0.024293223124275426 -0.034202565109791347 0.028787149081507465 -0.0023233808160293529 -0.039511111469136967 -0.044713173155703362 0.031289520946012374 0.0027922447020658353 0.027784334728507998 -0.06067766803136572 -0.000642548313592863 -0.058195318557634906 0.0046468165891144567 0.022258557626706997 0.034477411790772121 -0.083865601333227749 0.038912651380702427 -0.068799487737648643 0.096752377455796679 -0.0052042606848252864 -0.032358792243514088 -0.0048563587818065586
leaf_weight=189.21333102881908 5.7178784012794486 278.91033901274204 959.19269208610058 7.3212505877017966 1128.3821372389793 1018.5338753461838 244.56464827060699 339.43301802873611 73.774155601859093 9.3912695199251157 18.613773405551914 454.74714522063732 51.96994386613369 8.9682874381542188 33.072275742888451 779.08690424263477 293.15058824419975 8.3487143069505674 21.00099174678326 7.1044531166553524 81.950496286153793 256.40054215490818 11.042689919471739 6.8946099430322638 8.1985069215297681 7.7414472848176947 5.4946663975715664 25.592424735426903 279.34202189743519 94.761687412858009
leaf_count=1042 23 1246 4112 34 4653 4133 1151 1782 299 38 75 1824 209 36 133 3128 1332 37 98 32 364 1159 50 31 37 36 23 109 1326 449
internal_value=8.27434e-07 0.0113852 -0.0157265 0.0243168 0.00468923 -0.0103311 -0.0291425 0.0360625 0.000927304 0.0176877 -0.000103543 -0.00556824 -0.024117 0.00488857 0.00346641 0.00395269 0.0201639 0.016915 0.0116064 0.0139217 -0.00139283 0.0186962 -0.00878205 -0.0303025 -0.00617007 -0.0189998 -0.0146537 0.0128167 -0.0254879 -0.0198316
internal_weight=6707.92 3891.22 2816.7 1327.5 2563.72 2008.81 807.882 346.754 1435.34 83.1654 1352.18 534.299 79.552 27.5821 817.877 812.159 980.743 687.593 408.682 379.94 90.2992 289.641 33.2403 22.1976 15.303 28.7424 990.28 31.0871 618.668 339.326
internal_count=29001 16656 12345 6238 10418 8377 3968 1816 5765 337 5428 2144 320 111 3284 3261 4422 3090 1844 1710 401 1309 150 100 69 134 4244 132 2926 1600
is_linear=0
shrinkage=0.05


Tree=22
num_leaves=31
num_cat=0
split_feature=112 112 112 112 112 80 112 39 18 13 76 89 42 9 53 81 104 76 101 93 55 13 59 78 34 3 22 46 69 89
split_gain=436.721 124.884 76.865 24.0316 18.9266 13.6099 12.2489 12.4631 11.1776 11.5247 11.1547 11.5743 10.8811 13.18 11.7371 10.6963 10.3546 15.2148 11.4868 10.6338 10.301 9.88642 9.57814 14.9997 12.9414 9.41456 9.40981 9.59663 11.4833 9.36313
threshold=0.56162013627326257 0.29782066938330759 0.76303976747609348 0.1618292844690678 0.41299063021359456 2210.0276182917373 0.66572713460326016 75.424865097438911 2271.6792005254706 -111.49999999999999 -146.31885184319887 2149.7580406408392 32.452691301950615 1.0000000180025095e-35 2171.8552896143287 2287.4229948180496 2213.6542219858297 155.71171998480284 2147.8395642910214 2288.3782132174861 2183.5309159697858 -143.49999999999997 2177.4178077428451 2101.0530666894178 2186.7166257473982 26.500000000000004 -26.212940698871986 1976.8254922459548 2189.9062870433822 2216.8448139136094
decision_type=2 2 2 2 2 2 2 2 2 2 2 2 2 2 2 2 2 2 2 2 2 2 2 2 2 2 2 2 2 2
left_child=1 3 6 -1 10 -4 8 12 16 -10 -3 -12 22 -14 -15 -7 17 19 -19 -2 -5 -9 -8 24 -24 -17 -13 28 -28 -11
right_child=2 4 5 20 -6 15 7 21 9 29 11 26 13 14 -16 25 -18 18 -20 -21 -22 -23 23 -25 -26 -27 27 -29 -30 -31
leaf_value=-0.034798209026485248 0.040731338017515877 0.0068001599050494582 0.021187405066294476 -0.017965747016863549 -0.00074162590507040262 0.036575728260643009 0.065690751120371246 -0.027336587589678597 -0.023166228910597501 0.0095434314608128738 -0.051875600541699964 0.043349968873411332 -0.05808068101288736 0.0177528346156492 -0.052386236554739729 -0.037128860865109949 0.026257376917321457 -0.077031271742677793 -0.001051586148548118 0.0080651086299561563 -0.039488808933643253 0.0084665913644797614 0.0093195778129910017 0.021745238338429385 -0.07487675869406861 0.026337637038326228 0.032470972037632093 -0.0095654515485756181 -0.049162820335261405 -0.0021088703264121752
leaf_weight=348.72496998310089 28.003721743822098 100.01455387473106 334.08982352912426 853.38093568384647 1469.8753328472376 407.33436754345894 11.757895171642302 20.98120005428791 39.437326550483704 406.97596122324467 16.756454601883888 8.2023534029722196 8.7654034644365293 44.180044427514076 6.895528480410575 9.252603694796564 114.10051487386227 8.6309134513139742 11.741811990737913 225.75611391663551 59.465832278132439 237.97896002233028 11.79360067844391 489.94588904082775 7.4449034929275504 15.857573881745337 5.0790346264839163 1048.5247532278299 28.374868258833885 299.10452096164227
leaf_count=1856 115 412 1602 3877 5904 2105 51 90 161 1661 71 34 38 191 30 45 467 35 48 920 273 1024 50 2135 32 78 21 4341 118 1216
internal_value=1.02031e-06 -0.0106638 0.0153301 -0.0236331 -0.00455141 0.0287673 0.0101109 0.014688 0.00672081 0.00313817 -0.00919112 -0.010636 0.0187554 -0.00143732 0.00828361 0.0346233 0.0136005 0.00833239 -0.0332404 0.01167 -0.0193678 0.00556578 0.021075 0.0200447 -0.0232627 0.00295149 -0.0100021 -0.0104066 -0.036769 0.00460737
internal_weight=6678.43 3938.4 2740.03 1261.57 2676.83 766.534 1973.49 839.743 1133.75 745.518 1206.95 1106.94 580.783 59.841 51.0756 432.445 388.233 274.133 20.3727 253.76 912.847 258.96 520.942 509.184 19.2385 25.1102 1090.18 1081.98 33.4539 706.08
internal_count=29001 16907 12094 6006 10901 3830 8264 3641 4623 3038 4997 4585 2527 259 221 2228 1585 1118 83 1035 4150 1114 2268 2217 82 123 4514 4480 139 2877
is_linear=0
shrinkage=0.05


Tree=23
num_leaves=31
num_cat=0
split_feature=112 112 112 112 112 112 112 39 67 89 100 3 80 48 112 52 48 95 17 57 26 12 35 51 73 46 42 21 48 71
split_gain=396.236 114.968 71.1006 20.4473 20.197 12.8435 12.7129 10.6452 10.5499 10.104 13.689 10.9809 11.3934 10.135 9.74327 9.69164 9.53435 9.76876 10.3714 12.1798 11.5548 10.3677 11.447 10.035 9.7243 11.335 11.4278 10.6476 15.0579 10.3625
threshold=0.44189701324372249 0.72029411691576606 0.23791322500126641 0.58728371623039355 0.87972471606001834 0.35105496887394844 0.12064337469050919 -224.95380211128995 113.95967036932338 2221.2406242972379 -162.8665313343856 27.500000000000004 2173.7430191761991 285.82794826173159 0.44781423143299459 2255.1401101882634 421.2766610367384 2301.3366939917983 -3.3782040326866531 -24.561304168956664 63.003840624551216 517.50000000000011 2216.6565143362973 175.01525369170852 -17.737467065710003 2091.9708143997941 -30.412927544852433 64.545529482473754 182.95240371248499 82.683922288043945
decision_type=2 2 2 2 2 2 2 2 2 2 2 2 2 2 2 2 2 2 2 2 2 2 2 2 2 2 2 2 2 2
left_child=2 3 6 14 9 7 -1 -4 -8 -3 -11 12 13 -12 15 -2 17 21 19 20 -19 22 -7 -20 -21 -26 -27 28 -28 -29
right_child=1 4 5 -5 -6 16 8 -9 -10 10 11 -13 -14 -15 -16 -17 -18 18 23 24 -22 -23 -24 -25 25 26 27 29 -30 -31
leaf_value=-0.03892589778435785 0.043200142973341009 0.02533030838817775 0.015299616547085155 0.0094146444469935496 0.039371871961006472 0.079383715813868216 -0.025073753127876814 -0.014380819740664134 0.011078302516826321 -0.044170424528850671 0.016417321863550712 0.0054890768018391262 0.027498481193763993 -0.059076740741721083 -7.490977280156624e-05 0.004016068740622796 -0.07176800442578686 -0.052479378818309365 -0.013855421629398835 0.011202392036070801 -0.0065406570258116073 -0.020373486704814911 -0.0096152329075311002 0.048281566748225486 -0.0096173900683462765 0.060165243699395458 -0.013914759448129877 -0.014328004292802246 0.042853820651924911 0.053594887701951338
leaf_weight=181.66434858739376 26.216092437505722 551.82631197571754 31.173423603177071 1342.0731029957533 181.90300861001015 5.6379974335432044 559.47828815877438 977.6396919041872 20.935072988271713 9.6739265173673612 11.167196407914163 141.61046016216278 181.53269013762474 7.3860889673233023 1368.9453652501106 39.642906844615936 5.3991533815860739 19.228967592120171 223.20920476317406 213.09689237177372 47.503101855516434 148.81147411465645 10.05895312130451 6.6924832910299292 209.12129625678062 10.154216036200522 18.337871879339218 61.308027043938637 32.179624557495117 6.1814434528350821
leaf_count=1042 105 2585 130 5607 1040 23 2708 4234 98 44 51 670 861 33 5501 159 23 79 907 865 195 607 41 27 848 41 74 248 130 25
internal_value=1.32102e-06 0.0103711 -0.014364 0.00497838 0.0241717 -0.00946644 -0.0273827 -0.0134637 -0.0237698 0.0211104 0.0144829 0.0161435 0.0236841 -0.013637 0.000828824 0.0196138 -0.00550108 -0.00514737 -0.0029819 0.000395105 -0.019778 -0.0162968 0.0223512 -0.0120466 0.00284104 -0.00244171 0.00926689 0.00488721 0.0222468 -0.00810686
internal_weight=6649.79 3861.98 2787.81 2776.88 1085.1 2025.73 762.078 1008.81 580.413 903.197 351.37 341.696 200.086 18.5533 1434.8 65.859 1016.92 1011.52 847.013 617.111 66.7321 164.508 15.697 229.902 550.379 337.282 128.161 118.007 50.5175 67.4895
internal_count=29001 16656 12345 11372 5284 8497 3848 4364 2806 4244 1659 1615 945 84 5765 264 4133 4110 3439 2505 274 671 64 934 2231 1366 518 477 204 273
is_linear=0
shrinkage=0.05


Tree=24
num_leaves=31
num_cat=0
split_feature=112 112 112 112 112 112 80 81 42 33 27 3 63 18 38 93 72 83 77 103 94 57 41 20 13 52 17 88 88 46
split_gain=360.468 87.4832 85.0627 19.535 17.7229 13.7776 12.8194 10.0455 9.98627 12.2451 10.0255 10.249 9.71268 11.5135 9.47303 9.31796 9.22696 10.3656 9.21149 13.8995 11.1659 15.3512 13.0653 12.7003 12.2167 10.0598 9.8372 9.7577 9.13807 13.6038
threshold=0.50070697654654295 0.76303976747609348 0.24745568754794386 0.64098604725106434 0.35932872345651307 0.12064337469050919 2210.0276182917373 2287.4229948180496 -45.983430056411173 -144.31536463604104 -23.158654732335886 24.500000000000004 128.77262604752971 2190.164422329231 2129.2146392182372 2259.3958915244871 154.34548245154093 2319.0835703900225 2341.9245036740735 43.829677840874872 285.49343008283341 8.3413667979834845 2310.0105019077491 64.71583713611507 -89.499999999999986 2271.0385740021097 44.988294068418789 0.47526552812246342 19.354507752766271 2083.1130938275573
decision_type=2 2 2 2 2 2 2 2 2 2 2 2 2 2 2 2 2 2 2 2 2 2 2 2 2 2 2 2 2 2
left_child=2 3 5 -2 8 -1 -3 -8 10 -10 11 -4 18 -14 -7 -15 17 -6 25 20 -20 22 23 -22 -23 -5 -25 -28 29 -27
right_child=1 6 4 12 16 14 7 -9 9 -11 -12 -13 13 15 -16 -17 -18 -19 19 -21 21 24 -24 26 -26 28 27 -29 -30 -31
leaf_value=-0.037810922569014076 0.0035559693075741627 0.019340815256492987 -0.0057905644500178041 0.024743423323468943 -0.0030520454038775366 0.092999553061604928 0.03447407054487641 0.0016757613733364295 0.050335521166760301 -0.013556081837231613 -0.03379824542964973 0.054598377263733483 -0.056535517859607955 -0.047662962187702461 -0.022428200502222054 0.007850305745810587 -0.024395425398849108 0.059228109079488181 0.015932686569303755 -0.07560632969920221 -0.073062697061147583 -0.057289049421611227 0.042062438672026366 -0.069511698299677294 0.025351026459539579 -0.016740944020877797 0.055559444524876517 -0.036761300156696618 -0.011111809744231434 0.024655398481224403
leaf_weight=177.77041520178318 1473.4796068221331 327.97714948654175 12.668289437890055 321.28973415493965 1418.7371522039175 1.782351180911063 394.85072658956051 24.812743693590164 7.5577296912670127 968.53960530459881 8.6394411176443082 15.775050491094587 7.4453150331974021 7.7603089660406104 652.4689590036869 291.47500775754452 51.03831247985363 6.7125051766633979 203.83332432806492 4.8512190431356421 15.925929725170134 5.11030089855194 5.5129345208406439 4.9521271884441402 35.809198662638664 24.875791504979134 6.4619039148092252 5.1377591341733932 40.439825713634491 98.15447399020195
leaf_count=1042 5956 1602 54 1387 5734 8 2105 123 32 4174 37 67 31 33 3161 1264 208 27 888 21 68 22 24 21 156 107 28 22 173 426
internal_value=1.16826e-06 0.011705 -0.0116267 0.00729913 -0.00700126 -0.0254676 0.0267469 0.0325349 -0.0120938 -0.0130614 0.0133738 0.0277019 0.0124106 0.00488249 -0.0221137 0.00641064 -0.00350669 -0.00275877 0.0153998 0.00831058 0.0097504 -0.0062191 -0.0291068 -0.0411874 0.0150304 0.0196057 -0.0105174 0.0146685 0.00950776 0.0162854
internal_weight=6621.85 3300.16 3321.69 2552.51 2489.67 832.022 747.641 419.663 1013.18 976.097 37.0828 28.4433 1079.04 306.681 654.251 299.235 1476.49 1425.45 772.355 287.595 282.743 78.9102 37.9907 32.4777 40.9195 484.76 16.5518 11.5997 163.47 123.03
internal_count=29001 14457 14544 10627 10333 4211 3830 2228 4364 4206 158 121 4671 1328 3169 1297 5969 5761 3343 1250 1229 341 163 139 178 2093 71 50 706 533
is_linear=0
shrinkage=0.05


Tree=25
num_leaves=31
num_cat=0
split_feature=112 112 112 112 112 112 3 63 36 103 81 47 3 79 38 88 112 41 33 18 12 55 101 8 42 52 56 89 57 36
split_gain=328.142 97.4402 61.883 17.661 17.564 12.4725 12.2133 13.8201 12.1051 10.5369 11.0112 10.9094 10.1389 9.92934 9.96089 9.74868 9.52831 11.5314 10.2713 10.2278 10.6088 13.1786 10.9075 11.4777 9.88445 12.0283 11.4485 13.009 12.7969 14.9464
threshold=0.56162013627326257 0.27970588308423411 0.76303976747609348 0.41299063021359456 0.12064337469050919 0.87972471606001834 26.500000000000004 -75.552518008944602 58.897208645128565 -5.8074381459030056 2250.7770613166472 2298.6597075307159 18.500000000000004 -143.84454540918179 2178.9341515649148 -104.66826982867245 0.66572713460326016 2180.0503263415212 -98.377497179582164 2271.6792005254706 603.50000000000011 2148.4627634490812 2193.2949358664223 26.500000000000004 23.606664010781291 2293.8251364911671 2252.385722048637 2217.2338510385493 7.7205992503347725 58.897208645128565
decision_type=2 2 2 2 2 2 2 2 2 2 2 2 2 2 2 2 2 2 2 2 2 2 2 2 2 2 2 2 2 2
left_child=1 4 16 6 -1 -4 7 8 12 10 11 -10 -3 14 -8 -6 19 -18 -19 -2 21 -21 24 -24 26 -26 27 -22 29 -28
right_child=2 3 5 -5 15 -7 13 -9 9 -11 -12 -13 -14 -15 -16 -17 17 18 -20 20 22 -23 23 -25 25 -27 28 -29 -30 -31
leaf_value=-0.036723159956251646 0.012366141548306992 0.065456359248459592 0.022119439480839914 -0.00063563993327756885 0.05130465293174355 0.037402073375475707 -0.020069071015095113 -0.010695903654783064 -0.078766282001707946 0.041960630255937333 0.022350230687504372 0.0029214942571945163 -0.0037367168405810277 -0.01382720365535756 0.05873432906318754 -0.019738598547452843 0.0028158281123878866 -0.035138907655191745 0.017107362069932238 0.023664576864157919 0.03257561933356555 -0.017335253451778686 0.0073520693434992752 -0.037408986552448925 -0.016135492192334532 0.034521331056574699 0.017991126733178191 0.00047383661411287079 0.015380126585505825 -0.014634385159963771
leaf_weight=173.98178461194038 386.66755451261997 5.4255083054304114 563.2967205196619 1469.3599974066019 4.8553531169891349 174.97483472526073 6.9383205175399807 323.33090332150459 6.2993892729282406 33.395059943199158 35.271286070346832 11.638766735792158 218.82418896257877 714.02356450259686 9.5014469623565656 883.3992093205452 213.62880809605122 9.5552570968866331 606.49998688697815 23.705319851636887 95.952190652489662 113.1584702283144 27.956189930438995 29.365179941058159 73.570012167096138 13.938589617609976 50.561214596033096 47.026553526520729 153.65910077095032 114.83253334462643
leaf_count=1042 1585 23 2790 5904 23 1040 29 1350 26 139 147 48 922 2998 40 4216 925 41 2675 97 395 463 114 119 299 57 205 192 630 467
internal_value=1.4268e-06 -0.00928039 0.0134038 -0.00443949 -0.0221957 0.0257415 -0.00853522 -0.00345868 0.00406902 0.0199461 0.00612945 -0.025765 -0.00206266 -0.0129427 0.0254758 -0.0193503 0.00875673 0.0128258 0.016297 0.00577009 0.00234076 -0.0102339 0.00517669 -0.0155786 0.00734163 -0.00806675 0.01026 0.0220172 0.00499117 -0.0046607
internal_weight=6594.59 3896.24 2698.35 2834.01 1062.24 738.272 1364.65 634.185 310.854 86.6045 53.2094 17.9382 224.25 730.463 16.4398 888.255 1960.08 829.684 616.055 1130.39 743.725 136.864 606.862 57.3214 549.54 87.5086 462.032 142.979 319.053 165.394
internal_count=29001 16907 12094 11626 5281 3830 5722 2655 1305 360 221 74 945 3067 69 4239 8264 3641 2716 4623 3038 560 2478 233 2245 356 1889 587 1302 672
is_linear=0
shrinkage=0.05


Tree=26
num_leaves=31
num_cat=0
split_feature=112 112 112 112 75 105 112 47 91 85 80 23 5 40 59 44 29 81 36 29 36 85 57 48 48 88 70 52 14 65
split_gain=297.589 89.8829 57.3592 23.6284 12.5501 14.5594 16.461 13.6316 14.5479 13.0042 12.1213 11.2643 10.4797 9.60965 9.79348 10.0222 10.5909 9.52268 9.34812 9.21585 12.5766 10.9765 10.8316 12.4109 17.1065 10.784 11.056 10.4151 10.2864 9.19599
threshold=0.56162013627326257 0.3197874453340856 0.76303976747609348 0.1618292844690678 2250.8636797510458 2220.1453001899995 0.39231285141046029 2312.5704735284812 -253.01524688654851 87.333857958986314 2210.0276182917373 2196.7433326266914 173.50000000000003 2226.2492693199115 2220.364163840271 2195.392858026325 2226.607321104832 2287.4229948180496 77.846684908470721 2251.8248431215738 61.582612388227297 76.346858304473713 -16.930103284631965 230.80457033372639 186.85361590187861 -17.577689511835839 2226.3675666131908 2300.8361094485895 -1524.4999999999998 2272.2811467494889
decision_type=2 2 2 2 2 2 2 2 2 2 2 2 2 2 2 2 2 2 2 2 2 2 2 2 2 2 2 2 2 2
left_child=1 3 -2 18 5 -3 11 8 29 -10 -4 -7 -5 -9 -15 -16 -17 -12 -1 22 21 -21 -6 24 -24 26 -26 28 -22 -8
right_child=2 4 10 12 19 6 7 13 9 -11 17 -13 -14 14 15 16 -18 -19 -20 20 27 -23 23 -25 25 -27 -28 -29 -30 -31
leaf_value=-0.031909623244449445 0.0083388975054189875 -0.0025096999337681858 0.017519998435111303 0.0084253891965367419 0.035414601054557522 0.013307195940971968 -0.031855419896666987 -0.033905371663019705 -0.0012296895447777997 -0.054164569710851908 0.032437599790599868 -0.031082526324066124 -0.016356085304316256 -0.027694001674547108 -0.052449676968197426 0.08109232424595611 0.0080086353977092128 0.00028518644780999714 0.027438387786019092 -0.00522091850580793 0.081413718273980959 -0.04557777918112739 -0.0056364935014566134 -0.011027314047709352 0.052047036403907648 0.042986182825324272 -0.027490087714681779 -0.016124161773353341 0.016711467854557689 0.029079968045962454
leaf_weight=319.68148209154606 1955.691009297967 1630.2009884268045 321.92377765476704 44.472200140357018 39.246867671608925 16.015409275889397 6.9587128013372412 55.414106369018555 87.699082672595978 13.371089413762091 382.68589170277119 132.77518284320831 1047.5871363431215 26.300250098109245 4.9392670691013327 6.4355089217424419 21.579331949353218 24.503370463848114 6.7758025825023642 113.39395156502724 9.0663115084171313 19.78917321562767 54.004686489701271 65.81195892393589 6.6208969354629543 53.818679422140121 12.846755325794218 13.301079049706457 19.049465328454971 56.161503061652184
leaf_count=1821 8264 6625 1602 204 161 67 28 224 353 54 2105 555 4813 106 20 26 87 123 35 467 37 81 220 268 27 219 52 54 77 226
internal_value=1.44172e-06 -0.00884794 0.0128012 -0.0188752 -0.00307717 -0.00466376 -0.0128751 -0.00570951 0.00352895 -0.00823272 0.0247705 -0.0263045 -0.0153469 -0.0189378 -0.00494024 0.0132192 0.0247973 0.0305028 -0.0306778 0.00494586 -0.00373407 -0.0112174 0.0114684 0.00660152 0.015716 0.0314506 -0.000439723 0.0203298 0.0375756 0.0223621
internal_weight=6568.12 3883.32 2684.8 1418.52 2464.8 2057.85 427.649 278.859 164.19 101.07 729.113 148.791 1092.06 114.668 59.2544 32.9541 28.0148 407.189 326.457 406.95 174.6 133.183 232.35 193.103 127.291 73.2863 19.4677 41.4169 28.1158 63.1202
internal_count=29001 16907 12094 6873 10034 8371 1746 1124 661 407 3830 622 5017 463 239 133 113 2228 1856 1663 716 548 947 786 518 298 79 168 114 254
is_linear=0
shrinkage=0.05


Tree=27
num_leaves=31
num_cat=0
split_feature=112 112 112 112 112 57 63 42 34 40 83 90 45 95 18 82 112 112 83 103 98 104 42 83 5 73 44 93 39 41
split_gain=271.658 83.2125 54.1278 17.7451 14.093 11.0688 11.6352 10.9541 9.82164 9.77658 15.7912 13.7634 11.2135 10.0016 10.278 10.1834 9.73614 9.50523 9.3415 9.10998 9.08146 9.82139 10.3857 9.05225 9.02499 10.0086 11.1989 10.8925 10.3259 11.5476
threshold=0.44189701324372249 0.72029411691576606 0.23063905319814962 0.87972471606001834 0.62776750214437371 23.892125718796027 42.435283641750409 -16.047135958960549 2129.114990977358 2299.2420097640111 2261.5953692535345 2191.183311314298 -223.91997971640077 2302.9491598830168 2335.4959876317776 124.20947495056274 0.12064337469050919 0.35105496887394844 2272.6715728436379 -70.406286142647772 2294.2288166566336 2230.79745777465 -13.532162048567669 2278.1008059068977 184.00000000000003 -19.939657936927002 2227.9150239423707 2402.1956214247111 152.90309811815567 2134.767179660786
decision_type=2 2 2 2 2 2 2 2 2 2 2 2 2 2 2 2 2 2 2 2 2 2 2 2 2 2 2 2 2 2
left_child=2 4 16 8 5 6 -2 -8 -3 10 11 -9 -11 -12 15 -15 18 -4 -1 -10 21 22 -13 -7 -19 -26 28 -28 29 -27
right_child=1 3 17 -5 -6 23 7 9 19 12 13 20 -14 14 -16 -17 -18 24 -20 -21 -22 -23 -24 -25 25 26 27 -29 -30 -31
leaf_value=-0.038655176542456815 0.0035999459967392422 -0.07909882238304683 -0.011334231677124405 0.035529729983418336 0.0093141286568032867 0.020463200084759114 0.0097942937569412639 0.0038830433458142502 -0.17456174256479839 -0.0006360065850591572 -0.024136589903733741 -0.060031088326185783 -0.039353078748096043 -0.0078461233788423689 0.034631166962267292 0.032569868237512338 -0.020845303459553127 -0.010798984919001636 0.0010000929060611347 0.018231936654867966 -0.0715326448179055 -0.066644984663294438 -0.011159808738620252 -0.023531066302673157 0.0083100323769075887 -0.053407560226628528 0.025174418186870291 -0.050241454891252937 0.035147720607322623 -0.0077555084516875948
leaf_weight=150.6778816729784 1145.5952332615852 2.6069418787956229 1042.7338438183069 168.43581908941269 881.40066210925579 113.56547777354717 104.61288143694401 96.339773118495941 0.61316515505313773 30.731082230806351 19.554100140929222 11.630519956350325 47.774908527731895 54.800751149654388 41.15135695040226 21.780060589313507 511.01286950707436 366.91091887652874 16.474733248353004 871.28420241177082 7.9547895193099967 9.4554526358842832 166.46318459510803 13.034409061074255 200.13496199250221 14.392546534538267 44.799924314022064 5.3607762306928626 13.421383485198019 368.75860077142715
leaf_count=940 4614 12 4598 1040 3771 464 423 389 3 124 79 47 192 221 166 88 2572 1500 102 4229 32 38 671 53 815 59 182 22 55 1500
internal_value=1.13376e-06 0.00863366 -0.012022 0.0206689 0.00409542 0.0016545 0.00062612 -0.00493828 0.0178066 -0.00797435 -0.00500649 -0.0115849 -0.0241973 0.00897796 0.0144779 0.00364844 -0.0242717 -0.00798249 -0.0347467 0.0180964 -0.0192072 -0.0169878 -0.0143514 0.0159337 -0.00453502 -0.000982029 -0.00514484 0.0171146 -0.00796034 -0.00947037
internal_weight=6543.46 3808.78 2734.68 1042.94 2765.84 1884.44 1757.84 612.249 874.504 507.636 429.13 291.844 78.506 137.286 117.732 76.5808 678.165 2056.51 167.153 871.897 195.504 187.549 178.094 126.6 1013.78 646.868 446.733 50.1607 396.573 383.151
internal_count=29001 16656 12345 5284 11372 7601 7084 2470 4244 2047 1731 1177 316 554 475 309 3614 8731 1042 4232 788 756 718 517 4133 2633 1818 204 1614 1559
is_linear=0
shrinkage=0.05


Tree=28
num_leaves=31
num_cat=0
split_feature=112 112 112 112 112 112 112 39 49 1 79 35 95 13 35 89 46 35 88 53 73 39 7 90 58 6 92 37 12 51
split_gain=246.868 63.9377 63.0179 13.9161 13.116 11.3437 10.6034 9.54373 9.92142 12.1499 20.4999 16.1537 13.8551 10.7279 9.40542 13.8409 11.2087 16.8952 9.48802 9.52511 12.7969 9.4054 9.19388 11.4702 15.0972 14.5163 9.27482 10.1086 8.90563 12.2069
threshold=0.50070697654654295 0.76303976747609348 0.24066190544655405 0.64656334888324118 0.35407853710366893 0.87972471606001834 0.12064337469050919 75.424865097438911 2315.9107994707579 3.0000000000000004 -19.328741654036772 2266.1454690244277 2331.2952389265888 -143.49999999999997 2256.4822355278247 2217.0469408421209 2119.8072806167761 2251.5803807837319 10.725569398774043 2166.9381882654602 25.925423174245001 -224.95380211128995 730.50000000000011 2223.4411670108138 2221.6373719339576 72.500000000000014 2133.4006103262655 2247.340340334455 503.50000000000006 149.17620807010829
decision_type=2 2 2 2 2 2 2 2 2 2 2 2 2 2 2 2 2 2 2 2 2 2 2 2 2 2 2 2 2 2
left_child=2 3 6 -2 21 -3 -1 -5 14 11 12 13 -11 -10 15 16 17 -9 -17 20 -20 -4 23 -8 25 -25 -24 -28 -23 -30
right_child=1 5 4 7 -6 -7 22 8 9 10 -12 -13 -14 -15 -16 18 -18 -19 19 -21 -22 28 26 24 -26 -27 27 -29 29 -31
leaf_value=-0.033730365058597021 0.0030413803729275627 0.019537058218616954 0.016762801708198567 0.013781340068528087 -0.0030340560865131723 0.0344965329388899 -0.019555084575954538 0.012764823798715014 -0.051437864198372735 0.010756108977156615 0.048907721905439079 -0.085130710591338365 -0.082708978825957652 0.012653223689691059 0.037850384386137526 0.012877977262405855 0.04201174787277747 -0.08705638767308943 0.030939711670401195 -0.06409435037974974 -0.035355445745201074 -0.032930995166041345 -0.02938320227745151 0.083450330888177104 0.092481244946390623 -0.0080098707713631666 0.073278240971081307 -0.01163476536150403 -0.011222618119780967 0.022761341703006997
leaf_weight=163.67956627905369 1529.3806836605072 547.41280877590179 30.85491007566452 706.97790451347828 1534.1889870166779 164.89769712090492 229.65233546495438 61.342830568552017 7.219500631093978 5.2407414019107881 5.4109584689140311 5.1340737640857688 16.289539769291878 68.285090684890747 26.089049950242043 24.940661132335663 31.799308195710182 4.5536146610975257 11.3735538572073 11.826356664299963 20.220344111323357 45.26827147603035 235.20779387652874 4.5847161263227454 4.3418208807706824 80.760859593749046 4.2047007232904461 21.061002418398857 889.19785675406456 27.233196765184402
leaf_count=1042 6203 2790 129 3120 6219 1040 1151 268 31 23 24 22 70 295 114 108 141 20 49 51 88 202 1198 23 22 404 21 107 3909 117
internal_value=1.07783e-06 0.00976399 -0.00969663 0.00604635 -0.00593159 0.0230001 -0.0224921 0.0106115 0.00313464 -0.00902288 -0.0380934 0.000689539 -0.0599584 0.00652504 0.00994148 0.00555673 0.0176318 0.00586692 -0.0117 -0.0258176 -0.0114897 -0.0104103 -0.0193195 -0.0136332 0.0015303 -0.00309668 -0.0262909 0.0024964 -0.0112821 -0.0102127
internal_weight=6518.63 3248.39 3270.24 2536.08 2526.74 712.311 743.493 1006.7 299.726 107.58 26.9412 80.6387 21.5303 75.5046 192.146 166.057 97.6958 65.8964 68.3609 43.4203 31.5939 992.554 579.813 319.34 89.6874 85.3456 260.473 25.2657 961.699 916.431
internal_count=29001 14457 14544 10627 10576 3830 3968 4424 1304 465 117 348 93 326 839 725 429 288 296 188 137 4357 2926 1600 449 427 1326 128 4228 4026
is_linear=0
shrinkage=0.05


Tree=29
num_leaves=31
num_cat=0
split_feature=112 112 112 112 72 13 15 22 57 16 112 53 96 89 39 112 79 83 112 103 55 13 79 13 85 82 93 93 13 33
split_gain=224.267 70.7028 46.8865 16.5793 11.4877 11.4115 11.8143 10.0103 16.1452 10.2552 9.96524 11.8928 11.1102 9.81643 9.52234 11.5042 9.45611 9.29704 8.93438 11.3566 8.81259 9.01688 8.91028 8.66903 9.69667 13.7507 10.6349 9.12204 12.3192 9.1857
threshold=0.56162013627326257 0.24745568754794386 0.78860361053821848 0.3708061679263972 110.93602076804905 121.50000000000001 3.5000000000000004 -26.212940698871986 -45.118521574750268 4.5000000000000009 0.12064337469050919 2102.88903009056 2036.511453574394 2215.9023287951882 76.684375542302874 0.67379247309683288 -128.16027297587536 2272.6715728436379 0.92403682872143966 -52.28131452085676 2193.116649087608 334.00000000000006 -32.116780358777525 8.5000000000000018 10.091640983312347 77.983254106989548 2399.9734734272965 2320.3615521347128 -16.499999999999996 -29.332304633741838
decision_type=2 2 2 2 2 2 2 2 2 2 2 2 2 2 2 2 2 2 2 2 2 2 2 2 2 2 2 2 2 2
left_child=1 4 13 7 10 6 -6 8 -3 -10 17 -12 -13 -2 15 -15 -4 -1 19 -18 21 22 -14 24 25 -17 27 28 29 -27
right_child=2 3 16 -5 5 -7 -8 -9 9 -11 11 12 20 14 -16 23 18 -19 -20 -21 -22 -23 -24 -25 -26 26 -28 -29 -30 -31
leaf_value=-0.037358491350786345 0.010690613592586006 -0.041199954040979536 -0.10412791213706951 -0.0014848568759079207 0.08795502645125429 -0.024734645071078112 -0.015331816696825859 -0.0099921512346837008 0.051573109259609499 -0.028718498093306857 0.11949252150955857 -0.039036483392516697 -0.017778315050041207 0.0012325370702667654 -0.0049856803422282554 -0.01738891950667773 -0.15944922786994598 0.0026726306443024292 0.040884535198226608 0.022321903623480716 -0.052870429122042956 0.026490328406063586 0.04266979857204839 0.048439072271955798 0.021229158980284452 -0.071080774911315522 -0.038392726433967773 0.03826463755591681 0.062867055219972059 0.020235589748907136
leaf_weight=141.95480020344257 1212.870312795043 8.8884921669960004 1.4335788935422886 1945.2043272405863 7.2108905017375964 9.8493133187293989 4.4940437823534012 1078.4485885500908 21.496361449360851 4.8796457052230826 1.5422706604003895 65.144748896360397 505.66813676059246 379.69928611814976 230.15530860424042 52.087910503149033 0.86082747578620811 16.15463162958622 71.970445036888123 480.57742859423161 16.75930155813694 12.173920914530752 6.1706881225109091 17.809692487120628 138.75887081027031 6.8384081870317468 7.4984232336282721 38.61606664955616 4.5608632117509833 4.6107830703258523
leaf_count=926 5208 38 7 7854 35 49 22 4691 92 21 7 323 2567 1558 983 234 4 102 469 2636 87 63 30 79 633 31 34 176 21 21
internal_value=1.10934e-06 -0.00770906 0.0111981 -0.00427016 -0.0210733 0.0149257 0.0482986 -0.00913496 0.0170793 0.0367189 -0.0220868 -0.0191765 -0.0195295 0.00777318 0.0037551 0.00684779 0.024121 -0.0332684 0.0244532 0.0219969 -0.0171795 -0.016038 -0.0170496 0.0147217 0.0123479 0.001558 0.0174439 0.0251085 -0.00662392 -0.0343061
internal_weight=6494.39 3846.04 2648.35 3058.92 787.123 21.5542 11.7049 1113.71 35.2645 26.376 765.568 607.459 605.917 2093.51 880.636 650.48 554.842 158.109 553.409 481.438 540.772 524.013 511.839 270.781 252.971 114.212 62.1245 54.6261 16.0101 11.4492
internal_count=29001 16907 12094 12696 4211 106 57 4842 151 113 4105 3077 3070 8978 3770 2787 3116 1028 3109 2640 2747 2660 2597 1229 1150 517 283 249 73 52
is_linear=0
shrinkage=0.05


Tree=30
num_leaves=31
num_cat=0
split_feature=112 112 112 112 112 57 63 80 43 48 104 94 52 50 42 15 92 66 89 79 101 53 35 68 17 75 22 90 39 112
split_gain=204.476 65.712 43.4375 13.5332 12.6362 9.92786 10.8463 10.2308 9.84267 11.8553 10.54 12.8866 12.1529 10.8602 9.73763 9.51079 9.46431 11.8778 9.37225 16.0939 11.7229 10.7228 13.1144 9.7545 9.9586 9.05531 9.02155 8.96359 9.41353 15.4536
threshold=0.44189701324372249 0.73630227844492346 0.20765610287085756 0.87972471606001834 0.62776750214437371 23.892125718796027 42.435283641750409 2128.1545871374251 2210.5117213473418 177.267010670877 2211.9836429167513 230.65680530999762 2247.9614702100848 2109.1927524276293 8.3170433967127355 -1.4999999999999998 2116.8744574271273 70.005518627504685 2221.2406242972379 -86.642614872015869 2135.7307035369095 2086.7882651267109 2219.6585704169897 -5.9511122833648633 94.347933342110778 2206.4518332895987 -5.6348402739706662 2217.1300803661356 -90.27820821396493 0.32211839334627373
decision_type=2 2 2 2 2 2 2 2 2 2 2 2 2 2 2 2 2 2 2 2 2 2 2 2 2 2 2 2 2 2
left_child=2 4 -1 18 5 6 -2 -8 -9 14 11 -11 25 26 -10 -15 -14 -18 21 20 -20 22 -3 -21 -25 -13 -12 -4 -29 -30
right_child=1 3 27 -5 -6 -7 7 8 9 10 13 12 16 15 -16 -17 17 -19 19 23 -22 -23 -24 24 -26 -27 -28 28 29 -31
leaf_value=-0.023206525300642006 0.0033241037874295869 -0.086734363824195027 -0.0099011397772564638 0.032589471958163412 0.0083974365938182128 0.014969798027541724 0.052438310834652703 1.7055987830066757e-05 -0.071038367377674702 0.017346500346482982 -0.053304066442278378 0.038174470177645914 -0.054127511527646471 -0.063949973456007364 -0.018830883207326555 -0.0035812530822233292 -0.040115307877673236 0.055392134409320073 -0.088427908632262853 -0.087069283987669152 0.0044186898936180051 0.022188096305535983 0.033982076934573717 0.02769683403427313 0.0069185247513507964 -0.045246361805257623 0.0098796185995432585 0.0070591936739915198 -0.015353152054394019 0.0002281429579148773
leaf_weight=538.91458958387375 1144.9339501261711 5.0223629474639875 1322.7783140540123 158.44762668013573 992.29063405096531 126.22052878141403 7.6761729121208182 337.77730971574783 14.444643124938009 16.650467932224274 5.9595226794481269 9.4367465674877149 41.737518772482872 11.186652421951296 23.401316419243813 15.654029488563536 9.4202220141887647 4.9744289964437476 7.0302487313747388 2.4560197442769995 6.583353266119957 435.65726222097874 4.0755803287029266 81.610473036766052 196.54148511588573 4.9644382596015921 108.60445237159729 174.0501384884119 265.28009630739689 397.70532707870007
leaf_count=3034 4614 24 5686 1040 4307 517 31 1366 58 67 24 38 168 45 94 63 38 20 32 11 31 2183 20 402 1005 20 438 761 1221 1643
internal_value=9.65222e-07 0.00751787 -0.0105075 0.0193294 0.00383134 0.00142518 0.000452055 -0.00492198 -0.00565071 -0.0128361 -0.00854459 -0.022218 -0.0315578 -0.000114165 -0.0387569 -0.0287417 -0.0420703 -0.00711034 0.0164863 0.00956322 -0.0435286 0.0210662 -0.0326574 0.0121389 0.0130149 0.00941728 0.00659286 -0.00733883 -0.00328958 -0.00600639
internal_weight=6471.49 3772.76 2698.73 897.424 2875.33 1883.04 1756.82 611.888 604.212 266.434 228.588 87.1838 70.5334 141.405 37.846 26.8407 56.1322 14.3947 738.977 294.222 13.6136 444.755 9.09794 280.608 278.152 14.4012 114.564 2159.81 837.036 662.985
internal_count=29001 16656 12345 4748 11908 7601 7084 2470 2439 1073 921 351 284 570 152 108 226 58 3708 1481 63 2227 44 1418 1407 58 462 9311 3625 2864
is_linear=0
shrinkage=0.05


Tree=31
num_leaves=31
num_cat=0
split_feature=112 112 112 112 72 13 15 112 53 96 42 27 96 95 85 83 89 7 90 58 21 8 99 73 69 100 15 97 86 40
split_gain=185.704 60.0155 40.7252 13.7742 10.5672 10.1594 10.2575 9.46881 10.5501 10.4986 9.0901 9.06541 9.3711 8.94782 11.8103 8.90056 8.72468 8.64442 13.2283 11.9912 10.9496 14.0026 14.453 9.72089 11.0616 11.544 12.1653 11.8795 9.50424 8.52081
threshold=0.56162013627326257 0.24745568754794386 0.78860361053821848 0.35932872345651307 110.93602076804905 121.50000000000001 3.5000000000000004 0.12064337469050919 2102.88903009056 2036.511453574394 -31.5655157712124 -61.64455374739736 2060.2818536300915 2382.9988421803087 -1.2757044615116226 2272.6715728436379 2215.9023287951882 715.50000000000011 2218.1500296699214 2221.6373719339576 64.232967311136562 27.500000000000004 2173.6549729215553 -61.973060564873087 2197.3024698161239 -144.05714214868723 1.5000000000000002 74.021922921926958 2199.5653119852591 2125.6131111685645
decision_type=2 2 2 2 2 2 2 2 2 2 2 2 2 2 2 2 2 2 2 2 2 2 2 2 2 2 2 2 2 2
left_child=1 4 16 10 7 6 -6 15 -9 -10 13 12 -12 -3 -15 -1 -2 18 -11 20 21 -20 -23 -22 28 -26 -27 -28 -25 -18
right_child=2 3 -4 -5 5 -7 -8 8 9 17 11 -13 -14 14 -16 -17 29 -19 19 -21 23 22 -24 24 25 26 27 -29 -30 -31
leaf_value=-0.035726577669262995 0.0098251337760158521 0.012106936883841903 0.022459608236587322 -0.0015501453490266819 0.082096338712739081 -0.022992115631311774 -0.014029721113433466 0.11094356381531408 -0.037198377570514571 -0.018621427101685514 -0.016052768508805729 -0.010979180860914036 0.079897042992392336 -0.048816105462988181 0.023639377470287787 0.003739344806985566 0.027796886107551697 -0.022107729236592915 -0.007810972563871474 0.067845039896779868 -0.051604258210899069 0.0044369553836992141 0.10203134731056274 0.096046146758106687 -0.045223740399205445 -0.015762522580857606 -0.012348254860119893 0.094862234849225013 -0.0074687853007635854 0.0022833444730260971
leaf_weight=136.63255761563778 1206.8568413108587 87.863911688327789 541.28070309758186 2060.2719685584307 7.4098918139934558 9.6608759760856611 4.4370646476745605 1.5909068286418904 63.526239305734634 157.96724878251553 4.6649978011846525 870.01703901588917 5.5989122241735458 15.324063524603845 8.8851395249366742 15.954222053289412 34.045812919735909 264.23575684428215 16.617913171648983 6.8884216248989096 12.332115128636358 6.8574874550104132 8.4906248152255994 4.82512119412422 17.106446251273148 21.875029042363174 4.476886719465254 6.1105407625436783 4.103033572435379 843.51033721864223
leaf_count=926 5208 382 3116 8332 35 49 22 7 323 810 20 3832 24 67 39 102 144 1377 86 34 64 35 43 24 87 112 23 31 21 3626
internal_value=1.28682e-06 -0.00702942 0.0102399 -0.00388112 -0.0194929 0.015062 0.0460941 -0.0204844 -0.0176434 -0.017987 -0.00872056 -0.0104281 0.0362874 0.00469105 -0.0222239 -0.0316001 0.0070667 -0.0156924 -0.00935899 0.00398085 -0.000298761 0.0239922 0.0584265 -0.0112615 -0.00275665 -0.0119842 0.00553169 0.0495284 0.0484747 0.00327317
internal_weight=6449.42 3823.72 2625.69 3052.63 771.098 21.5078 11.847 749.591 597.004 595.413 992.354 880.281 10.2639 112.073 24.2092 152.587 2084.41 531.887 267.651 109.684 102.795 31.966 15.3481 70.8292 58.4971 49.5689 32.4625 10.5874 8.92815 877.556
internal_count=29001 16907 12094 12696 4211 106 57 4105 3077 3070 4364 3876 44 488 106 1028 8978 2747 1370 560 526 164 78 362 298 253 166 54 45 3770
is_linear=0
shrinkage=0.05


Tree=32
num_leaves=31
num_cat=0
split_feature=112 112 112 112 55 112 19 48 53 69 12 42 7 33 76 89 22 69 18 37 98 54 45 41 92 91 19 75 105 55
split_gain=169.376 60.611 32.4249 14.6349 11.1094 9.14698 9.59859 10.4984 13.0016 11.3495 10.9091 9.62285 9.89949 9.61209 9.51837 9.69999 9.34742 13.231 15.2512 9.22003 9.11866 9.93477 11.9068 9.77801 10.2727 15.6211 9.32768 9.93338 14.1384 11.3478
threshold=0.58728371623039355 0.29782066938330759 0.78860361053821848 0.13877000032687994 2183.5309159697858 0.41577885351180854 2273.0408114867259 182.95240371248499 2148.799314595934 2210.9950961699847 6085.0000000000009 3.5118398024105777 2202.5000000000005 -83.691834928053353 -149.19083170261044 2154.5569317141076 -8.4857346585849864 2195.7806399258498 2241.5239711942854 2256.6091631073878 2299.6420780610988 -169.94987600956117 -235.03793511936667 2259.975736742937 2074.5539768755548 -273.68733596693613 2286.3883669987249 2250.8636797510458 2220.1453001899995 2163.3845448922652
decision_type=2 2 2 2 2 2 2 2 2 2 2 2 2 2 2 2 2 2 2 2 2 2 2 2 2 2 2 2 2 2
left_child=1 3 -2 -1 -5 6 14 8 9 13 11 12 -10 -8 -3 -16 17 18 -9 -11 21 -19 -23 24 25 -22 -24 28 -28 -29
right_child=2 5 -4 4 -6 -7 7 16 10 19 -12 -13 -14 -15 15 -17 -18 20 -20 -21 23 22 26 -25 -26 -27 27 29 -30 -31
leaf_value=-0.027618637056741974 0.0075686551170208701 0.0099006077847536289 0.021605968948564959 -0.011674000816466227 -0.033459534481960367 3.3017289359359938e-05 0.020890006017071361 0.0096782277017059774 -0.0065062833689640241 -0.055891171061942073 0.055015523300373126 -0.034513110831992454 -0.060408463624332866 0.10265299599369199 -0.056644343309677152 -0.013407892600217595 0.0064345924146762814 0.052468118213133602 0.10525388109664198 0.033763884512628316 -0.031753334026597045 -0.019276701304746676 0.063948789068930242 -0.066278242184019606 -0.064825317430330348 0.087080535326924169 0.0085625627869012119 0.052895669608567168 -0.042525411015331804 -0.0015995041067176485
leaf_weight=213.50469997525215 1783.7913191318512 42.725954249501228 534.70393779873848 880.50561241805553 62.684796825051308 1736.9544709771872 12.392235204577448 33.497408092021942 113.11743877828121 6.937961816787718 5.1469062417745581 63.839059337973595 9.2117200940847379 5.0632009208202389 13.526811227202414 316.34165745973587 329.26786364614964 6.9399951100349417 4.7680983096361151 4.8879228085279465 6.6778234541416195 115.7087966799736 6.1314908415079108 14.009092271327971 5.6847908347845069 4.7203012406826046 31.412647485733032 15.419054880738257 23.805827960371971 25.109845459461212
leaf_count=1389 7775 177 3116 4301 316 6992 52 140 477 29 22 269 39 21 59 1331 1372 29 20 20 28 490 26 60 24 20 133 65 102 107
internal_value=1.72671e-07 -0.00609553 0.010806 -0.0157977 -0.0131219 -0.00229555 -0.00562078 -0.00266918 -0.0120431 0.0189845 -0.016792 -0.0187772 -0.0105653 0.0446065 -0.0123047 -0.0151809 0.000649201 -0.00583273 0.0215875 -0.0188346 -0.00993746 -0.00642324 -0.00830159 -0.035315 -0.00992308 0.0174593 0.00416337 0.000334819 -0.0134625 0.019133
internal_weight=6428.49 4109.99 2318.5 1156.7 943.19 2953.3 1216.34 843.749 220.596 29.2813 191.315 186.168 122.329 17.4554 372.594 329.868 623.153 293.885 38.2655 11.8259 255.62 224.528 217.588 31.092 17.0829 11.3981 101.879 95.7474 55.2185 40.5289
internal_count=29001 18110 10891 6006 4617 12104 5112 3545 929 122 807 785 516 73 1567 1390 2616 1244 160 49 1084 952 923 132 72 48 433 407 235 172
is_linear=0
shrinkage=0.05


Tree=33
num_leaves=31
num_cat=0
split_feature=112 112 112 71 81 112 55 99 107 42 27 45 80 41 14 40 42 98 87 87 112 72 15 100 83 73 71 73 47 82
split_gain=153.793 44.0961 42.4567 11.1962 10.339 9.71723 9.91014 13.9672 13.5914 12.7116 11.284 11.1218 13.1631 14.5981 10.2781 10.9195 9.95329 9.87392 9.10357 8.98256 8.95524 9.48752 9.30335 12.2568 9.1134 9.1569 12.986 15.5543 11.1298 10.7108
threshold=0.49705371979070084 0.76303976747609348 0.23063905319814962 92.854466002265852 2210.8499155263139 0.64656334888324118 2161.0991939482096 2171.6073633100755 2206.9549920923414 22.026831145182317 -13.347490463936763 -315.96627607617239 2195.5559050286934 2233.2865574572083 391.50000000000006 2208.1692808217067 46.468475997990716 2330.4828731927541 2170.0441849928234 2418.2940787408561 0.35105496887394844 154.34548245154093 3.5000000000000004 -88.651227486663615 2319.0835703900225 -19.939657936927002 112.99019946586681 -36.801369321790382 2303.527999107197 6.3465088710781865
decision_type=2 2 2 2 2 2 2 2 2 2 2 2 2 2 2 2 2 2 2 2 2 2 2 2 2 2 2 2 2 2
left_child=2 5 -1 -3 -5 6 7 8 10 17 18 -9 -13 -14 16 -16 -11 -8 -2 -7 -4 24 -23 -24 25 26 29 28 -28 -22
right_child=1 3 20 4 -6 19 9 11 -10 14 -12 12 13 -15 15 -17 -18 -19 -20 -21 21 22 23 -25 -26 -27 27 -29 -30 -31
leaf_value=-0.01937620812488457 -0.011828820702164877 0.020691355959309456 -0.0085381863115362635 0.027054839525998436 -0.025386616345629387 0.0078527806001197579 0.001650074635611727 0.060848696126248582 0.010565724224062066 -0.035475328431014731 -0.008246541963081418 0.026186587392044599 -0.050578290168325796 0.035226048699022107 -0.049194343139294515 0.007493210403669558 0.035376144140699013 -0.0674245406871678 0.030030385468351753 0.040846533375208216 -0.030431042143137056 -0.045670253500261014 -0.029662024664587994 0.040291913990026851 0.054368302944870633 -0.0044478855347309986 -0.02399905106984055 -0.039658196324100579 0.021862433044502846 0.011378641454906338
leaf_weight=633.82755069434643 19.502611130475998 634.31696484982967 1022.4923681169748 14.745147079229353 25.921216130256653 971.76569660007954 655.03061035275459 16.301396250724792 334.03873175382614 61.141395881772041 263.19165907800198 73.03260301053524 13.288492947816851 7.9062094092369071 10.113132134079931 53.096904724836349 5.3942049443721762 5.2147829979658118 38.889121443033218 21.076357543468475 16.155095309019089 24.765606239438057 16.475768700242046 10.100417345762251 7.1973078548908225 1068.9597481638193 21.898184910416603 33.022830128669739 33.41722771525383 295.691470682621
leaf_count=3614 79 3620 4598 78 132 4330 2661 67 1361 247 1069 297 54 32 41 216 22 21 158 94 66 102 68 41 29 4340 89 135 136 1204
internal_value=-4.85116e-07 0.00769736 -0.00779494 0.0190608 -0.00637196 0.00468825 0.00222236 0.00627408 0.00350217 -0.00170709 -0.00383496 0.0227162 0.0161192 -0.0185709 -0.0160146 -0.00157637 -0.0297312 0.00110451 0.0160496 0.00855318 -0.00491651 -0.00249248 -0.0236219 -0.00307567 -0.00175768 -0.00203264 0.00441889 -0.012504 0.00370686 0.00921271
internal_weight=6407.97 3223.97 3184 674.983 40.6664 2548.98 1556.14 766.151 655.622 789.991 321.583 110.529 94.2273 21.1947 129.746 63.21 66.5356 660.245 58.3917 992.842 2550.18 1527.68 51.3418 26.5762 1476.34 1469.14 400.185 88.3382 55.3154 311.847
internal_count=29001 14579 14422 3830 210 10749 6325 3117 2667 3208 1306 450 383 86 526 257 269 2682 237 4424 10808 6210 211 109 5999 5970 1630 360 225 1270
is_linear=0
shrinkage=0.05


Tree=34
num_leaves=31
num_cat=0
split_feature=112 112 112 112 89 103 55 17 104 3 81 88 20 93 103 16 56 81 42 53 95 7 96 12 78 68 63 94 95 43
split_gain=139.969 47.998 32.5321 13.6404 9.23277 11.6319 10.9858 11.2511 9.93521 10.4949 10.5549 10.1074 11.8454 10.8901 9.62812 10.4034 8.87346 10.6635 11.8499 19.7168 12.2024 15.6182 11.5668 11.1818 10.7981 10.251 10.8314 9.71019 9.5169 10.2814
threshold=0.44189701324372249 0.72029411691576606 0.20765610287085756 0.87972471606001834 2221.2406242972379 -24.088252474725547 2106.4625215233355 94.347933342110778 2195.2025568661397 27.500000000000004 2288.8093328341856 12.728089568117641 64.789134428531696 2382.9348687974575 35.854889515948123 -5.4999999999999991 2251.2339176635969 2250.0417633833963 17.917375717309373 2086.7882651267109 2295.5043612105906 329.50000000000006 2113.4923777931831 621.50000000000011 2150.9493424069024 -5.9511122833648633 -5.2121381034867218 316.17026217132724 2300.8798938071041 2198.3129799041876
decision_type=2 2 2 2 2 2 2 2 2 2 2 2 2 2 2 2 2 2 2 2 2 2 2 2 2 2 2 2 2 2
left_child=2 16 -1 4 -3 -6 -7 -8 -9 10 -10 12 -11 14 -13 -16 -2 18 20 -20 21 -18 23 -21 -25 26 -19 -28 -22 -30
right_child=1 3 -4 -5 5 6 7 8 9 11 -12 13 -14 -15 15 -17 17 25 19 22 28 -23 -24 24 -26 -27 27 -29 29 -31
leaf_value=-0.020056492447877178 0.0066832802572318276 0.017453052283524645 -0.0060586789641662118 0.02966767657826579 -0.084435566844034124 -0.11527921196837371 0.022033164748788921 -0.10330660137627451 0.015262538659005398 -0.080403152656751686 -0.058488480539907572 0.00012552843235159858 -0.010110525081931372 0.040021567929724007 -0.11627999010354183 -0.0095128724163947246 0.065729830747215473 -0.00097091354221788551 0.069243103254853597 -0.0082113701155915545 0.029937260992070822 -0.026511331535577588 0.011528328836941125 -0.087342376668356453 -0.031296200236234105 0.006217291406097991 -0.044894921672276156 0.021482002600701613 0.011290171910347778 -0.0047663289421768992
leaf_weight=514.85249549150467 976.04962760210037 507.95975589752197 2141.93509991467 148.94885940849781 3.4664411544799796 1.8073309063911427 102.16766130924225 2.2200900316238394 121.07611921429634 9.6419809162616747 5.053793638944625 41.266671523451805 15.838134199380873 13.713486328721045 4.0590835362672806 5.2103433609008771 4.934113696217536 159.15647807717323 6.4343947470188132 49.53105428814888 29.061186701059341 65.618511378765106 23.978630408644676 9.985476613044737 61.670849561691284 871.92700402438641 27.888411566615105 6.8663101047277442 147.34853634238243 308.29949393868446
leaf_count=3034 4055 2585 9311 1040 16 8 507 10 631 49 25 212 82 70 21 28 20 645 27 205 122 271 100 41 255 3602 113 28 609 1279
internal_value=-2.93906e-07 0.00624509 -0.00877128 0.0157309 0.0132403 0.00666657 0.00764715 0.00834089 0.00192623 0.00300854 0.0123075 -0.0100626 -0.0367101 0.000505215 -0.010218 -0.0562662 0.00285476 0.000746779 -0.00401512 -0.0164047 -0.00063244 -0.0200604 -0.020201 -0.0264791 -0.0391064 0.00390486 -0.00649304 -0.0317812 0.00219543 0.00042606
internal_weight=6387.97 3731.18 2656.79 982.43 833.481 325.521 322.055 320.247 218.08 215.86 126.13 89.7297 25.4801 64.2496 50.5361 9.26943 2748.75 1772.7 706.862 151.6 555.262 70.5526 145.166 121.187 71.6563 1065.84 193.911 34.7547 484.709 455.648
internal_count=29001 16656 12345 5284 4244 1659 1643 1635 1128 1118 656 462 131 331 261 49 11372 7317 2929 628 2301 291 601 501 296 4388 786 141 2010 1888
is_linear=0
shrinkage=0.05


Tree=35
num_leaves=31
num_cat=0
split_feature=22 12 28 51 35 64 47 41 20 94 57 83 33 6 8 94 101 36 59 27 96 64 37 20 46 44 6 54 34 36
split_gain=88.7219 25.4228 20.1089 14.1764 11.1502 14.3457 13.2594 10.65 13.3078 11.1684 10.5919 10.5102 10.4348 14.6127 12.8889 14.1068 14.5606 13.0037 11.5917 11.5084 14.7903 11.5873 13.7443 12.8295 12.1132 11.4096 10.9276 10.827 10.2714 9.82277
threshold=4.1869894454293908 2627.5000000000005 2271.4073741297184 49.925975791565868 2263.8721321652006 2431.3317114209844 2322.8620710742771 2230.6484107758611 69.024821720743304 224.05527192983189 -8.0874558707550914 2262.4634027154166 -65.467771883997088 555.50000000000011 28.500000000000004 183.76988894574063 2111.8790083673725 72.945996648732503 2217.0839233576116 7.4658525863492295 2095.357448012001 2299.0181090160963 2263.2204649600321 97.857766846658322 2008.0228171451361 2190.2904917298652 26.500000000000004 -107.89299589451888 2207.2765322475952 68.201538855460981
decision_type=2 2 2 2 2 2 2 2 2 2 2 2 2 2 2 2 2 2 2 2 2 2 2 2 2 2 2 2 2 2
left_child=1 12 29 -3 5 6 7 -5 9 -9 -4 -12 -1 14 18 -16 -17 -18 19 21 25 26 23 24 -23 -21 -14 -22 -28 -2
right_child=2 3 10 4 -6 -7 -8 8 -10 -11 11 -13 13 -15 15 16 17 -19 -20 20 27 22 -24 -25 -26 -27 28 -29 -30 -31
leaf_value=-0.0054171327525002 0.0013348215972347963 -0.036844110163344428 -0.080928376748119285 -0.049733346988180389 -0.015089196585366157 0.050229394150631913 0.06962948503857129 0.0093284976956520289 0.034652490285584717 -0.033039726991368895 -0.072245527151157882 0.025298801964881931 -0.073554278268372367 -0.060174732201053509 -0.021408407960760684 -0.032207432495020019 0.0079821130629213442 0.038867504327129793 -0.011306287364388039 0.023655277673323503 -0.038394082759241971 0.075173628233932394 -0.04377129015045416 -0.052947617571040662 0.015292564639368912 -0.044106095145517499 0.00037433804819250098 0.050884350719176567 -0.045812856668378171 0.0084728671421657707
leaf_weight=1840.8265738934278 710.13683512806892 61.015361845493317 2.4377473741769782 13.485074445605276 436.34864184260368 13.808629393577574 5.7483060657978049 29.559937387704849 19.184225469827652 32.828728839755058 2.8008400201797476 196.67944867908955 5.3156498670577994 9.9572017937898618 42.490993782877922 21.122799590229988 490.11162404716015 36.626881927251816 294.14732879400253 7.3638095259666434 4.9739094823598853 8.8753567934036237 10.227525010704992 6.5643996000289908 174.32467837631702 39.722837284207344 329.94254560768604 10.703937605023382 12.492989167571066 1500.0149811506271
leaf_count=8143 3122 388 11 63 2248 60 27 135 99 157 14 1170 22 55 186 91 2061 152 1261 31 21 37 42 29 724 164 1418 47 54 6969
internal_value=4.7914e-07 -0.00460623 0.00755926 -0.0139762 -0.0114437 0.00243486 -0.00411212 -0.00857139 -0.00176678 -0.0129655 0.0226633 0.0239292 -0.00289237 0.00019584 0.000597927 0.00634493 0.00849743 0.0101297 -0.00315241 0.000776194 -0.0195036 0.0031 0.0126896 0.0157326 0.0181936 -0.033509 -0.002415 0.0225601 -0.0013107 0.00617936
internal_weight=6369.84 3957.77 2412.07 611.979 550.964 114.615 100.806 95.058 81.5729 62.3887 201.918 199.48 3345.79 1504.96 1495.01 590.352 547.861 526.739 904.655 610.508 62.7645 547.743 199.992 189.764 183.2 47.0866 347.751 15.6778 342.436 2210.15
internal_count=29001 17715 11286 3177 2789 541 481 454 391 292 1195 1184 14538 6395 6340 2490 2304 2213 3850 2589 263 2326 832 790 761 195 1494 68 1472 10091
is_linear=0
shrinkage=0.05


Tree=36
num_leaves=31
num_cat=0
split_feature=112 112 112 112 90 7 37 78 50 15 97 76 22 89 73 33 94 90 102 83 64 79 41 71 112 17 71 11 29 101
split_gain=120.586 44.814 25.2574 11.3166 9.8963 13.4212 13.1431 14.1066 11.3992 11.6149 9.42806 12.8025 10.0093 9.75763 8.92961 8.82867 9.73449 12.6868 8.56289 8.53015 8.58723 8.44473 8.33473 9.54226 8.42685 9.01645 8.48039 8.60489 9.67073 11.53
threshold=0.58728371623039355 0.27970588308423411 0.78860361053821848 0.12064337469050919 2219.816024375596 705.50000000000011 2212.4443742694762 2258.6022770567483 2055.9735621444065 5.5000000000000009 97.785576677695431 -102.6881926973583 -12.667943550608014 2221.0266291094363 -54.554107560129289 -106.25997727207594 284.01745466081758 2194.4226397359957 2270.791451444928 2272.6715728436379 2233.9989295444743 7.663710339536693 2359.8265205533849 64.403511981912132 0.3708061679263972 58.542966329486269 64.716040472259337 7.5000000000000009 2251.8248431215738 2162.8669083071932
decision_type=2 2 2 2 2 2 2 2 2 2 2 2 2 2 2 2 2 2 2 2 2 2 2 2 2 2 2 2 2 2
left_child=1 3 -2 19 15 6 18 -8 -9 10 11 13 -13 -10 -11 16 -5 -18 -6 20 -1 -4 23 -3 25 -25 -26 -28 -29 -30
right_child=2 22 21 4 5 -7 7 8 9 14 -12 12 -14 -15 -16 -17 17 -19 -20 -21 -22 -23 -24 24 26 -27 27 28 29 -31
leaf_value=-0.01700372694438923 0.0063640011549549614 -0.013458997547832125 0.016123265043642698 -0.011930242008352869 -0.054205455167878405 -0.014162865773039613 0.076036909189828195 -0.060330713196382994 -0.0076112558629646034 -0.016508104464013022 -0.015376899627978436 0.022108346136337633 0.10636380740789542 0.073431756538218165 0.069133035104416513 -0.02054736324148455 -0.04839935236356125 0.044970136363334939 0.00047083598464289718 0.0079190381345572766 -0.043085723392888658 0.033459386667192503 0.01622513202838358 -0.005120498290926351 0.022240639229290093 -0.032085654113747739 0.027366881664282135 -0.00034996300190159467 0.011924959791558401 -0.032930281663525428
leaf_weight=56.012909337878227 1769.7323596775532 189.36072739958763 429.90941327810287 84.812920570373535 13.088204100728037 201.14175897836685 8.3445734381675702 5.6892598122358313 30.379398420453072 3.9392643421888378 34.4219019562006 8.1751516163349134 6.1968355327844611 4.2314165085554114 13.388942405581473 373.93495552241802 4.602092161774638 17.36968919634819 15.811713501811026 15.196237981319426 72.282933712005615 83.965854063630104 60.022641479969025 773.25370889902115 41.376707702875137 32.295324802398682 27.080145925283432 1912.8196554780006 20.450607389211655 47.842434987425804
leaf_count=408 7775 780 2546 440 66 1057 39 29 157 21 175 41 30 22 68 1903 23 87 81 102 532 570 248 3367 167 141 110 7739 83 194
internal_value=2.15648e-07 -0.00515578 0.00919754 -0.0145427 -0.0122899 -0.005826 0.00584611 0.0134351 0.00852644 0.0124154 0.00467661 0.0187689 0.0584372 0.00229682 0.049664 -0.0169264 -0.00424649 0.0254135 -0.024291 -0.0275029 -0.0316985 0.0189559 -0.00222582 -0.00258958 -0.00186869 -0.00620156 -0.000165725 -0.000627385 -0.00101004 -0.0194982
internal_weight=6357.13 4073.52 2283.61 969.02 825.528 344.808 143.667 114.767 106.422 100.733 83.4047 48.9828 14.372 34.6108 17.3282 480.72 106.785 21.9718 28.8999 143.492 128.296 513.875 3104.5 3044.48 2855.12 805.549 2049.57 2008.19 1981.11 68.293
internal_count=29001 18110 10891 5281 4239 1786 729 582 543 514 425 250 71 179 89 2453 550 110 147 1042 940 3116 12829 12581 11801 3508 8293 8126 8016 277
is_linear=0
shrinkage=0.05


Tree=37
num_leaves=31
num_cat=0
split_feature=112 112 112 112 3 67 11 21 97 26 45 34 93 36 49 39 37 6 101 56 54 105 57 42 47 105 74 6 53 30
split_gain=109.242 41.4055 23.3343 10.5339 10.8995 9.88904 9.35927 9.31183 9.17925 13.483 12.2593 10.754 13.8502 11.3753 12.6925 10.3324 11.7558 10.9522 10.0295 9.37654 10.379 8.49343 12.067 8.34224 8.32932 14.7202 9.92252 10.1852 12.1643 12.2449
threshold=0.58728371623039355 0.23791322500126641 0.78860361053821848 0.41299063021359456 26.500000000000004 113.95967036932338 280.50000000000006 64.56363112587421 124.10237586801283 61.718122579309629 -362.76905552949421 2160.1395364635491 2310.3266503257469 31.728830760592931 2301.477635890918 -95.171267611555081 2210.9770585604833 63.500000000000007 2133.223900504614 2301.4746709310152 -116.67914567291631 2169.9440990123489 36.928774026223444 -50.358559484111986 2307.5603799545333 2242.9252300983476 2217.3097921120802 44.500000000000007 2181.7516160075993 -35.153341434914857
decision_type=2 2 2 2 2 2 2 2 2 2 2 2 2 2 2 2 2 2 2 2 2 2 2 2 2 2 2 2 2 2
left_child=1 5 -2 4 6 -1 -3 -7 23 -10 -11 12 -12 -13 19 -14 -17 -18 -19 20 -15 -5 -23 -6 25 26 -25 -28 -29 -30
right_child=2 3 -4 21 8 7 -8 -9 9 10 11 13 15 14 -16 16 17 18 -20 -21 -22 22 -24 24 -26 -27 27 28 29 -31
leaf_value=-0.017541026467309918 0.0060565565567094436 -0.00072816542838242742 0.018213896960660184 -0.034676410865803156 0.034347097265947951 0.082722226959909342 -0.06840316346789603 0.00060024695409580879 0.06467300954098773 -0.06979355769664361 -0.028495891838246846 -0.048769903133579401 0.082217050630702948 -0.057336536363120798 0.010393013251485696 0.093947764262906019 0.073176174329222451 0.011128841470296878 -0.066847007664940422 0.034033500859493075 -0.0078271718100676718 -5.7109613494881547e-06 0.050742424873660943 -0.017889723433651149 -0.018278354236365462 0.064107458468293022 -0.015306878855865466 0.0015667313121692128 0.022581741614839414 0.1156875326575308
leaf_weight=635.67548948526382 1766.6699287891388 754.98760086297989 508.23713916540146 17.49376069009304 9.5044789463281614 4.272982686758044 5.1436815112829199 17.963521033525467 7.730926349759101 6.5696764439344397 12.063828647136686 15.036773294210432 8.3129166066646558 19.847144842147827 73.82898060977459 4.615043729543685 5.25525073707104 18.027723923325542 5.3469456285238257 6.3887921273708335 22.684952169656754 1734.6811976134777 11.793491587042807 152.59395891427994 341.88801454007626 7.098963350057601 66.769207209348679 80.447050780057907 13.70856185257435 4.756720393896102
leaf_count=3733 7775 3274 3116 71 41 22 23 93 35 29 53 66 36 86 316 20 23 78 24 27 96 6987 49 672 1501 32 291 350 62 20
internal_value=-6.57735e-07 -0.00491109 0.00877263 -0.0026933 -0.00557458 -0.0163945 -0.00118611 0.0163809 -0.00935464 -0.000105204 -0.00263476 -0.000329675 0.0186683 -0.00772302 -0.00269481 0.0323596 0.0198927 0.0079553 -0.0067081 -0.0224463 -0.0309302 -1.02593e-05 0.000336978 -0.0121661 -0.0128286 -0.00710228 -0.00869057 -0.000218086 0.00996737 0.0465661
internal_weight=6339.39 4064.49 2274.91 3406.58 1642.61 657.912 760.131 22.2365 882.476 205.709 197.978 191.408 53.6217 137.787 122.75 41.5579 33.245 28.6299 23.3747 48.9209 42.5321 1763.97 1746.47 676.767 667.262 325.374 318.275 165.682 98.9123 18.4653
internal_count=29001 18110 10891 14262 7155 3848 3297 115 3858 889 854 825 234 591 525 181 145 125 102 209 182 7107 7036 2969 2928 1427 1395 723 432 82
is_linear=0
shrinkage=0.05


Tree=38
num_leaves=31
num_cat=0
split_feature=112 112 112 112 33 42 58 112 51 56 27 27 41 12 35 77 74 50 83 64 46 33 39 41 22 46 43 81 43 86
split_gain=98.9443 37.9104 22.1494 11.8848 11.7113 8.79212 11.8701 10.7466 12.9739 8.83485 9.25357 8.69667 8.57234 9.57926 12.345 9.85115 14.0936 9.64813 8.08634 8.3438 8.05465 7.87543 8.139 7.72875 7.63821 10.7508 9.75466 9.10629 8.01215 7.59436
threshold=0.58728371623039355 0.30038188245060776 0.83961082642904716 0.12064337469050919 -75.003899642201517 -31.5655157712124 2224.1423907592975 0.26952668442394861 75.965486743085663 2268.4105465155976 -24.015927382502692 -36.625172004022708 2148.2493936236538 1016.5000000000001 2244.3707366639478 2152.8084908797164 2178.5921761869649 2086.6340375303366 2272.6715728436379 2233.9989295444743 1956.9174749015474 -133.22598129791365 16.876953004361898 2276.5125685386743 17.827813670402069 2087.8649762693071 2222.7761338524701 2270.1178451585542 2233.0348238542006 1995.3903396965204
decision_type=2 2 2 2 2 2 2 2 2 2 2 2 2 2 2 2 2 2 2 2 2 2 2 2 2 2 2 2 2 2
left_child=1 3 -2 18 -4 6 7 12 -9 10 -10 -8 -5 -14 17 16 -16 -15 19 -1 -3 22 -7 -6 -25 26 -26 -27 -29 -23
right_child=2 20 4 5 23 21 11 8 9 -11 -12 -13 13 14 15 -17 -18 -19 -20 -21 -22 29 -24 24 25 27 -28 28 -30 -31
leaf_value=-0.015708539730930178 0.0065371184223013221 -0.031010069270136466 -0.043839399240115845 0.059903131068933559 0.027734192567910029 0.024384874924584361 0.11157005752974254 0.078057628156279632 0.078130936548801086 -0.034728753931267217 -0.019066252145770395 0.017763776866486988 -0.039186573996142372 -0.018260358263301461 -0.018783129117500918 -0.02127041747384275 0.10492162775776122 0.079516914980798881 0.0084502402443736961 -0.041816932008339372 -0.0014183748499807319 0.014962104907342589 -0.046990627484110953 0.044363189020358511 -0.12337564122257023 0.020069112744008785 -0.00055348609924841207 -0.00036085743637641771 -0.10459911857217584 -0.014102655511526452
leaf_weight=54.765897497534752 1993.7550357729197 23.180036768317223 6.6449190825223914 4.1594849973916999 210.7341098934412 24.889016777276996 3.8737105578184128 8.0918340086936968 5.4483609199523944 8.6505007743835431 4.4477538168430328 6.8220017403364164 26.340222135186195 3.9136894941329938 5.3579433858394605 51.822091206908226 4.0374289304018021 7.0997801721096039 15.103491529822348 69.355288058519363 2892.0091869533062 23.11751726269722 4.757499858736991 10.862674742937086 3.2353722006082526 30.389742895960808 3.2309732586145401 4.7813159525394431 3.0002119988203049 808.50707161426544
leaf_count=408 9075 97 34 20 1411 128 20 36 24 39 20 34 134 20 30 275 21 37 102 532 11885 114 25 68 21 209 22 31 20 4109
internal_value=-1.318e-06 -0.00467738 0.00836568 -0.0124057 0.0217258 -0.0105026 0.00111544 -0.00306983 0.0252301 0.00218166 0.0344462 0.051738 -0.0104081 -0.0133751 -0.00396251 -0.0127301 0.0343759 0.0447713 -0.0260937 -0.0302971 -0.00165367 -0.012392 0.012931 0.0233623 0.0067621 -0.00238821 -0.0620063 0.0077113 -0.0405505 -0.0132947
internal_weight=6322.38 4055.75 2266.63 1140.56 272.879 1001.34 140.065 129.369 26.6384 18.5466 9.89611 10.6957 102.731 98.5712 72.2309 61.2175 9.39537 11.0135 139.225 124.121 2915.19 861.271 29.6465 266.234 55.5003 44.6376 6.46635 38.1713 7.78153 831.625
internal_count=29001 18110 10891 6128 1816 5086 710 656 119 83 44 54 537 517 383 326 51 57 1042 940 11982 4376 153 1782 371 303 43 260 51 4223
is_linear=0
shrinkage=0.05


Tree=39
num_leaves=31
num_cat=0
split_feature=112 112 112 112 103 11 14 65 55 85 8 24 104 81 68 39 43 88 31 84 57 44 13 56 39 90 103 14 11 100
split_gain=90.5839 37.3949 20.6235 12.6131 8.72211 10.2787 8.32989 11.679 14.2824 15.7 10.4762 9.56664 14.3863 12.6201 13.2865 12.3902 11.2934 11.8278 10.7499 14.0433 9.97301 9.40875 11.9731 9.50304 9.31982 11.9783 15.9601 9.27932 9.25853 10.4113
threshold=0.41577885351180854 0.6954452203206315 0.20765610287085756 0.87972471606001834 -34.168143803917694 140.50000000000003 223.50000000000003 2403.0554734138327 2165.214644274608 1.0000000180025095e-35 32.500000000000007 2211.546429826351 2205.3799852834559 2250.0417633833963 -11.301818138543238 -164.672224524234 2200.181626975304 5.455700952598364 2216.0412775000814 2212.6595449268557 -24.561304168956664 2221.2668391922348 42.500000000000007 2265.2002780872658 75.424865097438911 2214.0577311883621 -7.6030804113731838 -285.49999999999994 40.500000000000007 -89.100541234776287
decision_type=2 2 2 2 2 2 2 2 2 2 2 2 2 2 2 2 2 2 2 2 2 2 2 2 2 2 2 2 2 2
left_child=2 6 -1 4 5 -3 7 11 -9 10 -10 12 -2 14 -13 -16 -17 -18 19 20 -14 -20 23 -23 27 26 -26 28 29 -15
right_child=1 3 -4 -5 -6 -7 -8 8 9 -11 -12 13 18 24 15 16 17 -19 21 -21 -22 22 -24 -25 25 -27 -28 -29 -30 -31
leaf_value=-0.016966038121287851 -0.0017169643669993754 -0.088166357082053615 -0.0054241560236319795 0.026283084526005897 0.010711312742004146 0.0056011610908610204 -0.0017058717093285667 0.036891986823662536 0.028618382662124176 -0.01782297236328045 -0.045546296823416176 0.041628050062737239 -0.044327914019928853 -0.0038063302744091978 -0.091325840182554407 0.0086570851125582892 -0.037904153959014392 -0.0039664681550628826 0.0038317068184029 -0.047537907988108752 0.028306505775762231 0.034250274784457767 0.087041581760585809 -0.016125246387710821 0.058603255474509224 -0.052897001779108367 -0.03368024694121903 0.016155488830044806 -0.038199758264782446 0.043086531298509922
leaf_weight=491.50807255506516 451.55546626448631 4.8660693913698179 1820.8187283426523 138.50641356408596 1008.1841349750757 7.3178765624761581 1197.030635163188 56.361696541309357 54.069646507501602 42.166518211364746 5.221392333507537 9.6608976870775205 4.9037694782018653 97.643721401691437 5.677757814526557 34.965409815311432 63.105998575687408 43.281316965818405 401.31282739341259 6.8841554522514334 130.26599006354809 27.093150228261948 7.1187656074762335 14.304860591888426 8.1230360418558138 16.314529657363892 11.070333838462828 117.41800332069397 16.557555511593819 13.469623744487761
leaf_count=3034 1840 22 8084 1040 5142 34 4961 228 219 171 21 39 20 394 23 142 256 176 1651 28 534 112 29 59 33 66 45 476 67 55
internal_value=-1.68048e-06 0.00455751 -0.0078775 0.012125 0.0102031 -0.0318481 0.00146476 0.00378104 0.0167111 0.00550021 0.0220872 0.00240293 0.00500466 -0.00380522 -0.015172 -0.0189041 -0.0159951 -0.0240974 0.0101327 0.0221236 0.0256714 0.006346 0.0271433 0.0168433 0.00254223 -0.0213982 0.00537606 0.00601066 -0.00331947 0.00187822
internal_weight=6306.78 3994.45 2312.33 1158.87 1020.37 12.1839 2835.58 1638.55 157.819 101.458 59.291 1480.73 1043.44 437.288 156.691 147.03 141.353 106.387 591.884 142.054 135.17 449.83 48.5168 41.398 280.597 35.5079 19.1934 245.089 127.671 111.113
internal_count=29001 17883 11118 6238 5198 56 11645 6684 639 411 240 6045 4273 1772 636 597 574 432 2433 582 554 1851 200 171 1136 144 78 992 516 449
is_linear=0
shrinkage=0.05


Tree=40
num_leaves=31
num_cat=0
split_feature=112 112 112 80 58 81 82 57 18 77 55 78 34 18 101 63 89 40 57 47 44 72 94 54 105 80 77 66 34 85
split_gain=83.0376 26.451 25.6387 10.2547 10.0231 9.45395 8.30534 11.3126 10.6434 8.84933 7.91404 10.9146 7.91117 11.4348 9.68865 10.9784 11.2702 10.003 14.9094 15.9122 14.252 11.8767 11.0006 10.6824 9.463 8.81008 9.97743 7.60356 11.8133 8.46834
threshold=0.50070697654654295 0.76303976747609348 0.20765610287085756 2210.0276182917373 2237.4382472688262 2287.4229948180496 -8.3902584237100637 -53.161389045809067 2151.7132555795811 2240.18077013947 2097.3766675769825 2252.0347343722883 2170.8566871562066 2298.9350884198207 2106.6081334111027 -88.162215674416061 2240.3517523888836 2192.5287307121534 -33.833805123061204 2325.0344183665707 2220.6678777414058 64.132414237352933 220.28879253725702 -146.52500944394453 2224.8957403698955 2172.1036484468586 2297.7847061327234 67.475156108019362 2244.5233955513368 85.853151834446649
decision_type=2 2 2 2 2 2 2 2 2 2 2 2 2 2 2 2 2 2 2 2 2 2 2 2 2 2 2 2 2 2
left_child=2 10 6 4 -3 -5 -1 8 -8 -10 11 -2 13 14 -9 16 17 20 -19 21 -16 -20 -23 -22 -24 26 -15 -7 -29 -30
right_child=1 3 -4 5 -6 27 7 12 9 -11 -12 -13 -14 25 15 -17 -18 18 19 -21 23 22 24 -25 -26 -27 -28 28 29 -31
leaf_value=-0.032077993679879041 0.051144246400745046 0.0091491843385111873 -0.0038024908294463488 0.02279886312849996 -0.061737758783964161 -0.075052173752172519 0.09778179192463167 -0.037003838615762084 -0.062443073102332693 0.05740249422979396 0.00316585747579533 -0.02616197365773533 -0.019922357536339492 0.12319928925513367 -0.037444966421814822 -0.036572840331830496 0.083040164093546059 -0.030612044736705181 0.09021546161079097 0.13423605103680505 -0.022730501319731811 -0.039567658497706257 0.001814222530306807 0.078640407823025504 0.099431590012254323 -0.018729046201571273 0.015666502960374758 0.040129889426091025 -0.092631661894116979 0.0075018688387326051
leaf_weight=71.05500403791666 18.258442103862766 283.72204793989658 2669.2918940335512 325.2985033839941 5.0758937150239936 3.8348023742437389 4.3275264501571638 25.95067947357893 3.1861393228173256 2.9818431437015533 2475.0442018806934 6.0883161574602118 267.41243053972721 4.258330821990965 26.197275578975677 19.237967938184738 4.427335448563098 10.954924799501891 5.1876463294029334 3.7390877977013579 4.8474012762308121 8.0116545110940951 6.6971895992755872 5.6025699675083143 3.9450865089893341 4.3217667788267127 4.3716888427734375 9.6882032901048678 4.0746849030256254 4.3822682797908783
leaf_count=504 76 1574 11510 2105 28 20 27 157 21 22 10526 25 1637 25 157 111 27 71 31 21 30 47 38 34 23 25 26 55 22 26
internal_value=-1.35521e-06 0.00576165 -0.00572686 0.014865 0.00790328 0.0206544 -0.0162807 -0.0135802 0.03767 -0.00450505 0.00344491 0.0318125 -0.0149078 -0.00517318 -0.00981403 -0.00267587 0.00551541 0.000950165 0.0187356 0.0383363 -0.0177517 0.0232963 0.00468609 0.0316177 0.0380009 0.0395443 0.0687267 -0.0110825 0.00243684 -0.0407439
internal_weight=6291.47 3135.47 3156.01 636.076 288.798 347.278 486.714 415.659 10.4955 6.16798 2499.39 24.3468 405.163 137.751 124.799 98.8481 79.6102 75.1828 38.5356 27.5807 36.6472 23.8416 18.6539 10.45 10.6423 12.9518 8.63002 21.98 18.1452 8.45695
internal_count=29001 14457 14544 3830 1602 2228 3034 2530 70 43 10627 101 2460 823 747 590 479 452 231 160 221 139 108 64 61 76 51 123 103 48
is_linear=0
shrinkage=0.05


Tree=41
num_leaves=31
num_cat=0
split_feature=112 112 112 112 65 63 103 51 51 104 34 99 99 50 35 102 101 71 76 63 97 46 14 89 94 81 37 11 89 10
split_gain=76.6625 34.0625 15.3262 11.2245 9.25843 10.2482 9.6943 13.1306 12.3184 10.0049 11.8893 11.606 11.7271 9.88724 12.2164 11.6347 9.56047 9.50316 9.25859 13.5265 13.5963 10.7976 9.90926 9.24564 16.5598 13.5468 13.7235 12.4177 12.3397 10.1463
threshold=0.62776750214437371 0.3197874453340856 0.86974441678053438 0.13877000032687994 2382.3081524177246 115.42685335447347 -20.377485840045434 75.965486743085663 58.782198349178323 2193.4060625702327 2171.2128458361235 2164.4303683143803 2178.7631255312494 2068.8854439136189 2248.9343375532471 2237.1167259089275 2201.2983550443023 202.87872534591347 -112.24927939651069 -271.108249969209 132.436287949118 1973.4874713395814 328.50000000000006 2215.2770483395066 255.54198074610943 2253.649366269919 2258.005012904739 4.5000000000000009 2208.7439379797547 190.50000000000003
decision_type=2 2 2 2 2 2 2 2 2 2 2 2 2 2 2 2 2 2 2 2 2 2 2 2 2 2 2 2 2 2
left_child=1 3 -2 -1 6 23 7 8 -3 11 -11 17 -13 15 -15 -12 18 -9 19 -8 22 -20 -21 24 25 26 -6 -27 -29 -26
right_child=2 4 -4 -5 5 -7 16 9 -10 10 13 12 -14 14 -16 -17 -18 -19 21 20 -22 -23 -24 -25 29 27 -28 28 -30 -31
leaf_value=-0.02157212103225779 0.0072465589571666785 -0.024214873679090032 0.023192032080370285 -0.0084185729392434443 0.012011795515176988 -0.059741261699821274 -0.048204250316388184 0.0048789115698022528 0.037593619565226659 -0.050595794783118632 0.02075464971160176 -0.052565149239895352 0.0012116458690999579 0.026975487908718718 -0.028279544820990623 -0.0490731923046831 -0.048951517488951594 -0.046334967303674285 -0.024675906477687758 0.036923482085935204 -0.020840421715127132 -0.00082217368175161126 -0.027894644231153627 -0.00056163904372668304 0.018383332793490116 0.055154049814299368 0.10019647268367037 -0.016730744948244874 0.014884381772198547 0.054598896369636302
leaf_weight=190.23931039869785 1632.1216196417809 11.877293005585669 166.02419260889292 1099.9432989060879 14.156811311841013 6.1257651299238196 7.7601966857910147 119.24358068406582 25.08943535387516 33.480527505278587 7.5929241925477973 23.581630319356918 17.782310575246811 22.203373342752457 18.20516911149025 27.829926326870918 10.313129961490629 9.802643269300459 48.549402937293053 60.762002065777779 15.850647106766699 2077.9021670669317 6.5301100462675086 330.90752251446247 109.2553927898407 8.469246953725813 6.4092016965150824 101.55104790627956 44.340347155928612 23.49992398917675
leaf_count=1389 7823 50 1232 5484 58 25 32 492 104 139 31 98 74 91 76 115 42 41 202 251 65 8493 27 1359 448 35 26 420 183 96
internal_value=-2.0987e-06 -0.00350301 0.00871882 -0.0103581 -0.000729698 0.00462225 -0.00208583 -0.0102714 0.0177347 -0.0139725 -0.0257792 -0.00639899 -0.0294466 -0.0148224 0.00208156 -0.0341055 -0.000922157 0.000988589 -0.000698768 0.0149278 0.0208203 -0.00136678 0.0306335 0.00523966 0.0114789 0.00137369 0.0394937 -0.00370517 -0.00712205 0.0247941
internal_weight=6277.4 4479.25 1798.15 1290.18 3189.07 644.715 2544.36 316.689 36.9667 279.722 109.312 170.41 41.3639 75.8314 40.4085 35.4229 2227.67 129.046 2217.35 90.903 83.1428 2126.45 67.2921 638.589 307.682 174.927 20.566 154.361 145.891 132.755
internal_count=29001 19946 9055 6873 13073 2650 10423 1311 154 1157 452 705 172 313 167 146 9112 533 9070 375 343 8695 278 2625 1266 722 84 638 603 544
is_linear=0
shrinkage=0.05


Tree=42
num_leaves=31
num_cat=0
split_feature=112 112 112 79 27 23 16 44 51 36 51 95 89 79 15 33 85 68 44 19 44 68 53 81 63 44 88 59 31 66
split_gain=69.709 27.5952 17.5833 10.343 8.83737 12.7414 8.64679 11.7845 12.9614 8.58479 8.54625 12.7699 9.12527 12.3369 8.96789 9.33773 13.3435 8.68326 9.66141 10.7479 10.9816 13.3923 12.697 13.2259 9.54216 9.32596 8.30107 8.124 8.29536 8.62667
threshold=0.43028058017838633 0.73630227844492346 0.1618292844690678 7.663710339536693 18.137581601957212 2198.7914614424608 11.500000000000002 2208.5817635973176 140.82340908151608 77.846684908470721 178.05501080641491 2368.1859078955281 2221.2406242972379 -112.03967010069003 4.5000000000000009 -59.107575778624998 260.63066943172822 24.674348783346435 2222.4361870461316 2297.7502735513744 2200.0014176634118 22.832988482090972 2165.7232173745128 2266.6468684005035 128.77262604752971 2220.4710674864095 71.172734028936944 2177.4178077428451 2393.1335166110671 67.867165841726816
decision_type=2 2 2 2 2 2 2 2 2 2 2 2 2 2 2 2 2 2 2 2 2 2 2 2 2 2 2 2 2 2
left_child=2 -2 9 10 -4 -6 -5 8 -8 -1 12 -12 26 -14 17 -16 -17 18 19 20 21 -15 23 -22 -24 -21 27 -3 29 -29
right_child=1 3 4 6 5 -7 7 -9 -10 -11 11 -13 13 14 15 16 -18 -19 -20 25 22 -23 24 -25 -26 -27 -28 28 -30 -31
leaf_value=-0.020083334602797008 0.0020139801177915168 0.055572438601104973 -0.0045242455210300434 0.034430017861620386 0.040830244269932307 -0.030868582359213487 -0.10386569294727184 0.050893792080049328 0.022141448658120857 0.039623002486962315 0.0014689379207649018 -0.072215210872481436 -0.09829535818202749 0.018407197219584569 0.036017874029989953 -0.013114044724351726 -0.11297235918353835 0.02484545867260482 0.027051751860573972 0.021915156195642882 0.0023777020103630487 -0.068472173536972311 -0.1191199577729098 -0.085637569843086625 -0.031963024707417964 -0.062982287835713094 -0.032144095828505324 0.0035960300139028451 0.034534235183989709 0.02014596498654405
leaf_weight=259.32909914851189 2974.2314037978649 13.605732485651968 2138.4798289835453 78.929062217473984 6.9353898316621772 58.143342196941376 4.453623563051222 5.0544684827327719 3.76697638630867 6.1635360270738593 30.241580404341221 7.299289643764495 2.8673375695943824 31.04709480702877 8.54743644595146 43.605970188975334 3.6233240738511077 70.865345917642117 35.12012206017971 45.176766186952591 23.743139028549198 5.1750717461109152 6.01270644366741 5.2037109285593024 6.5738502442836761 3.4842587038874617 8.5654012858867628 135.15371631830931 53.245358482003212 188.63688211143017
leaf_count=1821 12416 75 9699 555 30 252 28 36 26 35 176 37 13 164 42 254 21 448 195 256 128 29 29 28 36 20 48 750 335 1019
internal_value=-2.23928e-06 0.00425293 -0.00654122 0.0123739 -0.00507662 -0.0232277 0.0281506 -0.00918499 -0.0461247 -0.0186972 0.0103751 -0.0128579 0.0116387 0.00490572 0.00593255 -0.0120718 -0.0207749 0.0102536 0.00385225 -0.00259287 -0.0141262 0.00599472 -0.0316741 -0.0134446 -0.0735986 0.0158363 0.0165474 0.0176151 0.0162453 0.0132378
internal_weight=6263.28 3794.23 2469.05 819.998 2203.56 65.0787 92.2041 13.2751 8.2206 265.493 727.794 37.5409 690.253 291.046 288.179 55.7767 47.2293 232.402 161.537 126.417 77.7556 36.2222 41.5334 28.9468 12.5866 48.661 399.207 390.642 377.036 323.791
internal_count=29001 17164 11837 4748 9981 282 645 90 54 1856 4103 213 3890 1663 1650 317 275 1333 885 690 414 193 221 156 65 276 2227 2179 2104 1769
is_linear=0
shrinkage=0.05


Tree=43
num_leaves=31
num_cat=0
split_feature=112 112 112 112 78 75 75 64 37 38 24 65 103 53 47 75 71 91 105 103 76 51 36 8 87 112 112 42 31 89
split_gain=64.1698 28.838 13.4092 9.97874 9.32394 10.4221 8.72805 10.7159 11.0248 12.0448 14.3363 10.7959 9.28749 9.45176 11.636 10.1935 10.0349 12.3831 9.70195 9.20753 10.3603 10.215 11.0529 10.5959 13.2831 9.40459 12.7597 12.0525 11.7891 11.5766
threshold=0.62776750214437371 0.3197874453340856 0.86974441678053438 0.12064337469050919 2352.8497530089148 2251.2114619912018 2250.8636797510458 2427.3332858943199 2251.7548261136794 2195.8058119544389 2214.1885143405839 2360.8328226760268 -32.073183187128045 2162.3262427801305 2290.3061607053687 2254.4732049666836 73.021685448029885 -229.73049136348365 2213.8623814062262 -21.46480314041764 -112.24927939651069 76.419920637046985 23.874534121348919 23.500000000000004 2088.7353049664484 0.44189701324372249 0.44781423143299459 -23.657378142672083 2225.1646551224399 2149.7580406408392
decision_type=2 2 2 2 2 2 2 2 2 2 2 2 2 2 2 2 2 2 2 2 2 2 2 2 2 2 2 2 2 2
left_child=1 3 -2 -1 -4 -6 7 19 -9 10 11 -10 -8 -14 15 -15 -16 18 -18 21 -21 -3 -23 -24 -25 27 28 29 -27 -22
right_child=2 6 4 -5 5 -7 12 8 9 -11 -12 -13 13 14 16 -17 17 -19 -20 20 25 22 23 24 -26 26 -28 -29 -30 -31
leaf_value=-0.022703252415655493 0.0066462629454561942 0.01621796619041518 0.025865793072751681 -0.008064996186511247 -0.081849189880597265 0.009145096642215373 0.031403669558417412 -0.041224784680890851 -0.032351832590534833 0.016418113575372619 -0.073268035731144265 0.04825531876433059 -0.01358937708738951 -0.018939068099240883 -0.0011327910295461804 0.05293371588280487 0.062623604376731853 0.066441546003308219 0.0058126309729335385 0.015035864921315088 -0.052808411207980112 -0.044885815582719597 -0.028399844183028568 0.044287482393705641 -0.007424182407153302 0.065138370793523234 0.00068698974837642576 -0.008028438856948511 0.010863833126117101 0.012566046758571068
leaf_weight=129.5526125356555 1623.3190441429615 34.540434330701828 144.50713687390089 1148.7229438722134 4.1833874732255962 12.699290968477724 32.508482724428177 33.788370549678802 10.502391189336782 30.512039735913277 11.073607832193373 6.8717029243707648 66.94927217066288 6.3085574358701733 246.03318706154823 22.629276260733604 8.31742876768112 11.541358381509779 77.906058549880981 107.93149742484093 7.1796926707029334 24.221363112330437 56.689204350113869 13.377273485064505 173.22919031977654 14.194710150361059 1390.1402071714401 647.66430570185184 33.89990708231926 119.19594867527485
leaf_count=1042 7823 144 1109 5831 29 94 134 138 43 124 45 28 274 26 1013 93 34 47 321 445 31 102 236 55 717 57 5632 2702 136 496
internal_value=-1.00911e-06 -0.00320387 0.00801281 -0.00954858 0.021758 -0.0134025 -0.000659236 -0.00175042 -0.018453 -0.00540312 -0.0288078 -0.00047055 0.00561483 0.00370811 0.00681502 0.0372652 0.004252 0.0178033 0.0112928 -0.00115966 -9.06389e-05 -0.00937114 -0.0126751 -0.00946833 -0.00371712 -0.000828624 0.00156297 -0.00527241 0.0268825 0.00885197
internal_weight=6250.19 4465.48 1784.71 1278.28 161.39 16.8827 3187.21 2715.01 92.7481 58.9597 28.4477 17.3741 472.194 439.685 372.736 28.9378 343.798 97.7648 86.2235 2622.26 2320.21 302.057 267.517 243.296 186.606 2212.27 1438.23 774.04 48.0946 126.376
internal_count=29001 19946 9055 6873 1232 123 13073 11131 378 240 116 71 1942 1808 1534 119 1415 402 355 10753 9499 1254 1110 1008 772 9054 5825 3229 193 527
is_linear=0
shrinkage=0.05


Tree=44
num_leaves=31
num_cat=0
split_feature=112 112 112 41 55 40 75 72 96 90 7 72 20 92 96 50 50 43 31 6 89 17 95 76 87 25 28 12 51 76
split_gain=58.5604 22.1973 16.179 8.85194 9.36964 11.1253 8.89758 7.99895 8.47451 8.93231 8.79561 11.5666 15.6244 10.1526 9.35521 10.2046 7.99288 7.92152 8.33938 9.24019 7.82965 9.34295 10.2468 8.9559 12.3783 15.9698 10.7968 13.0129 10.8919 13.2389
threshold=0.56162013627326257 0.23791322500126641 0.78860361053821848 2356.6458812598607 2147.1524041140219 2200.0076757190332 2304.0011549595724 108.22298165658135 2035.6646707309196 2240.7170992782344 720.50000000000011 82.411242690096728 72.933294616268952 2133.4006103262655 2141.9645059260902 2092.0624307170729 2073.2322604661276 2190.4812742157155 2197.8552894964346 93.500000000000014 2215.9023287951882 110.49501522821403 2279.8478928639856 111.20397683670491 2316.8716608663935 63.255444502448874 2255.4257694393068 1376.0000000000002 160.94766431217798 117.18350575895647
decision_type=2 2 2 2 2 2 2 2 2 2 2 2 2 2 2 2 2 2 2 2 2 2 2 2 2 2 2 2 2 2
left_child=1 7 20 -3 -5 -6 -7 8 9 -1 11 -10 -13 -12 15 -15 -11 -9 -19 -20 23 22 -22 -2 26 -26 27 28 29 -25
right_child=2 3 -4 4 5 6 -8 17 10 16 13 12 -14 14 -16 -17 -18 18 19 -21 21 -23 -24 24 25 -27 -28 -29 -30 -31
leaf_value=-0.040604721930742403 0.0086406850321187386 -0.0026716851558489553 0.014168710451964656 0.048627573576613931 -0.039159363920170803 0.025681487746650834 -0.036761659257086451 -0.031142731862976582 -0.0081413367307540934 0.072185644493427001 -0.021538657931905573 0.10281884401111921 -0.0012704741828968988 0.064692699787080352 0.086709837418421976 -0.01954156836951812 -0.034615866342475515 0.091960841493046522 0.06290092548190325 -0.042702245887326573 -0.040586975877725008 -0.008902564227696556 0.004153219251853405 -0.035878988063246381 0.029339644402148271 -0.070790534019939774 0.048497808035623868 -0.067554632390942088 -0.02769151797802176 0.011503389824343518
leaf_weight=46.271102018654346 966.82256112992764 3019.3949508219957 477.34811829030514 16.112511143088341 11.223778396844862 38.585119903087616 6.6946303993463507 5.4409952312707928 273.96012637764215 3.5823455676436415 237.60896613448858 5.6170143857598296 10.065919578075407 4.6414638608694139 3.6090522408485404 15.955155439674853 3.4283045083284378 4.9387017637491217 4.1255295351147634 4.1602758765220642 13.058658748865126 208.23055051267147 640.49045966565609 16.58205783367157 5.662063121795657 13.420818760991095 11.322449296712874 7.230148807168006 28.086208909749985 132.85306344926357
leaf_count=274 4233 12750 3116 67 47 165 30 29 1689 20 1512 31 57 27 20 99 21 25 21 23 55 939 2776 74 27 60 56 33 126 599
internal_value=-1.02475e-06 -0.00399213 0.00588076 -0.0022568 0.0149941 0.00540323 0.0164492 -0.0125991 -0.0135941 -0.032636 -0.0117543 -0.00575072 0.0360103 -0.0183961 0.0124525 -0.000559312 0.0199582 0.0196387 0.0405318 0.00987792 0.00394499 0.000320616 0.00325926 0.00658752 -0.00263853 -0.041081 0.00110289 -0.0018017 0.000876308 0.00624561
internal_weight=6236.52 3715.42 2521.11 3092.01 72.616 56.5035 45.2798 623.405 604.739 53.2818 551.458 289.643 15.6829 261.815 24.2057 20.5966 7.01065 18.6655 13.2245 8.28581 2043.76 861.78 653.549 1181.98 215.157 19.0829 196.074 184.751 177.521 149.435
internal_count=29001 16907 12094 13059 309 242 195 3848 3750 315 3435 1777 88 1658 146 126 41 98 69 44 8978 3770 2831 5208 975 87 888 832 799 673
is_linear=0
shrinkage=0.05


Tree=45
num_leaves=31
num_cat=0
split_feature=112 112 112 81 99 41 89 40 15 54 44 81 96 77 42 77 57 57 112 85 104 50 35 104 31 13 54 15 22 44
split_gain=54.0747 25.8838 11.576 10.5535 9.65856 10.749 9.22172 13.7759 8.45548 11.8123 10.7501 8.79793 11.3755 9.86849 8.48619 8.44575 10.7142 10.2288 10.0081 9.05375 8.53116 13.0358 15.807 9.54053 10.4946 15.0439 11.7176 11.0428 8.63146 8.26004
threshold=0.64656334888324118 0.33287464262706473 0.92403682872143966 2281.5252450979528 2207.4184966788685 2398.7177821751907 2216.8448139136094 2377.7349372790122 10.500000000000002 -84.284192489104484 2216.4897234206674 2250.7770613166472 2035.6646707309196 2309.1832184616437 30.101068703989998 2137.7848481325395 -16.695214359032658 -0.3601455140221787 0.12445464983218696 -19.856595812815154 2197.0703427683179 2074.6244592113258 2241.5730236122276 2204.4556621396364 2264.2878147186625 139.50000000000003 -107.89299589451888 -1.0000000180025095e-35 -20.746683999143212 2194.1100579665531
decision_type=2 2 2 2 2 2 2 2 2 2 2 2 2 2 2 2 2 2 2 2 2 2 2 2 2 2 2 2 2 2
left_child=1 4 8 -4 5 6 -1 15 -2 11 14 12 -10 -14 -11 16 19 18 -17 -8 21 22 -20 24 25 26 28 -26 -22 -25
right_child=2 -3 3 -5 -6 -7 7 -9 9 10 -12 -13 13 -15 -16 17 -18 -19 20 -21 23 -23 -24 29 27 -27 -28 -29 -30 -31
leaf_value=-0.010363794348133431 0.0079139927296071853 -0.00026014504057704258 0.035981266996056187 -0.053436237743110696 -0.023859907280806589 0.043832458212949968 0.023540927055070309 0.069247416385769825 0.028099507851191988 0.0017909485188005126 -0.093215218308386139 0.033303373684666349 0.0056214855812198794 -0.091891507665573136 -0.078221678120684535 -0.03525070227570623 0.066004239484043201 -0.022077440247558814 -0.032242550820916087 -0.069013622308407394 0.077225543735985169 -0.031956613684528977 0.089382290553137109 0.053241814120415912 0.11459257396815137 0.099792307746232434 -0.052726802589036108 0.026036094839311352 0.00022474711500552016 -0.0013895120683162106
leaf_weight=924.95104514062405 1466.8702245056629 3234.9722872674465 52.314538344740868 3.5219941064715377 94.076273389160633 10.208202771842478 9.2107147574424726 6.8348527923226348 8.110229820013048 13.368863284587865 6.4932177290320388 16.847503796219826 4.5052382797002775 6.1178475469350815 4.4060438573360434 18.979077130556107 9.9608495309948903 65.788549900054932 5.1324954628944379 3.7051174119114902 4.727110669016839 35.165322467684746 5.5712688714265823 7.2264490872621527 5.8650478124618539 4.1322346329689017 8.2097104042768496 8.8055277466773951 15.817167386412621 162.58578181266785
leaf_count=4865 7476 13258 444 26 624 56 50 36 41 72 35 83 22 31 24 151 48 319 25 20 24 178 27 35 28 21 41 44 76 821
internal_value=-1.32576e-06 -0.00272244 0.00798019 0.0303411 -0.00838392 -0.00727496 -0.00767546 -0.00109229 0.00716238 -0.0112592 -0.0381559 0.00708584 -0.0164925 -0.0505364 -0.0180426 -0.00238855 0.0270399 -0.00432308 -0.000184303 -0.00300986 0.00234393 -0.0172508 0.0310627 0.00647879 0.0262729 0.010585 -0.00223493 0.0614395 0.0179422 0.000935353
internal_weight=6224.48 4641.93 1582.56 55.8365 1406.95 1312.88 1302.67 377.717 1526.72 59.8489 24.2681 35.5808 18.7333 10.6231 17.7749 370.882 22.8767 348.006 282.217 12.9158 263.238 45.8691 10.7038 217.369 47.5568 32.8862 28.754 14.6706 20.5443 169.812
internal_count=29001 20747 8254 470 7489 6865 6809 1944 7784 308 131 177 94 53 96 1908 118 1790 1471 70 1320 230 52 1090 234 162 141 72 100 856
is_linear=0
shrinkage=0.05


Tree=46
num_leaves=31
num_cat=0
split_feature=112 112 112 81 72 14 49 52 89 96 39 34 109 53 93 35 28 68 70 58 99 8 24 83 89 40 39 91 100 54
split_gain=49.3815 24.7943 10.2368 9.62666 9.12361 8.99682 8.55298 12.1401 13.571 13.0702 11.5221 10.6352 11.2886 9.80827 8.67376 9.24191 20.5907 10.1486 9.70041 12.2269 11.8812 8.40395 10.0408 10.2142 8.52621 8.47953 8.28007 12.1176 10.108 10.3225
threshold=0.66572713460326016 0.33287464262706473 0.92403682872143966 2281.5252450979528 63.43482123965881 -479.49999999999994 2327.2393907101173 2272.581817099825 2190.4807022121972 1995.4905889668717 -134.11537239685796 2199.5365752935754 1.0000000180025095e-35 2186.7783156352266 2393.6857022054101 2213.6562739740066 2222.6089616809113 25.149831147459512 2203.6507893587218 2215.3157730186836 2182.8179417970418 27.500000000000004 2206.983417098163 2235.7478043070491 2221.8633664016684 2173.7848249592021 -186.98382421678863 -219.23241384543937 -86.924012336353357 -137.77924541508261
decision_type=2 2 2 2 2 2 2 2 2 2 2 2 2 2 2 2 2 2 2 2 2 2 2 2 2 2 2 2 2 2
left_child=1 4 5 -4 -1 -2 13 8 11 -9 -11 12 -8 -7 15 16 -12 18 19 -17 -20 22 23 25 -24 -10 27 28 29 -3
right_child=2 26 3 -5 -6 6 7 9 21 10 14 -13 -14 -15 -16 17 -18 -19 20 -21 -22 -23 24 -25 -26 -27 -28 -29 -30 -31
leaf_value=-0.018922731994536247 0.038290623334115689 0.0070507128052352906 0.035115588039870464 -0.048963848015064378 -0.0065119897292632428 0.0075908136587863927 0.017888786175044712 0.023910373582855877 -0.070838831999984905 0.044887098928035191 -0.017932853155724425 -0.099763655597188097 -0.065951778284745854 0.030150897812378247 -0.09214584510047516 -0.029239225921516249 -0.14706128081694606 0.035943418213344382 0.009192402651053682 -0.13022019020604972 -0.067063915776581551 0.033319524047557836 -0.0023322711566034974 0.033145941246167883 -0.087513126675756212 0.013003170066627354 0.0003169510934100696 -0.070091728790493149 0.032401646407251454 -0.030775595096084064
leaf_weight=168.30169270187616 23.184414520859718 29.819259151816368 50.95881363004446 3.648077778518199 1232.7907948717475 1059.4085607975721 11.937859505414968 16.934864930808544 5.1578536778688413 5.5270290821790686 9.1552572101354581 4.0753450095653525 6.0493836998939505 50.473630405962467 5.2129797339439383 10.496956914663313 4.6579005867242804 8.1039984449744207 22.383680984377865 4.1958298385143271 6.6182772666215888 42.10180626809597 7.3632012084126455 26.465403504669666 4.8878650665283203 7.2611926347017288 3318.3960599601269 8.90308929979801 12.690733805298803 45.641332626342773
leaf_count=1020 110 123 444 26 6469 5575 58 85 24 27 43 20 28 280 27 48 26 48 111 20 36 209 36 133 23 34 13641 37 52 188
internal_value=-1.67357e-06 -0.00240174 0.00827762 0.0294986 -0.00800279 0.0074139 0.00687095 -0.00241848 0.00843162 -0.0158289 -0.0246431 -0.0268321 -0.0103081 0.00861677 -0.0300691 -0.025137 -0.0614759 -0.0154465 -0.0249777 -0.0580764 -0.00820937 0.016776 0.0031551 0.0155914 -0.0363173 -0.0218179 -0.000104073 -0.0144993 -0.00888462 -0.015828
internal_weight=6212.8 4816.54 1396.26 54.6069 1401.09 1341.65 1318.47 208.587 115.3 93.2868 76.3519 22.0626 17.9872 1109.88 70.8249 65.6119 13.8132 51.7987 43.6947 14.6928 29.002 93.2373 51.1355 38.8844 12.2511 12.419 3415.45 97.0544 88.1513 75.4606
internal_count=29001 21530 7471 470 7489 7001 6891 1036 565 471 386 106 86 5855 359 332 69 263 215 68 147 459 250 191 59 58 14041 400 363 311
is_linear=0
shrinkage=0.05


Tree=47
num_leaves=31
num_cat=0
split_feature=112 112 112 94 100 60 36 45 79 79 51 34 67 36 49 40 86 64 27 67 41 56 42 36 95 48 49 44 17 12
split_gain=44.8233 15.9985 15.7185 7.46708 10.0827 8.21795 7.36684 10.5243 9.21985 9.43925 12.4638 11.6554 11.2608 10.3616 9.1378 12.4828 15.2705 10.9225 10.8912 9.3256 8.96873 9.42343 12.5232 10.9357 11.1909 11.4 10.2273 8.83045 8.73053 8.71454
threshold=0.50070697654654295 0.78860361053821848 0.20765610287085756 329.22884954599323 -185.27117972554331 -10.839171575165436 69.201054279941232 -120.68116823133776 -35.867271516142175 -26.112128141434592 126.05455969459355 2189.3834907723622 66.00895821972027 23.874534121348919 2296.7408267585279 2194.8877095726571 2180.0305537851368 2403.6338087706249 5.6244948240223502 73.451236234638046 2338.3381019528561 2234.0042319993922 -17.633197965722498 65.20762874758249 2319.4043448278298 255.07047541336991 2294.1131806127423 2207.7224330078811 112.50881809658269 4686.5000000000009
decision_type=2 2 2 2 2 2 2 2 2 2 2 2 2 2 2 2 2 2 2 2 2 2 2 2 2 2 2 2 2 2
left_child=2 6 -1 4 -3 -5 7 8 28 14 11 13 -13 -11 -10 19 -17 -18 -19 -16 21 22 -14 24 25 -24 27 -23 -2 -8
right_child=1 3 -4 5 -6 -7 29 -9 9 10 -12 12 20 -15 15 16 17 18 -20 -21 -22 26 23 -25 -26 -27 -28 -29 -30 -31
leaf_value=-0.012755118525404441 0.0037770805322528676 -0.091687705743779019 -0.0027541829460586121 -0.069179862165865566 0.010271521970411149 0.027631734095922268 0.0051342817954414879 0.05400644362955246 -0.036657070431398049 -0.036038115550963666 -0.066042257244272082 0.050477574714532562 0.043208346681491101 0.0302201011072049 0.0078137536718022281 0.063724671238493721 0.0051201189164723181 -0.097275466645270661 -0.017407576437252673 -0.056830140717063306 0.054487852402483772 0.0096332644078119395 0.012866266284952611 0.033481820362983833 -0.074686002805774726 -0.077305234439285109 0.0032506445468237946 -0.0700487181224419 -0.016902679339636361 0.06418627248377573
leaf_weight=461.27576024830341 855.33575162291527 2.4407092779874793 2650.100629940629 2.2453386038541785 370.28758974373341 92.348657041788101 1293.6342972517014 8.9991537630557996 39.827402889728546 6.7359624803066245 6.9937734007835379 8.8821597993373853 5.2724551707506171 47.570572972297668 7.7568130493164089 8.4338504374027234 59.904334753751755 5.326990798115733 21.480428427457809 19.871875584125519 5.6859596222639075 5.4859783649444571 10.425895184278486 4.6039109975099555 18.716383993625641 5.2804136127233496 106.63915801048279 9.4946260750293714 54.276171997189522 6.277953013777732
leaf_count=3034 3569 12 11510 13 2483 608 5702 40 171 29 30 40 23 207 33 37 258 22 96 85 25 24 46 21 81 23 473 41 237 28
internal_value=-5.42006e-07 0.00426477 -0.00423687 0.0127879 0.00960387 0.0253338 0.00274621 0.0001196 -0.000249453 -0.00653094 -0.000266462 0.0016928 -0.00441793 0.0220017 -0.0158462 -0.00909521 -0.000503923 -0.00675099 -0.0332784 -0.0386812 -0.00725929 -0.00937533 -0.0291192 -0.0388905 -0.0485701 -0.0174491 -0.00218379 -0.0408687 0.00254313 0.00541947
internal_weight=6201.61 3090.23 3111.38 467.322 372.728 94.594 2622.91 1323 1314 404.389 241.787 234.793 180.487 54.3065 162.602 122.774 95.1456 86.7118 26.8074 27.6287 171.605 165.919 44.2991 39.0266 34.4227 15.7063 121.62 14.9806 909.612 1299.91
internal_count=29001 14457 14544 3116 2495 621 11341 5611 5571 1765 1063 1033 797 236 702 531 413 376 118 118 757 732 194 171 150 69 538 65 3806 5730
is_linear=0
shrinkage=0.05


Tree=48
num_leaves=31
num_cat=0
split_feature=112 112 82 16 46 112 88 55 45 43 34 27 84 89 57 59 92 94 15 101 39 100 29 12 72 66 12 80 84 14
split_gain=41.5353 21.1051 10.1667 9.61213 16.6105 9.39567 9.28837 20.2443 12.3464 9.20522 10.6854 10.2817 13.4214 12.9133 11.9497 12.1046 11.755 10.7946 9.43226 12.072 11.4259 14.3838 10.5061 11.4737 14.2155 9.61876 9.81368 9.12893 15.4245 12.309
threshold=0.66572713460326016 0.27970588308423411 -8.3902584237100637 -11.499999999999998 2079.7106687325791 0.92403682872143966 -62.583954856112079 2173.9140477091391 -310.26687260809416 2193.723033687133 2117.6568616416312 -5.5780725345475721 2217.7676782253616 2178.9023357102128 21.659322024963561 2203.1919131048467 2042.8166145235464 381.46770123095592 7.5000000000000009 2155.1378623806436 187.60302378161091 -117.27865424397326 2243.016397831399 915.50000000000011 120.43052120118763 99.804099859670387 730.50000000000011 2211.9125186651195 2184.4494776805632 -115.49999999999999
decision_type=2 2 2 2 2 2 2 2 2 2 2 2 2 2 2 2 2 2 2 2 2 2 2 2 2 2 2 2 2 2
left_child=1 2 3 4 -1 -2 7 8 -4 10 -3 -12 13 14 15 -13 -15 27 20 22 -11 25 23 24 -20 -22 -27 28 29 -18
right_child=5 9 6 -5 -6 -7 -8 -9 -10 18 11 12 -14 16 -16 -17 17 -19 19 -21 21 -23 -24 -25 -26 26 -28 -29 -30 -31
leaf_value=-0.015294262206818537 0.0068066668617456543 -0.033693691135598107 0.062322876495730622 -0.032405094768849167 0.12628922197022183 0.028292830234823374 -0.0085680069411783032 0.12411730556539619 -0.010768521050536033 -0.0012865220199983433 0.010681151177294032 -0.052192431708753456 -0.063743090164065638 -0.011615372450759345 0.031493643596109164 -0.0017444582914844392 0.055930036469130667 0.083978344626180423 -0.019493639940572034 -0.016521106888192243 -0.034438971033101527 0.040804822391707046 -0.056646776502950427 0.030090007255740944 0.025407444260794543 0.050270169861637209 -0.031259261313792343 0.042646290116680002 -0.01875180887177889 0.0081332714416126779
leaf_weight=9.4676787108182889 1332.7006855085492 17.731392785906792 7.2890386879444113 72.852841399610043 2.6517883464694014 52.899989366531372 779.63362947106361 3.9246853888034812 27.863440938293934 2798.6195545196533 404.13263760507107 27.862862646579742 8.4991739690303785 64.853260844945908 9.1952408701181394 20.742581740021706 17.694245263934135 5.3215666115283957 51.157287731766701 221.29800616204739 14.913375347852709 36.497559934854507 6.9317498654127112 36.029916033148766 26.894561961293221 10.382105469703676 5.7270425558090201 19.891793668270111 40.749718219041824 56.42156146466732
leaf_count=65 7001 75 41 522 19 470 4451 22 161 11643 1699 116 35 270 39 86 73 22 213 920 62 152 30 151 112 43 24 83 168 233
internal_value=1.7912e-07 -0.00219903 -0.00908424 -0.0255461 0.0156848 0.00762697 -0.00737569 0.0164123 0.00438734 -0.000604263 0.00462114 0.00562708 -0.00190344 9.70188e-05 -0.0207752 -0.0306635 0.005984 0.0141321 -0.00173306 -0.00957762 -0.000796166 0.0195284 0.00311998 0.00675148 -0.00402194 -0.00550291 0.0212852 0.0113739 0.00595828 0.0195442
internal_weight=6190.83 4805.23 903.683 84.9723 12.1195 1385.6 818.711 39.0772 35.1525 3901.55 693.096 675.365 271.232 262.733 57.8007 48.6054 204.932 140.079 3208.45 342.312 2866.14 67.5201 121.014 114.082 78.0518 31.0225 16.1091 134.757 114.866 74.1158
internal_count=29001 21530 5281 606 84 7471 4675 224 202 16249 2899 2824 1125 1090 241 202 849 579 13350 1426 11924 281 506 476 325 129 67 557 474 306
is_linear=0
shrinkage=0.05


Tree=49
num_leaves=31
num_cat=0
split_feature=112 112 3 72 21 31 46 14 83 105 103 41 33 83 31 18 62 104 12 85 18 21 96 50 100 35 44 100 62 93
split_gain=38.4413 17.2055 11.7565 11.4051 17.89 13.5344 21.4101 16.4443 13.3111 13.3132 13.2403 12.3393 10.8275 12.3599 11.1931 9.56153 9.5367 11.6109 11.397 9.55849 12.4363 11.6906 10.6827 10.6835 10.4672 10.9474 11.0542 15.0323 9.325 13.8215
threshold=0.41299063021359456 0.73630227844492346 26.500000000000004 64.425165834072786 64.441166233048236 2160.9144338464753 2063.7744997415148 -455.49999999999994 2266.754068063939 2238.204873147854 7.8164729925813399 2221.1574551756607 -112.18974052751263 2249.8039110196428 2293.244966550023 2175.9942273267943 2227.273644854075 2233.7452325707877 1745.5000000000002 -127.51347464049057 2313.8633788972243 64.582789756141736 2175.8033768423752 2112.8149278119381 -158.35487077104014 2263.8721321652006 2201.7742018022777 -173.2652088081779 2219.6041328012029 2341.3692207019781
decision_type=2 2 2 2 2 2 2 2 2 2 2 2 2 2 2 2 2 2 2 2 2 2 2 2 2 2 2 2 2 2
left_child=2 -2 -1 -4 8 6 -6 -8 10 -10 12 -12 -5 14 28 -7 17 19 -19 20 21 -17 23 24 25 26 -21 -28 29 -14
right_child=1 -3 3 4 5 15 7 -9 9 -11 11 -13 13 -15 -16 16 -18 18 -20 22 -22 -23 -24 -25 -26 -27 27 -29 -30 -31
leaf_value=-0.0013901908967526662 0.0013095860769930189 0.0095601536548976396 -0.018588990940120894 -0.04923487520040639 -0.0063885850333286328 -0.038067921331647936 -0.0068771213540447466 0.07935116181382737 0.04601897815868173 -0.024736726789536256 0.035037763053596162 -0.055471517618849379 0.0094207050869320394 -0.012829995134449122 0.071861787311146688 0.072300058988992985 -0.025222430824977889 0.0041838587832514354 0.097431568320681838 -0.044869358874641552 0.069684495226094975 -0.005629405310026956 0.03627422025599799 -0.028659482048844838 -0.012872147779267205 0.08450185774751541 -0.014812780304450743 0.084828360096044164 -0.004322318636257194 0.060941499526354373
leaf_weight=1041.8722670376301 3168.6010330170393 789.28560431301594 232.96146386116743 8.8248507156968099 72.497884683310986 35.82526982575655 8.6651073172688502 15.277713373303412 32.469735637307167 8.3598212078213674 4.7936919778585461 17.559682190418243 42.757184125483036 51.61932747811079 8.476278215646742 5.1642157882452002 103.05155809223652 9.8450796753168088 4.9115878939628592 7.5988497883081498 6.9228788614273062 70.67223995923996 10.58256885409355 99.394224971532822 235.66185310482979 5.2484442442655554 8.6385957300663012 6.7372576892375902 47.888033322989941 18.715530917048454
leaf_count=5138 13250 4748 1290 54 346 173 47 70 147 42 21 79 202 247 39 26 596 45 23 34 31 333 49 471 1065 24 39 31 251 90
internal_value=-2.39572e-07 0.00295492 -0.0052617 -0.00867678 -0.00624136 -0.010256 0.00715003 0.0481444 0.00550827 0.0315318 0.000212428 -0.0360618 0.00476058 0.00757253 0.01651 -0.0130067 -0.0114437 -0.00843147 0.0352203 -0.00984217 0.00553349 -0.000322662 -0.0132458 -0.0146883 -0.00942599 0.0193492 0.00446549 0.0288471 0.0122198 0.0251063
internal_weight=6180.88 3957.89 2222.99 1181.12 948.159 706.695 96.4407 23.9428 241.464 40.8296 200.635 22.3534 178.281 169.456 117.837 610.255 574.429 471.378 14.7567 456.621 82.7593 75.8365 373.862 363.279 263.885 28.2231 22.9747 15.3759 109.361 61.4727
internal_count=29001 17998 11003 5865 4575 3403 463 117 1172 189 983 100 883 829 582 2940 2767 2171 68 2103 390 359 1713 1664 1193 128 104 70 543 292
is_linear=0
shrinkage=0.05


end of trees

feature_importances:
goto_odds=307
tiebreak_steph_rating_diff=33
second_won_steph_rating_diff=30
a_surface_bp_steph_rating=30
b_tiebreak_steph_rating=25
bp_steph_rating_diff=23
b_surface_return_steph_rating=23
rank_diff=21
rank_points_diff=21
return_steph_rating_diff=21
surface_second_won_steph_rating_diff=20
b_player_rank_points=19
age_diff=19
surface_steph_rating_diff=19
b_surface_point_steph_rd=19
service_steph_rating_diff=18
b_bp_steph_rating=18
a_surface_return_steph_rating=18
surface_return_first_won_steph_rating_diff=18
surface_point_steph_rating_diff=17
surface_service_steph_rating_diff=17
a_bp_steph_rating=16
steph_rating_diff=15
b_return_steph_rating=15
a_tiebreak_steph_rating=15
b_ace_steph_rating=15
a_surface_service_steph_rating=15
a_surface_return_ace_steph_rating=15
point_steph_rating_diff=14
game_steph_rating_diff=14
return_ace_steph_rating_diff=14
first_won_steph_rating_diff=14
b_surface_return_ace_steph_rating=14
ace_steph_rating_diff=13
b_return_first_won_steph_rating=13
a_return_first_won_steph_rating=13
surface_game_steph_rating_diff=13
surface_set_steph_rating_diff=13
surface_tiebreak_steph_rating_diff=13
b_surface_ace_steph_rating=13
a_player_rank_points=12
a_steph_rating=12
a_steph_rd=12
a_service_steph_rating=12
a_surface_point_steph_rd=12
a_surface_return_first_won_steph_rating=12
a_surface_second_won_steph_rating=12
a_player_age=11
a_return_steph_rating=11
a_ace_steph_rating=11
b_first_won_steph_rating=11
surface_bp_steph_rating_diff=11
b_surface_bp_steph_rating=11
surface_return_ace_steph_rating_diff=11
a_player_rank=10
b_return_ace_steph_rating=10
a_return_ace_steph_rating=10
a_first_won_steph_rating=10
return_first_won_steph_rating_diff=10
a_second_won_steph_rating=10
b_surface_return_second_won_steph_rating=10
b_player_age=9
a_point_steph_rating=9
b_return_second_won_steph_rating=9
a_surface_steph_rating=9
b_surface_steph_rd=9
b_surface_return_first_won_steph_rating=9
b_steph_rd=8
b_point_steph_rating=8
a_game_steph_rating=8
a_set_steph_rating=8
b_set_steph_rating=8
b_surface_game_steph_rating=8
a_surface_first_won_steph_rating=8
a_point_steph_rd=7
b_game_steph_rating=7
a_surface_point_steph_rating=7
b_surface_point_steph_rating=7
a_surface_set_steph_rating=7
b_surface_service_steph_rating=7
a_surface_tiebreak_steph_rating=7
b_surface_tiebreak_steph_rating=7
a_surface_ace_steph_rating=7
surface_first_won_steph_rating_diff=7
b_player_rank=6
b_steph_rating=6
b_surface_steph_rating=6
a_surface_steph_rd=6
b_surface_set_steph_rating=6
b_surface_first_won_steph_rating=6
a_player_ht=5
set_steph_rating_diff=5
surface_return_steph_rating_diff=5
surface_ace_steph_rating_diff=5
b_player_ht=4
ht_diff=4
b_service_steph_rating=4
a_surface_game_steph_rating=4
return_second_won_steph_rating_diff=3
b_point_steph_rd=2
b_second_won_steph_rating=2
surface_return_second_won_steph_rating_diff=2
tourney_level=1
b_player_hand=1
a_surface_return_second_won_steph_rating=1
surface_Clay=1
surface_Hard=1

parameters:
[boosting: gbdt]
[objective: binary]
[metric: binary_logloss]
[tree_learner: serial]
[device_type: cpu]
[data_sample_strategy: bagging]
[data: ]
[valid: ]
[num_iterations: 50]
[learning_rate: 0.05]
[num_leaves: 31]
[num_threads: 0]
[seed: 0]
[deterministic: 0]
[force_col_wise: 0]
[force_row_wise: 0]
[histogram_pool_size: -1]
[max_depth: -1]
[min_data_in_leaf: 20]
[min_sum_hessian_in_leaf: 0.001]
[bagging_fraction: 1]
[pos_bagging_fraction: 1]
[neg_bagging_fraction: 1]
[bagging_freq: 10]
[bagging_seed: 3]
[bagging_by_query: 0]
[feature_fraction: 0.9]
[feature_fraction_bynode: 1]
[feature_fraction_seed: 2]
[extra_trees: 0]
[extra_seed: 6]
[early_stopping_round: 0]
[early_stopping_min_delta: 0]
[first_metric_only: 0]
[max_delta_step: 0]
[lambda_l1: 0]
[lambda_l2: 0]
[linear_lambda: 0]
[min_gain_to_split: 0]
[drop_rate: 0.1]
[max_drop: 50]
[skip_drop: 0.5]
[xgboost_dart_mode: 0]
[uniform_drop: 0]
[drop_seed: 4]
[top_rate: 0.2]
[other_rate: 0.1]
[min_data_per_group: 100]
[max_cat_threshold: 32]
[cat_l2: 10]
[cat_smooth: 10]
[max_cat_to_onehot: 4]
[top_k: 20]
[monotone_constraints: ]
[monotone_constraints_method: basic]
[monotone_penalty: 0]
[feature_contri: ]
[forcedsplits_filename: ]
[refit_decay_rate: 0.9]
[cegb_tradeoff: 1]
[cegb_penalty_split: 0]
[cegb_penalty_feature_lazy: ]
[cegb_penalty_feature_coupled: ]
[path_smooth: 0]
[interaction_constraints: ]
[verbosity: -1]
[saved_feature_importance_type: 0]
[use_quantized_grad: 0]
[num_grad_quant_bins: 4]
[quant_train_renew_leaf: 0]
[stochastic_rounding: 1]
[linear_tree: 0]
[max_bin: 255]
[max_bin_by_feature: ]
[min_data_in_bin: 3]
[bin_construct_sample_cnt: 200000]
[data_random_seed: 1]
[is_enable_sparse: 1]
[enable_bundle: 1]
[use_missing: 1]
[zero_as_missing: 0]
[feature_pre_filter: 0]
[pre_partition: 0]
[two_round: 0]
[header: 0]
[label_column: ]
[weight_column: ]
[group_column: ]
[ignore_column: ]
[categorical_feature: ]
[forcedbins_filename: ]
[precise_float_parser: 0]
[parser_config_file: ]
[objective_seed: 5]
[num_class: 1]
[is_unbalance: 0]
[scale_pos_weight: 1]
[sigmoid: 1]
[boost_from_average: 1]
[reg_sqrt: 0]
[alpha: 0.9]
[fair_c: 1]
[poisson_max_delta_step: 0.7]
[tweedie_variance_power: 1.5]
[lambdarank_truncation_level: 30]
[lambdarank_norm: 1]
[label_gain: ]
[lambdarank_position_bias_regularization: 0]
[eval_at: ]
[multi_error_top_k: 1]
[auc_mu_weights: ]
[num_machines: 1]
[local_listen_port: 12400]
[time_out: 120]
[machine_list_filename: ]
[machines: ]
[gpu_platform_id: -1]
[gpu_device_id: -1]
[gpu_use_dp: 0]
[num_gpu: 1]

end of parameters

pandas_categorical:[]
