tree
version=v4
num_class=1
num_tree_per_iteration=1
label_index=0
max_feature_idx=111
objective=binary sigmoid:1
feature_names=best_of tourney_level tourney_round a_player_age a_player_hand a_player_ht a_player_rank a_player_rank_points b_player_age b_player_hand b_player_ht b_player_rank b_player_rank_points rank_diff rank_points_diff age_diff ht_diff steph_rating_diff a_steph_rating b_steph_rating a_steph_rd b_steph_rd point_steph_rating_diff a_point_steph_rating b_point_steph_rating a_point_steph_rd b_point_steph_rd game_steph_rating_diff a_game_steph_rating b_game_steph_rating set_steph_rating_diff a_set_steph_rating b_set_steph_rating service_steph_rating_diff a_service_steph_rating b_return_steph_rating return_steph_rating_diff a_return_steph_rating b_service_steph_rating tiebreak_steph_rating_diff a_tiebreak_steph_rating b_tiebreak_steph_rating bp_steph_rating_diff a_bp_steph_rating b_bp_steph_rating ace_steph_rating_diff a_ace_steph_rating b_return_ace_steph_rating return_ace_steph_rating_diff a_return_ace_steph_rating b_ace_steph_rating first_won_steph_rating_diff a_first_won_steph_rating b_return_first_won_steph_rating return_first_won_steph_rating_diff a_return_first_won_steph_rating b_first_won_steph_rating second_won_steph_rating_diff a_second_won_steph_rating b_return_second_won_steph_rating return_second_won_steph_rating_diff a_return_second_won_steph_rating b_second_won_steph_rating surface_steph_rating_diff a_surface_steph_rating b_surface_steph_rating a_surface_steph_rd b_surface_steph_rd surface_point_steph_rating_diff a_surface_point_steph_rating b_surface_point_steph_rating a_surface_point_steph_rd b_surface_point_steph_rd surface_game_steph_rating_diff a_surface_game_steph_rating b_surface_game_steph_rating surface_set_steph_rating_diff a_surface_set_steph_rating b_surface_set_steph_rating surface_service_steph_rating_diff a_surface_service_steph_rating b_surface_return_steph_rating surface_return_steph_rating_diff a_surface_return_steph_rating b_surface_service_steph_rating surface_tiebreak_steph_rating_diff a_surface_tiebreak_steph_rating b_surface_tiebreak_steph_rating surface_bp_steph_rating_diff a_surface_bp_steph_rating b_surface_bp_steph_rating surface_ace_steph_rating_diff a_surface_ace_steph_rating b_surface_return_ace_steph_rating surface_return_ace_steph_rating_diff a_surface_return_ace_steph_rating b_surface_ace_steph_rating surface_first_won_steph_rating_diff a_surface_first_won_steph_rating b_surface_return_first_won_steph_rating surface_return_first_won_steph_rating_diff a_surface_return_first_won_steph_rating b_surface_first_won_steph_rating surface_second_won_steph_rating_diff a_surface_second_won_steph_rating b_surface_return_second_won_steph_rating surface_return_second_won_steph_rating_diff a_surface_return_second_won_steph_rating b_surface_second_won_steph_rating surface_Clay surface_Grass surface_Hard
feature_infos=[3:5] [2:6] [0.75:1] [16:42] [0:1] [168:211] [1:1809] [1:16950] [15:42] [0:1] [163:211] [1:2146] [1:16950] [-2094:1669] [-16516:16641] [-21:21] [-41:41] [-655.71860594472901:655.71860594472901] [1777.1898091151295:2642.9582206113928] [1841.0280752429217:2642.9582206113928] [62.115274135047457:300] [62.115274135047457:300] [-79.390640780011381:79.390640780011381] [2132.7487731012316:2259.371647295774] [2132.7487731012316:2284.6438980713542] [60.646286369053684:300] [60.539374839028234:300] [-171.19138089354965:166.00511141295965] [2063.781524132869:2330.0694447886253] [2062.3292148680812:2334.9727023299974] [-522.50108806751791:522.50108806751791] [1865.1662416687736:2560.8287661820336] [1892.0929608338952:2560.8287661820336] [-234.64563361881528:131.28292480212986] [2050.0010656445625:2333.70053835408] [2093.6504373938842:2345.2110464330704] [-170.44135483228865:234.64563361881528] [2067.3345215859372:2342.3309559583477] [2050.0010656445625:2333.70053835408] [-507.16595633984412:558.12220306965105] [1825.5286209386752:2593.9435321978608] [1825.5286209386752:2593.9435321978608] [-191.30134959316135:191.30134959316135] [2043.3766322634499:2386.7269943189372] [2053.1110730324149:2386.7269943189372] [-502.34698834546163:0] [1917.2789531597205:2223.3932498939475] [2200:2497.0294256842217] [0:502.34698834546163] [2200:2497.0294256842217] [1913.2297662639:2224.0928425064421] [-24.881954591812701:260.17638680271307] [2130.4005138986199:2379.6496183032182] [2024.5923326996517:2257.8454438557133] [-280.8449402277804:24.881954591812701] [2021.8206998995811:2254.9888787270361] [2130.4005138986199:2379.6496183032182] [-169.48656622610088:169.48656622610088] [2057.8371582635787:2287.4657651748935] [2057.8371582635787:2303.1851295692945] [-169.48656622610088:169.48656622610088] [2057.8371582635787:2287.4657651748935] [2057.8371582635787:2303.1851295692945] [-841.03124647270556:711.56031772053802] [1781.4625061760778:2785.6505079111857] [1781.4625061760778:2785.2104016319545] [63.183402832859386:300] [63.183402832859386:300] [-102.72805547204143:102.72805547204143] [2090.5110258551772:2272.9865534377932] [2090.5110258551772:2284.6438980713542] [61.230130425162109:300] [61.038670703784717:300] [-195.08585703817064:196.47057905182649] [2061.8417729681028:2388.3279712607227] [2061.8417729681028:2388.3279712607227] [-619.19399626083396:547.57808299078329] [1875.7880408886069:2671.5094047016087] [1877.0080965577629:2668.383600450637] [-247.29923220439832:134.06031483999277] [2031.9413816697947:2356.1865980908087] [2058.4420607214079:2372.2765960630186] [-171.99647275213283:276.26094569082261] [2047.4209348084751:2369.9663417786201] [2031.9413816697947:2356.1865980908087] [-593.3494639936273:601.40200957956404] [1798.536152060778:2592.5224802889011] [1798.536152060778:2592.5224802889011] [-233.66939043962475:203.05590897915908] [2035.1937388179056:2387.1384492321754] [2017.8261583660696:2387.1384492321754] [-521.6629885679049:23.146024099300575] [1921.9270799978403:2232.7811216784489] [2180.6023468002677:2487.8461339927317] [-23.146024099300575:510.80423878740703] [2180.6023468002677:2490.153039414432] [1921.9270799978403:2233.1491079674238] [-139.58238976676512:313.79409528682254] [2040.7015979941971:2394.0708097896231] [2024.3056362232503:2361.4645688257697] [-313.79409528682254:139.58238976676512] [2031.9082912794331:2254.9888787270361] [2040.7015979941971:2388.9584272846455] [-158.51068291252068:158.51068291252068] [2065.9168557521648:2302.7978198486589] [2065.9168557521648:2303.1851295692945] [-158.51068291252068:158.51068291252068] [2065.9168557521648:2302.7978198486589] [2065.9168557521648:2303.1851295692945] [0:1] [0:1] [0:1]
tree_sizes=3469 3453 3451 3451 3441 3455 3455 3470 3450 3468 3453 3462 3459 3441 3467 3460 3439 3462 3469 3455 3441 3453 3456 3447 3460 3452 3453 3460 3461 3447 3451 3451 3449 3442 3462 3452 3444 3457 3450 3449 3466 3471 3447 3465 3439 3436 3467 3447 3453 3447

Tree=0
num_leaves=31
num_cat=0
split_feature=22 22 22 14 14 14 63 79 14 73 76 22 20 26 68 21 68 70 22 13 68 23 42 71 68 72 13 76 22 3
split_gain=3630.54 614.276 459.914 156.941 124.12 104.594 95.8907 57.5835 54.3932 51.0966 50.0913 38.5796 38.1543 35.6842 31.8575 25.3904 25.9496 24.6218 22.8725 21.915 23.6706 21.8331 19.6929 18.8059 19.9074 17.7559 17.4052 17.0615 16.9976 19.3678
threshold=1.2458859235637194 -11.835485125870262 12.438721630462171 -2358.9999999999995 1097.5000000000002 -534.49999999999989 6.8756065976253931 -20.753797849620465 628.50000000000011 1.9150365051978044 -54.766420351876597 -5.4269720392178433 78.868426995525269 63.888676628065603 -15.731776550310313 100.62165215846359 -18.555720310275998 2211.6309006911911 4.1159141051150536 302.50000000000006 -9.294613369363331 2213.3054478346266 16.959863155986572 195.42888342331278 6.2363967497301482 165.46044512359421 -151.49999999999997 109.29438488711504 -4.1394770236490777 23.500000000000004
decision_type=2 2 2 2 2 2 2 2 2 2 2 2 2 2 2 2 2 2 2 2 2 2 2 2 2 2 2 2 2 2
left_child=1 3 6 14 12 11 19 27 18 15 13 -3 21 -5 -1 16 -7 -14 -8 20 -2 26 -20 24 -13 -22 -4 -6 29 -18
right_child=2 5 4 10 7 9 8 -9 -10 -11 -12 23 17 -15 -16 -17 28 -19 22 -21 25 -23 -24 -25 -26 -27 -28 -29 -30 -31
leaf_value=-0.082871911768646778 -0.019607434191432287 -0.04243697886921307 0.053199878448899833 -0.058421174104089257 0.039487718342821262 -0.039892809081336328 0.0018572732627613062 0.073360839540476078 0.034260549640903658 0.00074000710460939492 -0.028638428076568533 -0.021983107750780804 0.013001743526996557 -0.039563518621737154 -0.053145450700777565 0.011354578778507041 -0.0042311213257403201 -0.075246757448415885 0.024696275285744702 -0.084463384666224842 0.0024973951230097919 0.045265805486523696 0.0062917668769335135 -0.067920720429131831 0.016987556944033429 0.042734016307830074 0.022582210492295592 0.057986576639045391 -0.0097530826611565268 -0.02655216587021364
leaf_weight=470.24809402227402 123.49949944019318 488.74801903963089 56.999768972396851 670.74728137254715 238.99903130531311 133.74945789575577 255.49896442890167 481.99804639816284 561.99772214889526 548.49777686595917 313.24873036146164 272.49889552593231 81.749668657779694 400.74837571382523 111.49954807758331 72.499706149101257 120.99950957298279 8.7499645352363569 497.99798154830933 7.7499685883522025 502.74796229600906 490.99800992012024 205.24916809797287 19.499920964241028 37.249849021434784 28.999882459640503 249.99898672103882 260.49894416332245 501.24796837568283 493.74799877405167
leaf_count=1881 494 1955 228 2683 956 535 1022 1928 2248 2194 1253 1090 327 1603 446 290 484 35 1992 31 2011 1964 821 78 149 116 1000 1042 2005 1975
internal_value=-0.00401884 -0.034144 0.0305763 -0.0553818 0.0487759 -0.0186111 0.0149916 0.0610321 0.0219096 -0.01209 -0.0462264 -0.0335246 0.0352368 -0.0513683 -0.0771744 -0.0174122 -0.019081 0.00446943 0.0146698 -0.000876708 0.000111917 0.0387261 0.0193247 -0.0202948 -0.0172966 0.00469178 0.0282669 0.0491353 -0.0165868 -0.0221588
internal_weight=0 4655.23 4053.73 1966.49 1869.99 2688.74 2183.74 981.496 1520.74 1870.74 1384.74 817.997 888.496 1071.5 581.748 1322.24 1249.74 90.4996 958.746 662.997 655.247 797.997 703.247 329.249 309.749 531.748 306.999 499.498 1116 614.748
internal_count=34836 18621 16215 7866 7480 10755 8735 3926 6083 7483 5539 3272 3554 4286 2327 5289 4999 362 3835 2652 2621 3192 2813 1317 1239 2127 1228 1998 4464 2459
is_linear=0
shrinkage=1


Tree=1
num_leaves=31
num_cat=0
split_feature=22 22 14 14 68 68 68 63 17 76 13 68 25 22 15 8 14 67 13 24 14 21 13 15 13 63 63 20 30 13
split_gain=3282.2 734.389 297.529 169.667 122.358 114.07 59.9178 56.0666 44.8824 40.0879 35.5623 35.3124 30.0235 27.8434 35.9544 24.9342 22.3446 21.8332 21.3289 20.5542 19.9912 19.8533 18.0751 18.9315 17.9386 17.6637 16.7113 16.0594 15.9863 15.7499
threshold=4.1159141051150536 -10.204726018076824 719.50000000000011 -1104.4999999999998 -2.5042865915706893 26.877336218726445 -24.540477206215424 6.8756065976253931 -48.169289276074316 56.20860284083961 -65.499999999999986 -16.00318771030447 83.198271708924736 15.069603649835019 5.5000000000000009 27.500000000000004 -734.49999999999989 145.33312994903181 207.50000000000003 2210.6531506015913 -754.49999999999989 115.35658017144502 120.50000000000001 -9.4999999999999982 62.500000000000007 -65.27687337061046 -2.8293802143202806 119.09516196451263 -7.7321744707833195 -67.499999999999986
decision_type=2 2 2 2 2 2 2 2 2 2 2 2 2 2 2 2 2 2 2 2 2 2 2 2 2 2 2 2 2 2
left_child=1 3 7 6 8 9 -1 24 16 17 28 19 13 14 -9 26 -3 -4 -14 -5 -16 -21 23 -10 -2 -8 -12 -28 -6 -13
right_child=2 4 5 11 10 -7 25 12 22 -11 15 29 18 -15 20 -17 -18 -19 -20 21 -22 -23 -24 -25 -26 -27 27 -29 -30 -31
leaf_value=-0.075379751055707267 0.010739990034663784 -0.041365178438366471 0.026787058329361943 -0.026669343883843163 0.0022720223029895981 0.075112573682083378 -0.055491544972645579 0.030847401278931402 0.015541671906753797 0.05100910317887223 -0.017570569726604715 0.01449797289244549 0.0079940501033362917 0.042039102921129029 -0.084347892614376002 0.0068417901910548494 -0.021458540456802337 0.063193452723982677 -0.080109208892139669 -0.049463074048774119 0.0085425824820682152 0.02185386265371583 -0.047584216871271651 -0.012536851032661396 -0.026631703118548084 -0.035280742833760016 0.00016867861352140947 -0.045275381220544197 0.040950478409185108 -0.026268300877499835
leaf_weight=425.14591014385223 390.21045851707458 235.15888404846191 321.64730584621429 159.17794854938984 40.49758942425251 430.52180804312229 517.20975551009178 673.38921016454697 64.492186516523361 903.402702242136 243.47776871919632 24.744314715266228 81.989385947585106 371.11286669969559 5.9992990493774405 604.210867613554 351.93453039228916 47.228223219513893 7.4976974427700034 410.24101409316063 167.72228008508682 9.99641005694866 34.239288493990898 867.88258126378059 34.989362329244614 136.67516826093197 488.22176077961922 20.247117355465889 78.494017854332924 557.54885977506638
leaf_count=1703 1561 941 1287 637 162 1724 2071 2694 258 3616 974 99 328 1485 24 2417 1408 189 30 1642 671 40 137 3472 140 547 1953 81 314 2231
internal_value=0 -0.0247903 0.0380224 -0.0464917 -0.00873563 0.0528658 -0.0607676 0.0234369 -0.0185278 0.0453378 0.00157806 -0.0332318 0.0285653 0.0306186 0.0256154 -0.000721526 -0.0294321 0.0314483 0.000612297 -0.0419707 0.0053347 -0.0477666 -0.0119049 -0.0105947 0.0076647 -0.0512671 -0.00679887 -0.00164089 0.0277867 -0.024536
internal_weight=0 5269.6 3435.71 2240.74 3028.86 1702.8 1079.03 1732.91 1553.71 1272.28 1475.15 1161.71 1307.71 1218.22 847.111 1356.16 587.093 368.876 89.4871 579.415 173.722 420.237 966.614 932.375 425.2 653.885 751.947 508.469 118.992 582.293
internal_count=34836 21087 13749 8970 12117 6816 4321 6933 6216 5092 5901 4649 5232 4874 3389 5425 2349 1476 358 2319 695 1682 3867 3730 1701 2618 3008 2034 476 2330
is_linear=0
shrinkage=0.05


Tree=2
num_leaves=31
num_cat=0
split_feature=22 22 22 11 6 68 63 68 13 30 76 22 15 66 12 26 20 17 68 25 23 76 71 68 13 26 68 42 8 16
split_gain=2968.58 503.527 380.466 131.863 101.311 87.0369 78.2904 45.2465 40.0471 36.5486 36.5192 34.6218 32.7994 32.6102 28.3108 26.0149 24.928 23.9436 23.5198 19.9205 19.6536 19.833 19.5441 19.3336 23.3004 19.2398 18.2241 18.0313 17.5658 17.2103
threshold=1.2458859235637194 -11.835485125870262 12.438721630462171 12.500000000000002 20.500000000000004 -7.1589234379530344 6.8756065976253931 26.877336218726445 -7.4999999999999991 -141.64351628361212 -53.522273197496581 4.4355735508322605 5.5000000000000009 131.24434777916767 528.50000000000011 63.888676628065603 123.29602855730477 -46.899210275251328 6.2363967497301482 155.93586178668127 2211.2161225878449 131.02504584782608 71.528419389046846 -9.294613369363331 302.50000000000006 127.75901523073202 4.9491543718875173 4.5605716391348787 28.500000000000004 -15.499999999999998
decision_type=2 2 2 2 2 2 2 2 2 2 2 2 2 2 2 2 2 2 2 2 2 2 2 2 2 2 2 2 2 2
left_child=1 3 6 9 7 14 23 -4 25 -1 15 22 19 20 -3 -5 18 -16 28 -13 -6 -22 29 -2 -25 -7 -11 -14 -10 -8
right_child=2 5 4 10 13 8 11 -9 16 26 -12 12 27 -15 17 -17 -18 -19 -20 -21 21 -23 -24 24 -26 -27 -28 -29 -30 -31
leaf_value=-0.075241698139472082 -0.014939435299862578 -0.00015463578361207277 0.051021169546593692 -0.048245197184787432 0.027101211375005613 0.0031298211774239922 -0.040245870969276974 0.073584462233637696 -0.018122893627762621 -0.054072516359670468 -0.021041971996429626 0.032621757565362793 0.024083972752212617 0.0061160747426787119 -0.034757599615485052 -0.031524208807930811 -0.04132576500019685 -0.018853986872982457 0.0071099759170614885 -0.04790103272135663 0.036871148359120108 0.056190566205507046 -0.003506710635801929 0.0080571335272417791 -0.087318091436557194 0.040737047537577384 0.032121624642540314 -0.0050666887595231889 -0.0036493885832963274 0.022448646405977588
leaf_weight=349.06684228777885 124.72730405628681 108.21437564492226 615.56971707940102 567.58840166032314 246.96154667437077 456.94853335618973 11.497286289930342 347.68255878984928 554.2730280905962 357.58176970481873 286.01145987212658 908.10915899276733 110.90611974895 83.68062698841095 494.65513937175274 394.14949135482311 64.45470829308033 453.77571351826191 181.22917342185974 7.7462373822927466 360.88669224083424 210.23052342236042 151.21867446601391 531.68618723750114 6.4817941784858695 36.744088768959045 6.2394134402275077 101.68656747043133 337.14561259746552 228.43432483077049
leaf_count=1404 499 433 2469 2277 989 1828 46 1398 2218 1436 1145 3636 444 335 1981 1579 258 1816 725 31 1446 843 605 2127 26 147 25 407 1349 914
internal_value=0 -0.0272618 0.0313066 -0.0465289 0.0478899 -0.0132054 0.0171357 0.0591653 -0.00596243 -0.0636836 -0.0367277 0.0233904 0.0278337 0.0358455 -0.024384 -0.0413924 -0.0111252 -0.0271485 -0.00931049 0.0319407 0.0388865 0.0439827 0.0105715 0.00279763 0.00690842 0.00592882 -0.0525943 0.0101407 -0.0126488 0.0194444
internal_weight=0 4648.08 4047.51 1960.64 1865.01 2687.44 2182.49 963.252 1630.8 712.888 1247.75 1519.6 1128.45 901.759 1056.65 961.738 1137.1 948.431 1072.65 915.855 818.079 571.117 391.15 662.895 538.168 493.693 363.821 212.593 891.419 239.932
internal_count=34836 18621 16215 7866 7480 10755 8735 3867 6525 2865 5001 6083 4518 3613 4230 3856 4550 3797 4292 3667 3278 2289 1565 2652 2153 1975 1461 851 3567 960
is_linear=0
shrinkage=0.05


Tree=3
num_leaves=31
num_cat=0
split_feature=22 22 14 14 76 68 82 63 14 13 68 22 25 10 8 15 72 13 24 77 64 63 21 22 15 22 64 17 68 84
split_gain=2686.12 604.361 251.517 143.498 101.954 101.301 53.6802 41.0639 37.6924 30.3858 30.2858 25.2278 24.5213 25.0215 21.8242 20.2448 18.4083 18.312 18.1275 18.0327 17.9837 17.9733 17.7394 17.6828 23.2605 17.1073 16.5102 16.1662 15.9034 15.6953
threshold=4.1159141051150536 -10.204726018076824 612.50000000000011 -1104.4999999999998 117.84263318274704 -2.5042865915706893 20.077161703983624 6.8756065976253931 -734.49999999999989 -65.499999999999986 -16.00318771030447 30.663893098641669 83.198271708924736 193.50000000000003 27.500000000000004 -5.4999999999999991 207.98805103099875 207.50000000000003 2210.6531506015913 2225.3866333479846 2034.8426489930328 -101.99849220017835 115.35658017144502 13.311502755905623 5.5000000000000009 -7.1343195549691236 2250.6536659318376 -36.708144396134223 28.144238768568133 2160.037923438797
decision_type=2 2 2 2 2 2 2 2 2 2 2 2 2 2 2 2 2 2 2 2 2 2 2 2 2 2 2 2 2 2
left_child=1 3 7 6 20 8 -1 -2 27 -7 18 26 13 23 28 -10 19 -14 -5 -17 -4 -8 -20 24 -9 -21 -6 -3 -11 -27
right_child=2 5 4 10 11 9 21 12 15 14 -12 -13 17 -15 -16 16 -18 -19 22 25 -22 -23 -24 -25 -26 29 -28 -29 -30 -31
leaf_value=-0.068075339993163841 0.0060829272761906148 -0.037180007909763051 -0.056137637860372694 -0.023736052663560589 -0.026529314396660165 0.025722288693872393 -0.051970166647780924 0.028856583814038984 0.00045347727204879997 -0.0075122413513097688 -0.02194951825007857 0.0738043056563112 0.0061608777787401352 0.0043879230384117644 0.0064371144498304184 -0.025356356777275352 0.031402521355366309 -0.075598210077734651 -0.045186070119513103 -0.02660893314683322 0.036749512115680914 -0.033952036611185982 0.022236745852192735 0.03801055972672316 0.0045258576566033952 0.043340500791259978 0.055342476384528827 -0.014065401620763519 0.038242513066404388 -0.0079518081201831962
leaf_weight=469.07656209170818 402.31670625507832 268.02792496979237 5.2383220046758643 158.8311522603035 6.2219306379556647 118.90150445699692 386.2168694883585 501.11372470855713 242.32254210114479 732.25883293151855 581.27219974994659 235.14722318947315 80.953213810920715 113.51611444354057 604.15627571940422 368.42118245363235 20.242126658558846 7.4815702587366095 408.49314805865288 133.60309748351574 992.82636244595051 215.70277205109596 9.9945408254861814 359.58915583789349 122.18184022605419 15.493792027235029 597.28558601438999 105.38680776953697 19.497051656246185 398.79203839600086
leaf_count=1896 1610 1075 21 637 25 476 1558 2008 970 2930 2330 951 324 455 2417 1475 81 30 1642 535 3986 867 40 1443 489 62 2407 422 78 1596
internal_value=0 -0.0224474 0.034463 -0.0422017 0.0470605 -0.00789744 -0.055395 0.0198847 -0.0168129 0.00148639 -0.0300059 0.0599115 0.0245712 0.0266141 -0.00063888 -0.0124279 -0.0157608 -0.00075593 -0.0381175 -0.0168027 0.036262 -0.0455132 -0.0435758 0.029181 0.0240871 -0.0110509 0.0544984 -0.0306565 -0.00632558 -0.00603354
internal_weight=0 5256.69 3423.87 2229.59 1836.72 3027.1 1071 1587.15 1552.29 1474.81 1158.59 838.655 1184.84 1096.4 1355.91 1178.87 936.552 88.4348 577.319 916.31 998.065 601.92 418.488 982.885 623.296 547.889 603.508 373.415 751.756 414.286
internal_count=34836 21087 13749 8970 7390 12117 4321 6359 6216 5901 4649 3383 4749 4395 5425 4719 3749 354 2319 3668 4007 2425 1682 3940 2497 2193 2432 1497 3008 1658
is_linear=0
shrinkage=0.05


Tree=4
num_leaves=31
num_cat=0
split_feature=22 68 14 32 14 68 22 73 22 63 68 76 66 66 22 13 13 80 22 67 15 14 13 72 29 60 13 12 98 3
split_gain=2434.14 427.261 321.575 116.662 113.4 109.573 74.6201 35.36 34.9401 34.1516 32.0597 31.0292 29.926 28.9824 27.9355 26.35 21.8071 21.0749 20.274 20.0371 16.768 16.3399 15.7536 18.3762 18.2209 15.4663 15.1984 15.1506 14.9621 14.6798
threshold=1.2458859235637194 -15.461691250537795 719.50000000000011 2318.77317143965 -534.49999999999989 18.24280642273175 9.405850531518583 -0.74631253333041048 -24.744094102468804 -40.104146291171894 -5.2361682417672446 53.742769206276087 131.24434777916767 139.96538472450865 30.663893098641669 -83.499999999999986 344.50000000000006 2203.3470528502794 -4.9130493055131401 140.00816927609273 2.5000000000000004 -1296.4999999999998 99.500000000000014 148.31748074217512 2199.4827026785183 -3.0029808199135455 45.500000000000007 1028.5000000000002 2226.5305955442664 23.500000000000004
decision_type=2 2 2 2 2 2 2 2 2 2 2 2 2 2 2 2 2 2 2 2 2 2 2 2 2 2 2 2 2 2
left_child=1 3 6 22 9 11 10 15 -5 21 -2 19 17 -11 -7 -6 20 -8 29 -4 -12 -3 23 -1 -25 -22 -14 -23 -20 -17
right_child=2 4 5 8 7 14 12 -9 -10 13 16 -13 26 -15 -16 18 -18 -19 28 -21 25 27 -24 24 -26 -27 -28 -29 -30 -31
leaf_value=-0.027487098945059359 -0.01263048763336156 -0.041054222983916241 0.01829829533021974 -0.06843503026748228 0.018377646136842625 0.051850010123847746 0.023980799176079034 0.0027031956591464157 -0.048836418524677128 -0.009754519762692572 0.01607340449950596 0.040487666922794915 0.012921754471872368 -0.047774891038326245 0.07238807967931532 -0.0042565949627122153 -0.061882532348558408 0.040809212953710025 -0.048421139703720917 0.051855665814114771 0.021450612938020336 -0.054931748348586842 -0.043782851518259461 -0.06043073341353368 0.044358673693238537 -0.0024721862799181415 -0.029454965922960485 -0.021891860057245371 -0.0036950862379025308 -0.022747352900712933
leaf_weight=500.62405264377594 166.8998464345932 338.94051590561867 363.46040536463261 385.09824146330357 69.953758671879768 597.17492944002151 586.78345392644405 699.2010408192873 555.3811479061842 357.49166135489941 714.24009656906128 555.4322856515646 75.158532291650772 58.297401815652847 229.08136597275734 135.04932035505772 10.201672106981276 272.41812409460545 19.479578152298927 50.687052085995674 87.928170993924141 39.10639588534832 152.12359882891178 5.490512520074847 16.969826832413673 291.69117832183838 29.448813647031784 307.72616255283356 466.48660188913345 523.08633553981781
leaf_count=2013 668 1366 1459 1569 280 2419 2356 2798 2249 1433 2861 2238 301 234 935 541 41 1095 78 204 352 157 613 22 68 1168 118 1236 1867 2097
internal_value=0 -0.0247304 0.0284106 -0.0454774 -0.0136118 0.0441653 0.0157504 -0.00625371 -0.0568615 -0.0263917 0.00779405 0.032764 0.0262422 -0.0150853 0.0575442 -0.0114122 0.0108816 0.0293164 -0.0132336 0.0224053 0.0115602 -0.0332469 -0.0296207 -0.0255021 0.0187425 0.00306886 0.00099196 -0.0256172 -0.0054879 -0.0189531
internal_weight=0 4630.51 4030.61 1615.69 3014.82 1795.84 2234.77 1913.26 940.479 1101.56 1270.96 969.58 963.809 415.789 826.256 1214.06 1104.06 859.202 1144.1 414.147 1093.86 685.773 675.208 523.084 22.4603 379.619 104.607 346.833 485.966 658.136
internal_count=34836 18621 16215 6534 12087 7255 8960 7661 3818 4426 5090 3901 3870 1667 3354 4863 4422 3451 4583 1663 4381 2759 2716 2103 90 1520 419 1393 1945 2638
is_linear=0
shrinkage=0.05


Tree=5
num_leaves=31
num_cat=0
split_feature=22 22 14 12 68 68 63 11 30 17 76 68 13 25 10 25 67 80 22 15 8 17 65 13 14 13 15 13 73 90
split_gain=2209.76 502.929 210.165 124.045 85.0003 81.9045 38.6435 38.1502 32.8673 32.7925 29.6242 29.6217 27.4525 22.0007 22.5805 19.3671 18.5927 17.4258 17.321 24.8831 16.7122 16.7981 16.7348 16.2851 15.4867 15.2522 15.878 14.8681 14.4433 17.8759
threshold=4.1159141051150536 -10.204726018076824 719.50000000000011 2922.5000000000005 26.877336218726445 -2.5042865915706893 6.8756065976253931 65.500000000000014 -138.46796215565629 -51.968944808267217 56.20860284083961 -28.579208914856505 -111.49999999999999 83.198271708924736 193.50000000000003 170.71473271698682 145.33312994903181 2202.0888849116359 14.797173681471806 5.5000000000000009 27.500000000000004 -6.7389070452106798 2200.0045583703668 207.50000000000003 -74.499999999999986 128.50000000000003 -5.4999999999999991 62.500000000000007 -2.6206782995150202 2215.8473849774941
decision_type=2 2 2 2 2 2 2 2 2 2 2 2 2 2 2 2 2 2 2 2 2 2 2 2 2 2 2 2 2 2
left_child=1 3 6 7 10 9 27 11 -5 24 16 -1 -7 14 18 20 -4 -9 19 -8 21 22 -14 -15 -3 26 -11 -2 -13 -30
right_child=2 5 4 8 -6 12 13 17 -10 25 -12 28 15 23 -16 -17 -18 -19 -20 -21 -22 -23 -24 -25 -26 -27 -28 -29 29 -31
leaf_value=-0.052717289849643884 0.0088230006750565065 -0.029371903828264267 0.021208174807590775 -0.068243948198230917 0.063474046493310898 0.034177145153400465 0.027771495402462987 -0.019032173687599893 -0.045846866198581526 0.0044297202225061037 0.042393203162890608 -0.033417547503133117 0.0115757340501089 0.0058748571747933463 0.0053167904773838651 -0.044971772121488097 0.054984816763078072 0.026354522557775973 0.036743788086138797 0.00482902547603992 0.0067878995528639022 0.003238493204309403 -0.016113671579953207 -0.07142993781442368 -0.0078952699052231672 -0.043024702499997444 -0.011820659478947889 -0.025220983493908306 -0.028304595377356093 0.018164760454079259
leaf_weight=196.88276505470276 389.87904942035675 430.55210065841675 319.9536212682724 319.36492824554443 419.00731725990772 60.862301051616669 590.43907679617405 316.6003202944994 336.28343826532364 185.31864255666733 891.54184058308601 926.21983061730862 65.477734744548798 81.906541004776955 128.25034561753273 23.663940817117691 46.687834486365318 22.66212509572506 345.4840984493494 147.76209503412247 616.25485992431641 380.55583815276623 327.48483143746853 7.4307162016630164 104.26708817481995 33.571622163057327 795.87166634202003 34.945898786187172 61.77767850458622 31.120955377817154
leaf_count=801 1561 1732 1287 1317 1724 244 2373 1273 1370 742 3616 3745 262 328 515 95 189 91 1394 592 2466 1523 1311 30 418 135 3189 140 248 125
internal_value=0 -0.0203911 0.0313639 -0.0385158 0.0439689 -0.00713924 0.019116 -0.0308261 -0.0567564 -0.0151658 0.0374731 -0.0349625 0.00129713 0.0233906 0.0251558 -0.000118672 0.0255093 -0.0160004 0.0275037 0.0231792 0.00064505 -0.0042489 -0.0114999 -0.000555047 -0.0251849 -0.0098853 -0.00875143 0.00602256 -0.0315324 -0.0127374
internal_weight=0 5234.79 3403.29 2210.91 1677.19 3023.88 1726.1 1555.26 655.648 1549.58 1258.18 1216 1474.3 1301.27 1211.94 1413.44 366.641 339.262 1083.69 738.201 1389.77 773.518 392.963 89.3373 534.819 1014.76 981.19 424.825 1019.12 92.8986
internal_count=34836 21087 13749 8970 6816 12117 6933 6283 2687 6216 5092 4919 5901 5232 4874 5657 1476 1364 4359 2965 5562 3096 1573 358 2150 4066 3931 1701 4118 373
is_linear=0
shrinkage=0.05


Tree=6
num_leaves=31
num_cat=0
split_feature=22 68 14 14 76 22 27 63 13 22 14 20 15 22 33 21 72 66 63 82 13 21 110 86 0 31 79 36 25 12
split_gain=2001.6 459.714 193.523 147.774 82.7348 70.7472 50.8404 31.8977 29.5187 28.3487 25.1228 24.5018 21.0858 21.0644 19.9102 18.3188 18.3145 16.5754 19.5659 16.4304 15.8763 15.8338 15.1568 14.7522 14.7047 14.6775 14.5845 15.1671 15.3423 16.0824
threshold=4.1159141051150536 -9.093846515442463 612.50000000000011 -754.49999999999989 117.84263318274704 -4.9130493055131401 -43.505113077224443 6.8756065976253931 -11.499999999999998 -11.835485125870262 -674.49999999999989 195.71026719314241 -5.4999999999999991 30.663893098641669 -31.954876661955492 115.35658017144502 104.64981529043799 139.96538472450865 -33.738871590065848 20.077161703983624 -42.499999999999993 100.62165215846359 1.0000000180025095e-35 2304.1509887538609 4.0000000000000009 2294.998399348196 -105.16507871544762 92.718695788846631 62.851037305647942 226.50000000000003
decision_type=2 2 2 2 2 2 2 2 2 2 2 2 2 2 2 2 2 2 2 2 2 2 2 2 2 2 2 2 2 2
left_child=1 3 7 6 26 10 19 -2 15 16 17 -10 22 -6 -9 23 -5 18 -3 -1 -18 -14 -11 -7 -21 -15 -4 28 -28 -30
right_child=2 5 4 9 13 8 -8 14 11 12 -12 -13 21 25 -16 -17 20 -19 -20 24 -22 -23 -24 -25 -26 -27 27 -29 29 -31
leaf_value=-0.064252027160172295 0.0049756262336133963 -0.033402238576450465 0.0023874600792481784 -0.033232656770858023 0.04785710646785353 0.00250254899200161 -0.037830092580875364 0.016426430734515319 -0.0027291349936297109 0.01168132585523596 -0.0099416096648233462 -0.055361560871391262 -0.022039177063283125 0.014914236020855634 0.029973520152945438 0.036749825443594973 0.038822681254749095 -0.055538857391962453 -0.0074560801122112719 -0.038443922595015001 -0.019603642141358468 0.013226883722258173 -0.027518847233143063 0.021507996724896176 -0.067681408211739943 0.068917452259113193 0.035004289163197637 0.042871734663887572 0.052295079941517969 0.015467374740101125
leaf_weight=352.87066742777824 402.0233931094408 171.87448251247406 41.645474269986153 506.78905121982098 592.2857798486948 420.1906806230545 758.68675400316715 756.29069332778454 1061.2057513147593 105.6997986882925 663.92732252180576 22.58274994790554 457.93048532307148 13.366433799266813 422.87054915726185 57.579158276319504 15.953030928969381 43.309985816478729 125.87183311581612 153.00091142952442 42.878581643104553 34.205522820353508 32.16176064312458 134.87772284448147 59.818206414580345 214.41508370637894 401.77477270364761 261.27271856367588 33.622076794505119 250.57026763260365
leaf_count=1467 1610 695 168 2052 2432 1682 3092 3043 4249 424 2663 91 1840 55 1706 231 64 175 506 630 173 137 129 540 247 896 1628 1061 136 1014
internal_value=0 -0.0194241 0.0299157 -0.0347849 0.0410844 -0.00509483 -0.0462892 0.017138 0.00113304 -0.0220417 -0.0156076 -0.00382583 -0.0147466 0.0528266 0.0212847 0.0099054 -0.0301672 -0.0266375 -0.0224335 -0.0576344 -0.00376051 -0.019588 0.00253631 0.00712074 -0.0466619 0.0657485 0.0313468 0.03262 0.0287153 0.0198244
internal_weight=0 5221.41 3390.14 2519.99 1808.95 2701.42 1324.38 1581.18 1696.44 1195.62 1004.98 1083.79 629.998 820.067 1179.16 612.648 565.621 341.056 297.746 565.69 58.8316 492.136 137.862 555.068 212.819 227.782 988.885 947.24 685.967 284.192
internal_count=34836 21087 13749 10255 7390 10832 5436 6359 6793 4819 4039 4340 2530 3383 4749 2453 2289 1376 1201 2344 237 1977 553 2222 877 951 4007 3839 2778 1150
is_linear=0
shrinkage=0.05


Tree=7
num_leaves=31
num_cat=0
split_feature=22 68 14 12 22 63 13 35 14 63 13 71 28 26 30 25 10 68 68 73 26 33 15 11 30 86 45 33 65 68
split_gain=1813.59 420.869 177.725 109.192 99.8632 77.8608 31.6609 31.3694 31.14 28.9073 24.9505 24.8482 20.1926 19.9451 19.2926 19.0071 20.503 18.8669 18.7775 16.3084 15.9327 15.7595 15.5874 15.2795 15.2513 14.9856 14.8568 15.3656 14.7484 14.6757
threshold=4.1159141051150536 -13.223906296201902 612.50000000000011 2922.5000000000005 -4.9130493055131401 159.6232873214424 -11.499999999999998 2254.9915900573219 -59.499999999999993 6.8756065976253931 155.50000000000003 179.63463915803138 2271.3588240165377 109.9840343313392 -138.46796215565629 83.198271708924736 193.50000000000003 13.459496060512949 -28.579208914856505 -0.32395455015057439 148.65232669565282 -56.208704472682477 -1.4999999999999998 157.50000000000003 -133.07336669143771 2304.1509887538609 -239.45560114735233 -111.62835315570577 2295.0029178009786 17.714722140763801
decision_type=2 2 2 2 2 2 2 2 2 2 2 2 2 2 2 2 2 2 2 2 2 2 2 2 2 2 2 2 2 2
left_child=1 3 9 8 7 17 13 10 18 -2 21 29 -7 25 -5 16 -11 -4 28 26 -10 22 -3 -24 -21 -6 -9 -28 -1 -8
right_child=2 4 5 14 6 12 11 19 20 15 -12 -13 -14 -15 -16 -17 -18 -19 -20 24 -22 -23 23 -25 -26 -27 27 -29 -30 -31
leaf_value=-0.016785510789894483 0.0047273850535421236 -0.0022945395469527699 0.025253607207898671 -0.064480015732902171 0.0017781454673362772 0.046304823594497529 -0.004339843600415374 -0.041368113081645931 -0.017080841507071218 0.024402907460063739 -0.039662237185361437 -0.038880570657539637 0.06429570186895836 0.036705141777750812 -0.046036318413551491 -0.0020622154026288492 0.0019219615381582816 0.038535508968532056 -0.029552210059908979 -0.066029255419036509 0.034830779339050037 0.0039172715284247674 -0.021968134679950957 0.031051087441861254 -0.0024045613005352772 0.020485357108283784 0.0080934768486789817 -0.026583277314621026 -0.050384145093127802 0.026326669043840695
leaf_weight=38.626915067434311 401.97869457304478 221.32224743068218 625.02533946931362 294.59705922007561 451.62275326251984 471.85025377571583 1075.1733056902885 165.21207205951214 245.90714281797409 975.65474447607994 67.985708758234978 51.107389822602272 232.97134326398373 58.969684407114983 273.34316474199295 88.236138477921486 113.18736554682255 467.26120732724667 822.98175387084484 10.348126798868178 15.72609196603298 201.48653733730316 302.64764724671841 14.227628856897352 104.87974201142788 140.31153658032417 35.026536792516708 363.19178953766823 211.50536155700684 40.482097312808037
leaf_count=157 1610 890 2535 1248 1808 1957 4306 668 991 3940 275 206 981 237 1130 354 455 1917 3353 42 63 810 1218 57 421 562 142 1470 871 162
internal_value=0 -0.0185082 0.0285421 -0.0372409 -0.00772056 0.0392955 0.000139995 -0.0173334 -0.0294276 0.0163038 -0.010675 -0.00478881 0.0522515 0.00897502 -0.0556033 0.0202573 0.022066 0.0309354 -0.0331985 -0.0252577 -0.0139606 -0.00801069 -0.0124762 -0.0195876 -0.00811843 0.00621248 -0.0287628 -0.0235332 -0.0451956 -0.00322709
internal_weight=0 5206.68 3376.17 1902.69 3303.99 1797.11 1817.67 1486.33 1334.75 1579.06 807.67 1166.76 704.822 650.904 567.94 1177.08 1088.84 1092.29 1073.11 678.658 261.633 739.684 538.198 316.875 115.228 591.934 563.43 398.218 250.132 1115.66
internal_count=34836 21087 13749 7813 13274 7390 7281 5993 5435 6359 3250 4674 2938 2607 2378 4749 4395 4452 4381 2743 1054 2975 2165 1275 463 2370 2280 1612 1028 4468
is_linear=0
shrinkage=0.05


Tree=8
num_leaves=31
num_cat=0
split_feature=22 68 22 32 14 31 63 68 14 42 22 71 63 14 68 68 11 59 15 68 20 57 80 8 69 56 98 20 14 12
split_gain=1645.95 309.444 237.358 92.5756 81.3845 70.8474 46.4351 37.8392 28.8946 30.5418 27.8337 27.4928 35.7169 22.0247 21.653 20.96 17.7187 17.3546 16.2169 16.0478 15.9612 15.7224 15.0371 15.0173 14.2779 14.0914 14.8746 15.5727 13.8374 15.4321
threshold=1.2458859235637194 -15.461691250537795 12.438721630462171 2318.77317143965 -344.49999999999994 2319.8252796085844 -2.8293802143202806 29.722429008421845 428.50000000000006 16.959863155986572 -24.744094102468804 136.21564234444108 -38.661796815626069 -1296.4999999999998 0.7414873430127501 24.2383754241846 159.50000000000003 2226.600666181746 3.5000000000000004 8.2151222473983143 83.965242957549137 -10.815525751831499 2214.6288230009809 23.500000000000004 2204.1337348514567 2259.1869650240219 2299.804008793612 66.457059870917462 242.50000000000003 836.50000000000011
decision_type=2 2 2 2 2 2 2 2 2 2 2 2 2 2 2 2 2 2 2 2 2 2 2 2 2 2 2 2 2 2
left_child=1 3 6 -1 11 21 24 20 9 -8 -5 12 13 -3 16 22 18 25 -6 -13 -7 -4 -11 -10 -2 26 27 -15 -23 -30
right_child=2 4 5 10 14 7 8 -9 23 15 -12 19 -14 17 -16 -17 -18 -19 -20 -21 -22 28 -24 -25 -26 -27 -28 -29 29 -31
leaf_value=-0.024245577981550245 -0.011858361727532287 -0.033960296763494706 -0.023254472844156267 -0.059396898845359473 -0.0051206232556762626 0.040147755767060936 0.016342753936236461 0.060095300682355912 0.010574070338378072 -0.0049204205845601616 -0.041565502354049343 -0.046097258836941164 -0.0066662245048833575 0.021807813250780485 0.0053982388139606407 0.049103320629067346 0.014927748465883191 -0.040503727699752239 -0.019361657060141643 -0.00071640064862267419 -0.013838091635068031 0.015068645492663284 -0.050801730686201765 0.027776854414829456 0.0053379207481584513 -0.020136598501299566 0.047797804864152672 -0.016692227046465901 0.03270905217292934 -0.0042973401204382186
leaf_weight=666.86511294543743 171.11186470091343 321.452029556036 16.745288595557213 367.4460776746273 726.24626173079014 785.47800289094448 612.25199289619923 297.48032402992249 162.50341898202896 196.81933172047138 541.14935564994812 133.81198845803738 486.70010367035866 36.699752271175385 497.72915741801262 16.668690770864487 83.535134136676788 66.136116296052933 275.83119677007198 22.800249427556992 13.93419289588928 210.51853333413601 19.63998518884182 578.4381590038538 409.77755516767502 242.27768611907959 14.419909626245497 92.378218755125999 455.16929940879345 30.030153959989548
leaf_count=2716 686 1317 68 1569 2915 3248 2463 1271 659 791 2249 544 1956 148 1993 67 335 268 1108 92 56 851 79 2348 1642 980 58 373 1863 123
internal_value=0 -0.0204499 0.0235287 -0.0383931 -0.011027 0.0368979 0.012367 0.0448718 0.0167959 0.0104784 -0.0487767 -0.0197332 -0.0172776 -0.0239557 -0.00323716 -0.00492301 -0.0071963 -0.0168392 -0.0090406 -0.0394905 0.0392068 0.0246215 -0.00908337 0.0240039 0.000272433 -0.0127822 -0.000365279 -0.00574581 0.0257739 0.0304186
internal_weight=0 4575.48 3976.57 1575.46 3000.02 1809.36 2167.21 1096.89 1586.32 845.38 908.595 1416.68 1260.06 773.364 1583.34 233.128 1085.61 451.912 1002.08 156.612 799.412 712.463 216.459 740.942 580.889 385.776 143.498 129.078 695.718 485.199
internal_count=34836 18621 16215 6534 12087 7480 8735 4575 6407 3400 3818 5736 5100 3144 6351 937 4358 1827 4023 636 3304 2905 870 3007 2328 1559 579 521 2837 1986
is_linear=0
shrinkage=0.05


Tree=9
num_leaves=31
num_cat=0
split_feature=22 22 14 12 68 76 68 13 26 30 20 11 68 55 13 14 15 76 22 13 79 65 11 15 15 37 83 38 22 70
split_gain=1497.07 355.118 152.54 97.5314 57.3789 53.2708 48.6613 33.1147 29.6995 27.0838 26.2257 25.5355 25.3211 22.7323 21.8534 20.2369 19.2779 18.9002 18.3312 18.2807 18.0137 17.3687 16.5394 16.3754 15.7226 15.1643 15.396 17.3176 14.9616 13.8953
threshold=4.1159141051150536 -10.204726018076824 1200.5000000000002 2922.5000000000005 -7.1589234379530344 103.94232808266885 17.153141651407854 -11.499999999999998 63.970626443450065 -138.46796215565629 123.29602855730477 303.50000000000006 -5.6107866277352505 2137.2502491265245 78.500000000000014 -754.49999999999989 2.5000000000000004 -147.50351976125236 30.663893098641669 97.500000000000014 -67.942235313005298 2167.9725834509295 177.50000000000003 -1.0000000180025095e-35 -4.4999999999999991 2207.353626400416 2237.6944569141433 2198.2711815454531 11.536658502210459 2208.4546110227125
decision_type=2 2 2 2 2 2 2 2 2 2 2 2 2 2 2 2 2 2 2 2 2 2 2 2 2 2 2 2 2 2
left_child=1 3 6 8 15 -4 11 22 17 -5 23 12 21 -8 16 -3 -14 -1 -7 20 -10 -2 25 29 -17 -6 -27 -28 -18 -9
right_child=2 4 5 9 7 18 13 10 19 -11 -12 -13 14 -15 -16 24 28 -19 -20 -21 -22 -23 -24 -25 -26 26 27 -29 -30 -31
leaf_value=-0.043169603076066508 -0.079432312306544003 -0.029303010837218757 0.027978932152712816 -0.059707881776541627 -0.039926309240101709 0.044544344333271084 0.0019748298974023647 0.013465104800105876 -0.018110280267446096 -0.038936194202027763 -0.034224350961425801 0.052201218261830974 0.020186611264717141 0.033021826383634663 -0.0179177796331003 0.00060630487781608133 0.0008828821884298701 -0.026908899770192812 0.062827504510496887 -0.033569819944330385 0.004188990590891394 -0.0034699242170692039 0.02866313931029222 -0.0088679228212659392 -0.016473216629879574 0.021300525192087222 -0.0046270287345446855 0.017108628980928253 0.01984712986356266 -0.0029112711014984117
leaf_weight=244.6647235751152 7.9716955870389929 222.77994237840176 486.90517005324364 301.91424775123596 18.221442982554436 493.88225793838501 65.717729538679123 188.57258324325085 370.65201179683208 326.79036782681942 75.365818858146667 41.282507508993149 843.03449600934982 573.21706958115101 50.216134920716286 182.72789365053177 300.12417693436146 662.82258662581444 189.77763511240482 132.86267097294331 119.84922622144222 134.31634010374546 84.238203600049019 745.90706080198288 513.14139884710312 133.07296630740166 306.28984406590462 130.76277020573616 159.15627829730511 413.70653784275055
leaf_count=1026 32 909 2000 1317 73 2083 266 755 1509 1370 305 168 3415 2356 202 734 1209 2720 831 544 484 539 339 2992 2067 533 1227 524 648 1659
internal_value=0 -0.0168538 0.0260647 -0.0323304 -0.00576763 0.040618 0.0182324 -0.00120114 -0.0255209 -0.0489111 -0.00552088 0.0134091 0.0123378 0.0298285 0.0144485 -0.0161873 0.0156965 -0.0312929 0.0496196 -0.017118 -0.0126617 -0.00772572 0.00794174 -0.00391631 -0.0119883 0.0049749 0.00640996 0.00187611 0.00745464 0.00221614
internal_weight=0 5174.34 3345.6 2159.56 3014.79 1170.57 2175.04 2096.14 1530.85 628.705 1423.55 1536.1 1494.82 638.935 1352.53 918.649 1302.31 907.487 683.66 623.364 490.501 142.288 672.585 1348.19 695.869 588.347 570.126 437.053 459.28 602.279
internal_count=34836 21087 13749 8970 12117 4914 8835 8407 6283 2687 5711 6213 6045 2622 5474 3710 5272 3746 2914 2537 1993 571 2696 5406 2801 2357 2284 1751 1857 2414
is_linear=0
shrinkage=0.05


Tree=10
num_leaves=31
num_cat=0
split_feature=22 30 31 75 76 73 13 17 57 13 11 15 49 73 13 72 76 79 13 24 13 93 83 63 43 22 6 12 99 22
split_gain=1357.52 327.284 137.616 93.8592 68.5434 59.8146 48.1148 40.7714 25.2364 24.487 24.1705 22.6555 21.7519 20.5564 19.8448 19.5307 20.3759 19.0951 18.3103 23.6943 18.146 17.8773 17.3945 16.7016 15.4004 15.3874 14.9025 14.8327 19.8299 14.3915
threshold=4.1159141051150536 -65.733719586883794 2319.8252796085844 2243.6996479352042 120.01467517255072 -3.3418806270146884 -51.499999999999993 -173.29197277543719 10.962418343781794 207.50000000000003 242.50000000000003 -5.4999999999999991 2352.554119892699 -9.5177687087893883 -73.499999999999986 192.75618471948849 -125.5452971515267 -89.905454353089667 101.50000000000001 2211.2913400388629 97.500000000000014 2381.7739825485273 2210.8499155263139 269.40259151296829 2205.171169120857 30.663893098641669 454.50000000000006 2922.5000000000005 2185.7826904190511 -14.864458255072803
decision_type=2 2 2 2 2 2 2 2 2 2 2 2 2 2 2 2 2 2 2 2 2 2 2 2 2 2 2 2 2 2
left_child=1 3 6 8 20 9 13 -5 18 11 -9 -3 25 -2 -7 16 -13 -8 19 21 -4 -1 -16 26 -24 -6 -19 28 29 -18
right_child=2 5 4 7 12 14 17 10 -10 -11 -12 15 -14 -15 22 -17 27 23 -20 -21 -22 -23 24 -25 -26 -27 -28 -29 -30 -31
leaf_value=-0.010518372134905951 -0.0045804333414454033 0.00099169231391779493 0.027251894799585286 -0.052877326285619621 0.04395785719550678 0.024259105967214548 -0.010370615831989304 -0.034382713149420124 0.023236833608994718 -0.050564161161060321 0.071303534245970829 -0.034420398459876253 -0.012110336947662906 0.028025742314534863 -0.029886233505851723 0.0240240669957783 -0.048813186446325249 0.010227444820197424 -0.033311650345403385 -0.024351013450381133 -0.036931999464949551 0.025104101377251588 0.0084545315132046328 0.043784819884960913 -0.0030361493133073494 0.06061948084944227 -0.056604204461710231 -0.029399427229413772 0.0061061140696529589 -0.012515816140084363
leaf_weight=210.21494954824448 52.312263444066048 321.20725464820862 878.19471657276154 428.89880396425724 476.48405466973782 94.508186742663383 118.09779581427574 762.73107117414474 33.997092261910439 39.955625310540199 5.448539435863494 119.3145763874054 14.982529178261755 636.25533190369606 45.394046381115913 33.37319552898407 28.139751881361008 900.50861939787865 214.6108126193285 376.09050780534744 11.151924416422842 42.309036538004875 491.76584526896477 37.211001396179199 716.37757790088654 195.39505402743816 8.4192827194929105 120.8488165140152 147.62456060945988 924.36807295680046
leaf_count=852 211 1295 3612 1871 2028 381 475 3192 138 164 22 486 61 2616 183 134 115 3645 886 1541 45 171 1970 152 2870 870 34 494 597 3725
internal_value=0 -0.0160677 0.0248899 -0.0314234 0.0356102 -0.00573572 0.0152497 -0.0405281 -0.0189989 -0.011875 -0.0336331 -0.0109629 0.0474747 0.0255486 0.0021651 -0.0137583 -0.0146991 0.00858631 -0.0207017 -0.0163967 0.0264471 -0.00455002 0.000499358 0.0109525 0.00164105 0.0488034 0.00960839 -0.0127719 -0.0109454 -0.0135881
internal_weight=0 5157.18 3329.01 2074.3 1576.21 3082.88 1752.8 1197.08 877.222 1734.83 768.18 1694.88 686.862 688.568 1348.05 1373.67 1340.3 1064.24 843.225 628.614 889.347 252.524 1253.54 946.139 1208.14 671.879 908.928 1220.98 1100.13 952.508
internal_count=34836 21087 13749 8673 6616 12414 7133 5085 3588 7010 3214 6846 2959 2827 5404 5551 5417 4306 3450 2564 3657 1023 5023 3831 4840 2898 3679 4931 4437 3840
is_linear=0
shrinkage=0.05


Tree=11
num_leaves=31
num_cat=0
split_feature=22 22 68 12 31 14 14 68 68 78 63 71 35 71 15 21 30 79 13 13 40 32 38 58 13 11 21 25 3 33
split_gain=1236.44 247.844 205.711 63.7543 59.5652 54.5268 51.9924 39.1574 27.9756 25.1226 22.351 21.1563 20.9605 19.7877 19.2789 21.1651 18.8514 18.2617 16.6651 16.0686 15.86 16.1812 15.1172 14.8313 14.6797 14.6167 14.3731 14.228 16.1427 17.8402
threshold=-1.1834721370157693 12.438721630462171 -17.700377032757839 3002.5000000000005 2298.6453303983985 -534.49999999999989 132.50000000000003 26.877336218726445 -7.3507896263797639 2244.3442247009857 -54.863119371407031 93.088694007940106 2207.1790720392423 209.18265904618249 -2.4999999999999996 83.51780821211014 66.291242349551808 -93.30092274775437 166.50000000000003 -57.499999999999993 2203.8604915761603 2290.6129981320223 2214.4908155662129 2213.2854231134947 64.500000000000014 41.500000000000007 85.370543704817422 88.886223160431783 23.500000000000004 -57.470469394102558
decision_type=2 2 2 2 2 2 2 2 2 2 2 2 2 2 2 2 2 2 2 2 2 2 2 2 2 2 2 2 2 2
left_child=2 6 3 14 -3 10 13 18 23 19 22 20 -10 17 24 -16 -14 -2 -6 26 21 -12 25 -8 -1 -4 -7 28 -11 -30
right_child=1 4 5 -5 7 9 8 -9 12 27 11 -13 16 -15 15 -17 -18 -19 -20 -21 -22 -23 -24 -25 -26 -27 -28 -29 29 -31
leaf_value=-0.010887822488525101 -0.014413777788513812 0.01863292924929761 -0.01838088318424198 -0.052772382973901681 0.033134594999137228 -0.0066038947808424956 -0.02354096170759264 0.051736346183524753 0.044575290250578846 0.0048029465418330999 0.042840335454275194 -0.030505709503834418 0.011878920753195141 -0.032079850018481681 -0.038408208511171195 9.8678384000442453e-05 0.025720430455495324 0.0043501548931080686 -0.055032936598461014 -8.1390644359636196e-05 -0.011834847163430251 -0.0040465966862040861 -0.037366942272618435 0.01281023229819468 -0.031237086494238321 -0.047508645010959874 0.048005169825489552 -0.032918219537840118 -0.016669008221166733 -0.00083075206194317534
leaf_weight=194.80649533867836 149.64220534265041 534.6050838381052 413.0571420788765 421.26900839805603 840.59064348042011 18.437777817249298 70.030491545796394 389.1768770813942 63.400678351521492 172.68095329403877 29.744790717959404 118.30576309561729 1036.6704643070698 44.695345059037209 455.34086494147778 38.719160184264183 322.51939870417118 971.46295621991158 5.3939540386199942 419.87393945455551 263.36918349564075 48.250958353281021 219.20356129109859 46.818982273340225 162.59871610999107 48.083952277898788 34.775019317865372 67.005392089486122 598.43023863434792 252.9504766613245
leaf_count=805 601 2196 1708 1873 3532 74 281 1730 258 694 120 484 4197 181 1910 157 1324 3904 22 1688 1067 196 919 188 685 198 140 271 2416 1017
internal_value=0 0.0180277 -0.020287 -0.0368628 0.0325758 -0.0124855 0.00851031 0.0386106 0.0145424 -0.00642408 -0.020802 -0.0122847 0.0164741 0.000544934 -0.0289914 -0.0353904 0.0151633 0.00184559 0.0325724 0.00319909 -0.00596988 0.0138344 -0.0265567 -0.00897585 -0.0201456 -0.0214181 0.0290836 -0.0105967 -0.00913617 -0.0119634
internal_weight=0 4475.01 3976.9 1272.73 1769.77 2704.17 2705.24 1235.16 1539.44 1564.15 1140.02 459.671 1422.59 1165.8 851.465 494.06 1359.19 1121.11 845.985 473.087 341.365 77.9957 680.345 116.849 357.405 461.141 53.2128 1091.07 1024.06 851.381
internal_count=34836 18414 16422 5430 7480 10992 10934 5284 6248 6300 4692 1867 5779 4686 3557 2067 5521 4505 3554 1902 1383 316 2825 469 1490 1906 214 4398 4127 3433
is_linear=0
shrinkage=0.05


Tree=12
num_leaves=31
num_cat=0
split_feature=22 22 14 14 22 76 22 14 6 72 71 26 24 82 30 15 109 84 22 43 104 30 3 102 82 25 56 17 31 12
split_gain=1121.83 275.701 124.176 74.6266 53.8559 45.7056 34.5222 27.8862 26.6107 23.4489 23.0182 22.1095 21.0659 20.8378 18.381 18.2767 17.2492 17.0993 16.5986 15.8049 15.8009 15.581 15.0648 15.4937 14.7203 14.0079 13.9751 13.4003 15.4881 13.3177
threshold=4.1159141051150536 -11.835485125870262 1200.5000000000002 -2358.9999999999995 -4.9130493055131401 103.94232808266885 10.385690713387932 -714.49999999999989 65.500000000000014 145.3740366989521 195.42888342331278 109.9840343313392 2196.9953074740638 20.077161703983624 -138.46796215565629 5.5000000000000009 1.0000000180025095e-35 2166.1453685940814 30.663893098641669 2233.9355056836007 2194.2965331991536 6.5985371208339538 23.500000000000004 2227.9011366353393 95.595982655676167 88.886223160431783 2253.9888650368825 24.369369035805224 2316.5781384227253 458.50000000000006
decision_type=2 2 2 2 2 2 2 2 2 2 2 2 2 2 2 2 2 2 2 2 2 2 2 2 2 2 2 2 2 2
left_child=1 3 6 14 7 -4 15 -3 24 13 11 17 -13 -5 -1 19 -15 26 -7 -2 -19 27 25 -24 -8 -9 -6 -22 -29 -17
right_child=2 4 5 9 10 18 8 22 -10 -11 -12 12 -14 16 -16 29 -18 20 -20 -21 21 -23 23 -25 -26 -27 -28 28 -30 -31
leaf_value=-0.05470797400053793 0.013941201436424928 -0.02483181188224004 0.024386772222557977 -0.03471341826631516 0.026368723946751483 0.039819537276173031 0.020800929292614345 0.012067740087393187 0.0099238381808011006 0.0071511218955807232 -0.028862085077623851 -0.020720213011454294 0.042924399915341284 -0.024791569245590901 -0.035826970367814438 0.020635838609399031 -0.0081703840681560374 -0.02009099149868113 0.057658665639124543 -0.015845359110508082 -0.0040239753673443832 0.0052858206286187544 0.028400444607786082 -0.01363866767429836 0.034474119384331328 -0.019023370515345427 0.0032688871372477096 -0.043464647851975305 0.020805925945422663 -0.011722765814421207
leaf_weight=284.33281891047955 771.8271066993475 401.17416435480118 479.97009044885635 397.46160991489887 89.311245664954185 478.84674817323685 464.47543539106846 135.43031212687492 340.43663768470287 58.492960870265961 70.327671781182289 17.120896890759468 54.037644669413567 665.66452550888062 235.80327421426773 40.248090192675591 203.90874384343624 124.89883069694042 179.19262135028839 47.260888516902924 806.67035666108131 523.00740472972393 22.645735308527946 681.3911779820919 341.61655424535275 49.457423642277718 245.32897160947323 43.153249979019165 11.97500930726528 151.43557561933994
leaf_count=1306 3130 1654 2000 1684 358 2083 1922 545 1387 237 287 69 219 2774 1021 163 844 503 831 191 3239 2097 91 2754 1432 200 984 173 48 610
internal_value=0 -0.0146429 0.022756 -0.0300982 -0.00593538 0.0361195 0.0157065 -0.0138893 0.0216452 -0.0238002 -0.000768127 0.000263342 0.0276114 -0.0252291 -0.0461483 0.00897002 -0.020894 -0.0007918 0.0446774 0.0122225 -0.00305843 -0.00152223 -0.00895085 -0.0122865 0.0265955 0.00375088 0.00943394 -0.00565389 -0.0295037 -0.00492838
internal_weight=0 5121.59 3295.31 1845.66 3275.93 1138.01 2157.3 1290.1 1146.53 1325.53 1985.83 1915.5 71.1585 1267.03 520.136 1010.77 869.573 1844.35 658.039 819.088 1509.7 1384.81 888.925 704.037 806.092 184.888 334.64 861.799 55.1283 191.684
internal_count=34836 21087 13749 7866 13221 4914 8835 5244 4741 5539 7977 7690 288 5302 2327 4094 3618 7402 2914 3321 6060 5557 3590 2845 3354 745 1342 3460 221 773
is_linear=0
shrinkage=0.05


Tree=13
num_leaves=31
num_cat=0
split_feature=22 68 22 32 22 14 64 14 13 22 0 66 11 68 33 76 15 66 8 25 43 79 66 63 42 6 56 25 11 84
split_gain=1017.59 259.605 115.066 76.02 68.986 42.6531 36.6361 25.3679 24.837 23.4834 22.089 21.3436 21.8513 17.8636 16.3166 16.0725 14.564 14.1199 14.0406 13.2876 14.784 13.2749 15.9916 14.6327 12.9998 14.016 13.4617 15.8791 13.0263 12.8145
threshold=4.1159141051150536 -15.461691250537795 19.718866985974959 2318.77317143965 -4.9130493055131401 612.50000000000011 2390.7787895975584 -534.49999999999989 78.500000000000014 -24.744094102468804 4.0000000000000009 195.30112444475384 177.50000000000003 -7.5607976871401652 -25.386574203872666 59.112109414430741 5.5000000000000009 100.91137041759185 23.500000000000004 80.439660283551703 2221.0433259356337 -24.40732297528643 119.53472390707101 -33.738871590065848 -49.151197712611285 186.50000000000003 2256.8782204637023 64.506869891085003 358.50000000000006 2157.547842643155
decision_type=2 2 2 2 2 2 2 2 2 2 2 2 2 2 2 2 2 2 2 2 2 2 2 2 2 2 2 2 2 2
left_child=1 3 5 29 7 8 -4 21 13 -5 17 12 -6 -2 16 -7 -15 -8 -18 20 -10 22 23 -3 25 -9 27 -26 -29 -1
right_child=2 4 6 9 11 15 10 24 19 -11 -12 -13 -14 14 -16 -17 18 -19 -20 -21 -22 -23 -24 -25 26 -27 -28 28 -30 -31
leaf_value=0.0050995291724444504 -0.010076520835964418 -0.022792259246535582 0.024468817672566021 -0.051208678253282208 -7.0730975974887938e-05 0.015512311840346444 0.04165159157989675 0.040392264867831616 0.020484018162405068 -0.034314515209016107 0.062511214625342121 -0.028351389206481975 0.026595194337579967 0.013679235683978634 0.025319298052107447 0.028392871408050014 -0.01255425066133614 -0.00098631397322324825 0.014252303532955266 -0.039860701119601133 -0.070193098865999629 0.01897910262633911 -0.038891297171249152 -0.0059376114139732556 0.021616349635317965 -0.039979492908193137 -0.013815541591687193 -0.008521660556555526 0.060887421828994037 -0.020600890548898437
leaf_weight=52.574638307094574 86.831696897745132 496.38305988907814 337.34148354828358 340.0425136834383 1713.4695410132408 380.57535679638386 368.97621223330498 25.273754566907883 25.736768707633022 520.64066940546036 140.88145025074482 63.590476796030998 80.431577175855637 776.0501371473074 232.09867440164089 666.04085330665112 117.5845737606287 20.495408535003662 83.561041072010994 36.280010759830475 5.4463029950857154 20.969581305980682 111.22675248980522 173.88236498832703 62.795558854937553 6.9068647474050513 563.38412016630173 238.77999700605869 6.9566339552402487 626.15935763716698
leaf_count=216 348 2074 1424 1569 6873 1568 1657 102 104 2258 640 260 326 3156 950 2834 475 87 338 146 22 86 465 707 253 28 2279 964 28 2599
internal_value=0 -0.0139633 0.0217379 -0.0311222 -0.00655194 0.016117 0.037351 -0.0138093 0.0102897 -0.0409891 0.0455449 0.000115758 0.00112487 0.0118292 0.0134021 0.0237092 0.0105716 0.0394078 -0.00141812 -0.0192883 0.00464674 -0.02028 -0.0213334 -0.0184198 -0.00806611 0.0231422 -0.00921794 -0.000822669 -0.00655674 -0.0186101
internal_weight=0 5103.47 3277.9 1539.42 3564.05 2410.21 867.695 1706.56 1363.59 860.683 530.353 1857.49 1793.9 1296.13 1209.29 1046.62 977.196 389.472 201.146 67.4631 31.1831 802.462 781.492 670.265 904.097 32.1806 871.916 308.532 245.737 678.734
internal_count=34836 21087 13749 6642 14445 9941 3808 6986 5539 3827 2384 7459 7199 5267 4919 4402 3969 1744 813 272 126 3332 3246 2781 3654 130 3524 1245 992 2815
is_linear=0
shrinkage=0.05


Tree=14
num_leaves=31
num_cat=0
split_feature=22 22 68 12 18 13 29 68 6 68 17 83 11 15 21 15 65 33 41 15 50 18 84 25 67 37 101 79 76 7
split_gain=925.95 193.715 166.123 55.6574 50.8034 40.3839 40.2757 36.5931 34.7001 27.8242 25.2182 22.9731 19.2535 17.8588 18.595 17.1341 16.5519 16.6917 16.8465 15.9665 15.0467 14.9753 14.8809 14.4647 14.2501 26.7355 14.1179 15.2631 17.3181 15.784
threshold=-1.1834721370157693 12.438721630462171 -17.700377032757839 3002.5000000000005 2317.3136091240362 -4.4999999999999991 2234.9000218302476 29.722429008421845 305.00000000000006 -7.3507896263797639 -32.919505239829043 2234.5028854377792 450.50000000000006 -2.4999999999999996 83.51780821211014 2.5000000000000004 2181.1689143856856 -65.198587980712759 2343.8062929302419 1.5000000000000002 2135.6833535932624 2246.1967880813663 2207.8697646688192 64.72047349768728 72.124164195868971 2230.6239011264374 2189.2587357386278 -101.71078579249227 -127.61419611148449 606.50000000000011
decision_type=2 2 2 2 2 2 2 2 2 2 2 2 2 2 2 2 2 2 2 2 2 2 2 2 2 2 2 2 2 2
left_child=2 5 3 13 22 9 8 23 12 -2 -8 -7 16 26 -15 -11 -4 18 19 -18 -12 -21 -3 -6 -19 -26 27 -1 -29 -30
right_child=1 4 6 -5 7 11 10 -9 -10 15 20 -13 -14 14 -16 -17 17 24 -20 21 -22 -23 -24 -25 25 -27 -28 28 29 -31
leaf_value=-0.023667983414087754 -0.0091903172929389803 0.016074624985628398 0.011442174898976197 -0.048163251881125017 0.031237357227698166 -0.015926291104159312 -0.02136735720843248 0.048986745118120754 -0.042932763542317148 0.017956509175434055 0.0021694396941960271 0.0031273151243735222 0.056094377452364411 -0.034615120480878836 0.0015737943364112824 0.0068832262118541992 -0.0063452620448807371 -0.0076798491293413908 0.041625894628371338 -0.031073298523851468 -0.029511969994649626 -0.0070260869772001897 -0.038967403227515587 0.011197832773202713 -0.0053787260419553649 0.026371157964057958 -0.062239679584637067 -0.016562164579049125 -0.011423325203430272 0.042253691587735301
leaf_weight=196.78063686192036 140.57749804854393 449.58061860501766 149.90424102544785 400.84374785423279 858.31106497347355 195.58125224709511 934.92761759459972 306.27865700423717 58.707588449120522 991.07662986218929 206.99437172710896 827.69453923404217 13.330490246415136 445.49185273051262 38.569731414318085 539.51088944077492 464.16470536589622 258.35297082364559 14.95567302405834 164.57966935634613 45.763397365808487 106.72592775523663 12.624327465891836 100.60302449762821 148.77777640521526 119.61076858639717 16.390208646655083 82.627503126859665 23.815644815564156 32.229853287339211
leaf_count=835 565 1863 604 1873 3710 789 3897 1433 244 4051 835 3332 54 1910 157 2197 1885 1044 61 671 185 431 52 422 600 481 70 350 100 135
internal_value=0 0.0156876 -0.0176817 -0.032846 0.0287579 0.00730819 -0.0107014 0.0339407 -0.00525256 0.0120981 -0.0175791 -0.000514448 -0.00371679 -0.0255008 -0.0317316 0.0140533 -0.0042755 -0.00612032 -0.0109093 -0.0119776 -0.00356668 -0.0216136 0.0145712 0.0291349 0.000702295 0.00877101 -0.0169286 -0.0147147 -0.00200986 0.0194445
internal_weight=0 4421.84 3923.54 1236.75 1727.4 2694.44 2686.8 1265.19 1499.11 1671.17 1187.69 1023.28 1440.4 835.905 484.062 1530.59 1427.07 1277.17 750.426 735.47 252.758 271.306 462.205 958.914 526.742 268.389 351.844 335.454 138.673 56.0455
internal_count=34836 18414 16422 5430 7480 10934 10992 5565 6075 6813 4917 4121 5831 3557 2067 6248 5777 5173 3048 2987 1020 1102 1915 4132 2125 1081 1490 1420 585 235
is_linear=0
shrinkage=0.05


Tree=15
num_leaves=31
num_cat=0
split_feature=22 68 30 22 12 14 37 35 13 71 14 21 15 11 68 45 73 13 33 89 33 85 56 49 8 108 84 25 13 24
split_gain=842.751 218.904 101.392 70.8836 56.5058 38.5498 34.5554 27.1118 21.7628 20.7643 19.0122 18.3124 20.3165 18.0515 16.9204 16.0579 17.8895 15.9552 15.5776 15.1553 14.6537 14.0566 13.9194 13.8447 13.7034 15.9332 13.3304 14.3807 13.1503 12.8397
threshold=4.1159141051150536 -17.700377032757839 131.54110217793689 -5.4269720392178433 3002.5000000000005 612.50000000000011 2247.6425877674897 2265.5192348360783 78.500000000000014 195.42888342331278 375.50000000000006 94.580331022542438 -2.4999999999999996 177.50000000000003 13.689229804652088 -203.39807111747314 -5.7127116293404461 288.50000000000006 -43.379315812434236 2184.2918866330588 -79.132908586823746 -177.70966912583569 2251.5926321284328 2307.7705874092876 23.500000000000004 2227.3332981908879 2165.1185377186343 64.604076972300533 64.500000000000014 2193.0213508061984
decision_type=2 2 2 2 2 2 2 2 2 2 2 2 2 2 2 2 2 2 2 2 2 2 2 2 2 2 2 2 2 2
left_child=1 4 5 7 11 8 -4 10 15 13 17 12 28 22 -7 16 23 -3 -12 -16 -17 -13 26 -2 -18 -26 -5 -28 -1 -24
right_child=2 3 6 9 -6 14 -8 -9 -10 -11 18 21 -14 -15 19 20 24 -19 -20 -21 -22 -23 29 -25 25 -27 27 -29 -30 -31
leaf_value=-0.0080489649391726308 -0.037745216887000305 -0.01027541765107531 0.014645047652961877 0.025297405356611236 -0.046452224504511454 0.016258404485676264 0.041916078113179385 -0.022994006151323368 -0.017821862162975204 -0.029050514471043398 0.0061098577558500282 -0.054151052640880784 -0.032051188884101196 0.02289355604374799 -0.031120349173746627 -0.018799952214694167 -0.0010720638440259555 -0.045003584663986011 0.074459183985584987 0.029761578938231156 0.021915158112709745 0.024863656678256421 -0.066436562368620763 -0.00016142006737864065 0.012450701921033145 0.056981941902564927 0.013167414947818284 -0.0044440716201408275 -0.027223466475385899 -0.0028097672708917833
leaf_weight=207.21556821465492 33.111379161477089 1155.3977932482958 145.46897904574871 79.054199129343033 394.2186821103096 590.19166915118694 576.51199504733086 561.80160835385323 68.608022630214691 60.424975290894508 59.773046880960464 6.8858945220708838 470.17015381157398 87.580030977725983 10.426824271678923 23.493696749210358 201.4832229912281 34.048042565584183 9.6873312443494779 519.87957833707333 372.29310069978237 30.827905997633934 7.9787050336599341 94.250525251030922 586.75947859883308 20.798935666680336 203.10094992816448 270.0090966373682 157.2959688603878 1271.2557513564825
leaf_count=866 133 4741 616 317 1876 2466 2640 2361 277 249 241 28 2027 356 45 95 819 144 39 2268 1524 125 32 379 2402 85 815 1084 681 5105
internal_value=0 -0.0127405 0.0199006 -0.00674037 -0.030742 0.0151699 0.0364214 -0.0138606 0.00964034 -0.000191031 -0.00978466 -0.0236428 -0.0251827 0.000717699 0.0220826 0.0110547 0.00748579 -0.0112695 0.0156422 0.0285645 0.0194983 0.0104369 -0.000342782 -0.00993241 0.0102278 0.0139752 0.00629204 0.00311635 -0.0163232 -0.00320661
internal_weight=0 5066.73 3243.28 3800.11 1266.61 2521.3 721.981 1820.71 1400.8 1979.4 1258.91 872.395 834.682 1918.98 1120.5 1332.19 936.404 1189.45 69.4604 530.306 395.787 37.7138 1831.4 127.362 809.042 607.558 552.164 473.11 364.512 1279.23
internal_count=34836 21087 13749 15484 5603 10493 3256 7526 5714 7958 5165 3727 3574 7709 4779 5437 3818 4885 280 2313 1619 153 7353 512 3306 2487 2216 1899 1547 5137
is_linear=0
shrinkage=0.05


Tree=16
num_leaves=31
num_cat=0
split_feature=68 30 30 84 80 13 13 0 21 31 20 76 3 49 26 8 20 0 29 54 97 17 72 79 90 30 58 13 17 68
split_gain=756.146 165.009 148.071 52.1392 48.494 32.4857 29.933 24.4051 23.4007 22.4584 21.6185 20.9459 20.1931 19.9727 17.5371 17.3006 17.2032 16.7 16.5222 15.693 15.2563 17.6837 14.9958 14.8339 15.7895 14.7265 14.3134 15.1779 13.7675 13.733
threshold=0.7414873430127501 -65.733719586883794 72.747103399477524 2223.0534648192797 2212.9380126279311 -2.4999999999999996 -39.499999999999993 4.0000000000000009 119.35090685496912 2319.8252796085844 119.09516196451263 102.36972221342855 22.500000000000004 2354.6519544307407 72.959751205848605 22.500000000000004 123.29602855730477 4.0000000000000009 2220.7424238354292 -77.969305746567429 137.14132701785755 108.98675907260396 129.0303292721176 -103.05502757654038 2173.8858253086273 -153.68402425806946 2204.7956980323393 103.50000000000001 18.547620506882371 -28.579208914856505
decision_type=2 2 2 2 2 2 2 2 2 2 2 2 2 2 2 2 2 2 2 2 2 2 2 2 2 2 2 2 2 2
left_child=1 3 5 7 13 8 9 18 15 22 12 -6 -8 17 25 -2 -7 -4 26 20 21 23 -3 -14 -25 -5 27 -1 -24 -20
right_child=2 6 4 14 11 16 10 -9 -10 -11 -12 -13 19 -15 -16 -17 -18 -19 29 -21 -22 -23 28 24 -26 -27 -28 -29 -30 -31
leaf_value=-0.0013187812741051756 -0.0039362116363998003 -0.00439833344753992 0.018413353065015476 -0.050774800100816857 0.022376236954148091 0.0022905351770807943 0.0051470172589331634 -0.034724175436027391 0.035452910259051236 0.038623484512335431 -0.0302570829492885 0.041852803071675826 -0.026888268542330476 -0.0034255199718546217 0.051250402227401674 0.012930429674214695 -0.023656564461899437 0.035815755460089783 -0.036100178114734725 0.0038063275483713253 0.00029328810115387233 -0.07354841319713383 0.046823912259667803 0.047914652584562345 -0.01125046788365015 -0.033505663645010834 0.029885926593870418 -0.032022513510353602 0.0054578905277420063 -0.017885788815028867
leaf_weight=146.0167553126812 176.7251160889864 235.22709886729717 693.29731370508671 198.35054920613766 186.37290951609612 889.83238041400909 282.53549212217331 246.51581679284573 102.14849863946438 48.732359513640404 107.39482402801514 532.32768492400646 161.41871066391468 85.741478487849236 5.3155400454998007 1088.2261557430029 68.8216392993927 172.07643558084965 120.84940458834171 200.75127743184566 244.9618454426527 12.08946171402931 30.656642362475395 11.400190606713293 1039.8071330785751 326.93229474127293 25.631631597876549 55.567719355225563 58.49264007806778 720.21186211705208
leaf_count=599 722 950 2970 980 799 3590 1147 1073 422 202 446 2479 668 353 22 4462 281 753 543 812 992 49 124 46 4228 1470 105 235 238 3076
internal_value=0 -0.0146071 0.0156404 -0.0258824 0.027 0.00748453 -0.00605657 -0.0205434 0.0124329 0.00697469 -0.00841639 0.0368022 -0.00721535 0.0195931 -0.0391122 0.010574 0.000427796 0.0218738 -0.017271 -0.00930632 -0.0110974 -0.0133758 0.00221996 -0.0127759 -0.0106088 -0.0400266 -0.00530753 -0.00978241 0.0196828 -0.020503
internal_weight=0 4278.86 3995.57 1845.39 1669.82 2325.75 2433.47 1314.79 1367.1 373.109 2060.36 718.701 1952.96 951.115 530.598 1264.95 958.654 865.374 1068.28 1670.43 1469.68 1224.72 324.376 1212.63 1051.21 525.283 227.216 201.584 89.1493 841.061
internal_count=34836 18005 16831 8103 7354 9477 9902 5631 5606 1514 8388 3278 7942 4076 2472 5184 3871 3723 4558 6795 5983 4991 1312 4942 4274 2450 939 834 362 3619
is_linear=0
shrinkage=0.05


Tree=17
num_leaves=31
num_cat=0
split_feature=22 68 68 17 31 12 13 29 71 74 13 13 68 14 36 13 66 26 56 68 44 90 59 35 10 84 16 93 65 56
split_gain=699.926 186.475 90.3191 59.9722 52.2069 51.7989 33.1429 25.6286 24.0955 21.1889 19.3757 18.7979 17.5969 16.9445 16.3745 15.9165 18.6754 15.4385 15.2394 14.6061 14.4551 14.2489 14.0547 13.1117 17.7112 14.3146 13.2111 12.905 12.8853 12.6897
threshold=4.1159141051150536 -17.700377032757839 26.877336218726445 -51.968944808267217 2319.8252796085844 3002.5000000000005 -151.49999999999997 2234.5846999017081 139.03865378571382 2217.4348089848568 288.50000000000006 -69.499999999999986 -0.40564244780216535 -387.49999999999994 45.784480098748197 78.500000000000014 79.521743413815827 67.80195349934182 2252.3986841435049 -28.579208914856505 2221.5348669280042 2199.0360517965214 2214.6990970407855 2235.8401686777383 182.00000000000003 2203.382541346919 14.500000000000002 2279.4171296938525 2177.7721267913589 2247.3408139269718
decision_type=2 2 2 2 2 2 2 2 2 2 2 2 2 2 2 2 2 2 2 2 2 2 2 2 2 2 2 2 2 2
left_child=1 5 4 7 6 14 21 10 11 -4 28 17 -8 22 -1 23 -17 -5 -13 -16 -19 -2 -6 25 -25 -14 -26 -20 29 -3
right_child=2 3 9 8 13 -7 12 -9 -10 -11 -12 18 15 -15 19 16 -18 20 27 -21 -22 -23 -24 24 26 -27 -28 -29 -30 -31
leaf_value=-0.026061706122838382 0.0089133289799152079 0.045385298851665652 0.0011601601662832063 -0.018182375388458103 -0.023943449572793291 -0.043816036383594721 -0.0068260960766118222 -0.019784654743988939 -0.021579402678818124 0.04028089806060365 -0.046825462588786053 0.0060362580117878676 0.015399470290494183 0.024087014435458749 -0.03049640634933462 0.036500664044904228 -0.04079345567645834 0.014868386383841995 0.025658146062622147 -0.0033876595960348546 0.053931860218228524 0.043576203184759736 0.021939717353409782 0.030194318395166966 -0.0036366012967797867 -0.013617966589137701 0.047334918074394765 -0.0045460409663154854 -0.0075869193833191136 -5.8541680535738481e-05
leaf_weight=612.50847256183624 44.076274275779724 23.028774857521057 37.320362329483032 25.834092915058136 34.653429672122002 380.5718590170145 217.15592394769192 808.16739192605019 131.22082471847534 477.0617211908102 29.461049109697342 566.42403821647167 703.98518511652946 1091.9981752634048 68.577964022755623 10.393855676054953 31.494220316410065 100.15093600749969 36.341356232762337 180.39399330317974 31.016197621822357 90.567824885249138 32.196506291627884 49.9418113976717 330.08933191001415 45.232017874717712 13.221454828977583 1315.0391392707825 675.71272611618042 46.141493037343025
leaf_count=2676 186 93 156 104 141 1876 876 3420 538 2256 126 2276 2917 4728 291 42 127 407 146 760 126 383 131 206 1359 186 55 5298 2763 187
internal_value=0 -0.0116408 0.0182432 -0.0061288 0.0145788 -0.0284534 0.0085344 -0.0135563 -0.000800642 0.0374425 -0.00705583 0.000513509 0.00625803 0.0225911 -0.0216668 0.00865705 -0.0216142 0.0171471 -0.000848203 -0.0108546 0.0241055 0.0322292 -0.00184503 0.00976693 0.00237352 0.0136476 -0.00167361 -0.00373379 -0.00548289 0.015071
internal_weight=0 5030.59 3209.39 3788.54 2695.01 1242.05 1536.16 1582.51 2206.03 514.382 774.344 2074.81 1401.51 1158.85 861.48 1184.36 41.8881 157.001 1917.8 248.972 131.167 134.644 66.8499 1142.47 393.253 749.217 343.311 1351.38 744.883 69.1703
internal_count=34836 21087 13749 15484 11337 5603 6337 6589 8895 2412 3169 8357 5768 5000 3727 4892 169 637 7720 1051 533 569 272 4723 1620 3103 1414 5444 3043 280
is_linear=0
shrinkage=0.05


Tree=18
num_leaves=31
num_cat=0
split_feature=22 22 68 14 107 14 14 6 78 42 71 18 33 30 15 72 72 46 63 66 15 27 54 84 21 73 68 26 13 15
split_gain=635.956 140.302 121.166 46.1105 42.9863 32.5585 30.0893 26.2588 22.6802 20.4483 20.0134 19.8524 18.7035 18.3586 17.2146 16.433 16.2154 15.2336 15.9031 15.1679 19.7768 14.7038 15.3822 14.5486 14.3727 14.3667 13.6391 13.5886 14.9732 13.3996
threshold=-1.1834721370157693 12.438721630462171 -17.700377032757839 -2468.4999999999995 2238.1623751909515 -1216.4999999999998 612.50000000000011 305.00000000000006 2244.3442247009857 16.959863155986572 209.18265904618249 2293.6312305668062 -28.802539678350282 140.0897347070734 -2.4999999999999996 71.532473274523227 192.75618471948849 2091.295295536896 -41.422252353786455 118.35307762694548 -2.4999999999999996 18.57360535175167 -112.21951896840845 2207.8697646688192 64.920088184560555 31.508182581520035 27.497200356004218 62.867135047547087 20.500000000000004 -1.0000000180025095e-35
decision_type=2 2 2 2 2 2 2 2 2 2 2 2 2 2 2 2 2 2 2 2 2 2 2 2 2 2 2 2 2 2
left_child=2 6 3 -1 11 17 9 8 15 10 21 23 -6 -13 -5 -7 -16 -4 27 20 -10 29 25 -3 -20 -23 -11 -19 -29 -2
right_child=1 4 5 14 12 7 -8 -9 19 26 -12 13 -14 -15 16 -17 -18 18 24 -21 -22 22 -24 -25 -26 -27 -28 28 -30 -31
leaf_value=-0.043436960788951214 0.010345832946469883 0.011395053530157899 -0.028934442709434089 -0.013349391968240457 0.018674856687211156 -0.013014533418340454 0.014628748348796886 -0.039983347697079057 0.0020896350647599637 -0.0076105157958959741 -0.030534943270800582 0.018985753179828323 0.045440960645970696 0.033669047458925627 -0.029296582829591807 0.0085378109502156907 0.029305189156556832 -0.02589887751541093 0.022619814989708227 -0.022590036213522607 -0.010685931254097336 0.0096551075897429589 0.026156445329241343 -0.049331344146833656 -0.019919433022667576 -0.054222328783698627 0.040992426506707036 0.059268897809614231 -0.0096783186828935646 -0.00022007575434869841
leaf_weight=346.24796396493912 546.40489985048771 316.73847512900829 246.21719680726528 353.13739617168903 84.267382279038429 112.85724598169327 734.44565461575985 55.50134152173996 451.8139590471983 471.83100563287735 37.113361597061157 656.26400315761566 289.45673422515392 315.08740064501762 475.8758607506752 408.8514084815979 12.104746863245962 172.95968528091908 51.772196754813194 163.44267770648003 919.25304560363293 35.1291843354702 162.71634116768837 10.179952323436735 32.209684535861015 11.745564460754393 14.889977112412451 9.7273730635642988 41.339981228113174 665.57677283883095
leaf_count=1748 2207 1324 1058 1529 382 457 3063 236 1839 1906 153 2865 1402 1465 2104 1653 49 753 213 674 3756 143 668 42 133 48 61 42 178 2685
internal_value=0 0.0130973 -0.0147943 -0.0280797 0.0244632 -0.00887717 0.006006 -0.00604642 -0.0051304 0.00275067 0.00571176 0.0201618 0.0394057 0.0237487 -0.0217579 0.00387556 -0.0278429 -0.0196629 -0.0122514 -0.00819227 -0.00647594 0.00665806 0.0188862 0.00950409 0.00630468 -0.00635088 -0.00612363 -0.0192076 0.00345483 0.00454342
internal_weight=0 4351.85 3853.31 1187.37 1671.99 2665.95 2679.85 2111.72 2056.22 1945.41 1458.69 1298.27 373.724 971.351 841.118 521.709 487.981 554.226 308.009 1534.51 1371.07 1421.57 209.591 326.918 83.9819 46.8747 486.721 224.027 51.0674 1211.98
internal_count=34836 18414 16422 5430 7480 10992 10934 8615 8379 7871 5904 5696 1784 4330 3682 2110 2153 2377 1319 6269 5595 5751 859 1366 346 191 1967 973 220 4892
is_linear=0
shrinkage=0.05


Tree=19
num_leaves=31
num_cat=0
split_feature=73 30 22 12 68 21 13 25 69 68 67 15 15 13 66 13 28 13 79 68 1 58 63 82 43 90 82 34 34 91
split_gain=583.668 132.254 117.695 54.4168 43.146 22.0484 21.8539 21.1279 21.0856 20.5626 19.1436 22.3759 19.1033 23.8056 18.215 18.0034 16.3983 16.2228 15.6899 15.3835 14.0975 13.5074 13.3544 12.8894 12.8268 12.6467 18.4862 13.0818 12.668 12.2137
threshold=1.9150365051978044 -52.72089263172392 9.2184808586932849 2922.5000000000005 26.877336218726445 83.51780821211014 302.50000000000006 62.851037305647942 2212.6961744469759 -14.941243337314971 106.31676145178015 -5.4999999999999991 -2.4999999999999996 65.500000000000014 73.370101589418866 -11.499999999999998 2241.3301858037962 79.500000000000014 -16.230172418201615 -28.579208914856505 5.0000000000000009 2216.7669736164958 -33.738871590065848 32.504783782060493 2224.7237026390217 2201.3693463929126 26.237531931474454 2201.1505994389886 2137.1404788635045 -311.73710027875569
decision_type=2 2 2 2 2 2 2 2 2 2 2 2 2 2 2 2 2 2 2 2 2 2 2 2 2 2 2 2 2 2
left_child=1 3 15 5 7 12 10 -4 -6 -5 11 16 13 25 -12 -2 -3 23 -17 -14 -10 -16 -13 24 -9 26 -1 28 29 -27
right_child=2 6 4 9 8 -7 -8 17 20 -11 14 22 19 -15 21 18 -18 -19 -20 -21 -22 -23 -24 -25 -26 27 -28 -29 -30 -31
leaf_value=-0.059096935317455003 0.010449526547804459 0.00080363122322420579 0.025097398741804403 -0.040570835878023959 0.0062712885290973075 0.0085532027995853903 -0.051000714089323412 -0.051107236594591321 0.033760338376128671 -0.019429543081874251 0.035537681038170101 -0.012934000504390353 -0.040037857082023558 -0.02289238391227005 -0.0025874441299975097 -0.0011795550887301338 0.029450832422868712 -0.023616118084756575 0.020761395652828835 -0.020299559811087609 0.054372704526873719 0.02701015695536654 -0.0031771826717562979 0.01541608960458786 0.04380055750402724 0.031863621288673163 -0.0042542327561679331 -0.041739409317154585 0.0088793283553241769 -0.053407422164735999
leaf_weight=22.126783311367035 846.81842875480652 326.61766807734966 656.47378580272198 418.78600503504276 54.318975329399109 81.425945684313774 24.48958258330822 13.816781654953958 303.96685269474983 158.56240716576576 50.059629380702972 755.86664278805256 113.41041894257069 249.43307952582836 217.89108298718929 968.52593822777271 58.974407330155373 28.858788639307022 88.963956341147423 761.74209623038769 114.08571384847164 46.833098620176315 654.29286314547062 835.92434656620026 4.795674890279769 5.6883350461721447 50.286121413111687 15.662134274840353 226.27962949872017 16.042927518486977
leaf_count=94 3473 1323 2912 2118 231 333 105 57 1484 695 205 3097 522 1089 886 3916 242 117 361 3258 578 193 2645 3565 20 24 208 66 952 67
internal_value=0 -0.012823 0.0139266 -0.0216709 0.0223585 -0.0167687 -0.0040396 0.0183034 0.0355776 -0.0347646 -0.00349469 -0.00548843 -0.0181803 -0.0111896 0.00787903 0.00501675 0.00518508 0.0132546 0.000666282 -0.0228574 0.0393854 0.00264875 -0.00840698 0.0144998 -0.0266533 -0.00250422 -0.0210122 0.00257866 0.00537739 -0.031087
internal_weight=0 4254.47 3916.55 2119.45 2012.24 1542.1 2135.02 1539.87 472.372 577.348 2110.54 1795.75 1460.67 585.519 314.784 1904.31 385.592 883.396 1057.49 875.153 418.053 264.724 1410.16 854.537 18.6125 336.086 72.4129 263.673 248.011 21.7313
internal_count=34836 18122 16714 9426 8964 6613 8696 6671 2293 2813 8591 7307 6280 2500 1284 7750 1565 3759 4277 3780 2062 1079 5742 3642 77 1411 302 1109 1043 91
is_linear=0
shrinkage=0.05


Tree=20
num_leaves=31
num_cat=0
split_feature=73 22 22 22 7 70 26 3 79 11 25 14 15 68 66 18 77 13 76 3 83 81 49 27 104 84 99 31 66 74
split_gain=529.219 122.383 107.911 45.6586 41.4427 30.3555 21.0871 20.3264 20.2215 19.9034 18.2268 16.4968 15.8615 17.9999 15.7515 15.3881 14.8478 13.8921 13.5107 14.0039 13.4192 14.0356 13.3905 15.4326 15.7747 13.1696 17.6429 16.0532 13.5295 13.2705
threshold=1.9150365051978044 -18.180253001553179 9.2184808586932849 -4.1394770236490777 2927.5000000000005 2225.0886217794746 62.905262148329861 26.500000000000004 -20.753797849620465 175.50000000000003 109.76100104126941 -5.4999999999999991 7.5000000000000009 26.877336218726445 124.0994566122633 2201.546706514077 2190.9267872362607 302.50000000000006 7.063002735647161 30.500000000000004 2239.19410398627 2202.2379049649776 2320.483743404388 -8.0632666886381212 2213.3753372689102 2204.0429034147051 2120.4739352920756 2350.4113953826295 70.261164024367375 2236.3258611591928
decision_type=2 2 2 2 2 2 2 2 2 2 2 2 2 2 2 2 2 2 2 2 2 2 2 2 2 2 2 2 2 2
left_child=1 5 11 6 10 -1 18 14 -6 25 12 -2 13 -4 15 -8 -16 -5 -3 -20 21 -15 -17 24 -24 26 -9 29 -28 -27
right_child=2 3 4 17 8 -7 7 9 -10 -11 -12 -13 -14 20 16 22 -18 -19 19 -21 -22 -23 23 -25 -26 27 28 -29 -30 -31
leaf_value=-0.018098664896284908 -0.00070122504603146237 -0.021069883773259659 0.0170929625558667 -0.00037349908584792047 0.02362657696437552 -0.036631681063557207 0.022589460688324191 0.0094908573792050095 0.042478517152044426 0.028649282563865654 -0.01684679202269266 0.0087305838145994279 0.0043277439871282544 0.030079905973129581 -0.00047707665924292354 0.0092666850457457147 -0.030088918789344284 -0.04741799366460283 -0.0023194884458901522 0.092237726808819975 0.037157320437055344 -0.056222820113361584 -0.0046252889947408253 0.038676168523178185 -0.038112961105180081 -0.010390695818163079 -0.008235743010681992 -0.081980847210533905 -0.029820542909628961 0.020712069929833668
leaf_weight=389.8999364823103 799.34628063440323 671.04656672477722 988.70095412433147 1376.2371379286051 291.89911331236362 509.87923048436642 82.39945188164711 41.829836264252663 277.45376272499561 25.346924737095833 39.012636810541153 1103.7763139009476 188.63216100633144 11.083954975008966 87.23331344127655 152.12610219419003 82.242525368928909 15.873457640409468 19.016591742634777 4.930907502770423 192.12764701247215 8.1937025934457761 108.84865354001522 14.347323969006537 51.951050490140915 154.74210220575333 95.500521168112755 6.7362531572580329 302.72687521576881 44.059815600514412
leaf_count=1722 3230 2908 4255 5573 1339 2547 340 172 1404 103 158 4520 821 48 364 631 348 68 78 20 903 36 451 58 216 655 394 29 1260 185
internal_value=0 -0.0122355 0.0132887 -0.00782302 0.0214075 -0.0286008 -0.0127708 -0.00888902 0.0328134 -0.0148126 0.0168591 0.00476905 0.017806 0.0199245 -0.00202661 0.003277 -0.014847 -0.000909921 -0.0197529 0.0171503 0.033167 -0.00660188 -0.00158541 -0.0110111 -0.0154445 -0.0165189 -0.0213995 -0.00606968 -0.0246442 -0.00349749
internal_weight=0 4236.97 3900.23 3337.2 1997.1 899.779 1945.08 1250.09 569.353 670.942 1427.75 1903.12 1388.74 1200.11 579.148 409.673 169.476 1392.11 694.994 23.9475 211.405 19.2777 327.273 175.147 160.8 645.595 440.057 205.538 398.227 198.802
internal_count=34836 18122 16714 13853 8964 4269 8212 5206 2743 2798 6221 7750 6063 5242 2408 1696 712 5641 3006 98 987 84 1356 725 667 2695 1826 869 1654 840
is_linear=0
shrinkage=0.05


Tree=21
num_leaves=31
num_cat=0
split_feature=22 68 30 12 22 37 23 13 35 13 15 71 76 24 63 38 64 26 8 24 15 82 97 33 15 71 63 46 37 25
split_gain=482.829 135.746 71.3704 42.5602 41.7972 27.9995 25.1715 30.5246 22.7068 17.9313 15.5958 15.5253 15.3531 15.5052 15.0517 17.4371 14.7139 14.6697 14.9922 14.6876 14.1642 14.0383 13.6499 12.8719 14.3174 19.9253 21.8687 14.8837 13.438 12.8195
threshold=4.1159141051150536 -17.700377032757839 131.54110217793689 3002.5000000000005 -4.9130493055131401 2247.6425877674897 2220.0819308107552 -151.49999999999997 2265.5192348360783 87.500000000000014 8.5000000000000018 195.42888342331278 -125.5452971515267 2210.6531506015913 6.8756065976253931 2183.5056181527066 2181.8721051385583 109.9840343313392 28.500000000000004 2193.0213508061984 10.500000000000002 -5.4853181712467167 225.33228865703089 -57.470469394102558 -5.4999999999999991 113.68616493273221 41.551477406709189 2142.6239091926477 2200.0045555777192 62.064964287260004
decision_type=2 2 2 2 2 2 2 2 2 2 2 2 2 2 2 2 2 2 2 2 2 2 2 2 2 2 2 2 2 2
left_child=1 3 6 12 8 -4 7 -2 21 20 14 17 13 -1 15 16 -9 18 -6 -19 -8 -3 -16 24 25 26 -23 -26 -25 -12
right_child=2 4 5 -5 11 -7 9 10 -10 -11 29 -13 -14 -15 22 -17 -18 19 -20 -21 -22 23 -24 28 27 -27 -28 -29 -30 -31
leaf_value=-0.0095057242692021416 0.032320179086932473 -0.052581981414108803 0.0099794479640999047 -0.03894788217529549 -0.0035468108860144268 0.035005791963251508 0.020000449967632637 -0.014626625088022649 -0.018686758296242143 -0.038793894920736309 0.058800662505866401 -0.025607434033420647 -0.0085544127399143598 -0.028041226375371899 0.0096126240801786157 -0.020179313647659045 0.01262736963145418 -0.04364686811550967 0.0059211167926857865 0.03216333585837558 -0.014275323650385195 0.0089603713278464774 0.061507217825370636 -0.035842859428914992 -0.013201491173962408 -0.018824752346682693 0.08633607078519881 0.022791838597282857 0.0055751068558856504 -0.015175830841737884
leaf_weight=155.32505983114243 114.81622819602489 16.476826548576355 141.45675453543663 353.78342792391777 1073.6439661979675 532.4040384888649 873.09567409753799 68.496280089020729 566.99672263860703 13.711155354976652 6.1646041572093955 56.463740900158882 273.80090682208538 412.35110199451447 959.1664073318243 94.428091302514076 178.78535155951977 7.1569355577230445 684.80043841898441 59.545361801981926 31.218666732311249 115.4113517999649 12.841090083122252 21.010180100798607 769.86399659514427 66.219665735960007 9.916345998644827 29.834565013647079 288.46562983095646 117.09582433104515
leaf_count=659 493 70 616 1876 4318 2640 3838 276 2439 56 26 237 1189 1879 4023 381 725 29 2752 246 138 475 55 90 3202 277 40 124 1185 482
internal_value=0 -0.00971629 0.0153292 -0.0243969 -0.0050567 0.0297523 0.011394 0.00751162 -0.0103207 0.0179567 0.00552939 0.000214539 -0.0182792 -0.0229696 0.00712494 -0.00190154 0.00507809 0.00101338 0.000140335 0.0240292 0.0188172 -0.00671948 0.0102982 -0.00613852 -0.00891774 0.00336052 0.0150826 -0.0118587 0.00276326 -0.0114761
internal_weight=0 4961.07 3143.68 1195.26 3765.81 673.861 2469.82 1551.79 1884.2 918.025 1436.98 1881.61 841.477 567.676 1313.72 341.71 247.282 1825.15 1758.44 66.7023 904.314 1317.2 972.007 1300.72 991.246 191.547 125.328 799.699 309.476 123.26
internal_count=34836 21087 13749 5603 15484 3256 10493 6461 7902 4032 5968 7582 3727 2538 5460 1382 1001 7345 7070 275 3976 5463 4078 5393 4118 792 515 3326 1275 508
is_linear=0
shrinkage=0.05


Tree=22
num_leaves=31
num_cat=0
split_feature=73 22 22 28 13 65 1 20 22 13 26 76 86 101 79 20 15 53 57 45 68 47 67 6 8 69 43 21 64 86
split_gain=440.452 109.029 91.4304 38.6249 30.0515 27.6077 20.5559 19.4355 18.9383 18.1846 16.7432 15.0871 18.7252 18.2823 14.9267 13.8702 18.5491 13.3825 13.2773 12.7015 12.406 12.1478 12.1648 12.1235 12.0936 11.5657 11.427 14.7285 12.903 11.7955
threshold=-1.9030477687090295 9.2184808586932849 -18.180253001553179 2273.0226157876614 2.5000000000000004 2425.485890473331 5.0000000000000009 76.26881990669753 21.228662339027782 -12.499999999999998 64.051420645797791 -56.134589582527944 2185.0561036359531 2195.2685083477522 -19.285882923449204 100.66039431226501 -2.4999999999999996 2135.2580799370312 11.681346501819236 -189.70974044385659 -31.820914696556653 2299.3571720147033 68.792457832955066 454.50000000000006 25.500000000000004 2225.4503251822503 2220.0880860075654 115.35658017144502 2329.5043958736092 2274.2510847603617
decision_type=2 2 2 2 2 2 2 2 2 2 2 2 2 2 2 2 2 2 2 2 2 2 2 2 2 2 2 2 2 2
left_child=2 9 5 6 -4 17 7 -3 -8 26 11 -6 21 19 15 16 -11 -1 24 -14 -7 22 -13 -12 -5 -9 27 29 -28 -2
right_child=1 3 4 18 10 20 8 25 -10 14 23 12 13 -15 -16 -17 -18 -19 -20 -21 -22 -23 -24 -25 -26 -27 28 -29 -30 -31
leaf_value=0.014640822377294554 0.0037493256201927821 0.015912224031139267 -0.00093984502148967064 -0.033079493929798753 -0.019149192442460064 -0.047055770647776995 0.0195992671896494 -0.00048210625594784803 0.046081820311757636 0.0096998333322245826 -0.0042630125367924265 0.024076438488495066 -0.015579213463386424 -0.063043142423809581 0.016648682100916499 -0.019831312275999019 -0.0046805806176806733 -0.020334342755508432 0.040502837820244664 0.0036845742939757018 -0.029083939406149052 0.031640561415674569 -0.046882502355863692 -0.047609330799414346 0.030333420255546951 -0.051920812731921409 -0.019009030812780769 0.032774524155787799 0.0075583570813792904 0.017434755814165884
leaf_weight=29.175629556179047 383.28117968142033 1315.2168927937746 992.82510435581207 12.109118029475214 805.90323495864868 155.78040896356106 196.24827833473682 89.071661829948425 102.90984851121902 320.37510232627392 674.86020570993423 11.756567925214769 288.58088964223862 16.826727300882339 117.68520048260689 100.09179563820362 747.3343633711338 437.09843330085278 253.241485029459 121.63442151248455 250.33936740458012 44.557047963142395 12.421288743615149 16.526131719350815 19.833422750234604 12.455938339233397 70.008504167199135 74.975423380732536 131.62965486943722 267.2200343310833
leaf_count=123 1564 5856 4044 56 3525 856 863 366 505 1295 2791 48 1194 71 479 412 3020 1986 1309 501 1271 184 51 73 93 52 285 313 546 1104
internal_value=0 0.0111746 -0.0122073 0.0196318 -0.00804691 -0.026447 0.0167999 0.0142851 0.0287092 0.00352587 -0.0115872 -0.0149271 -0.00806406 -0.0119625 -0.00032363 -0.00203402 -0.000365618 -0.0181459 0.0366712 -0.00986724 -0.0359776 0.0161566 -0.0123785 -0.00529911 0.00629418 -0.00679288 0.00886336 0.0117898 -0.00166581 0.00937118
internal_weight=0 4213.69 3858.29 2001.09 2985.89 872.394 1715.9 1416.74 299.158 2212.6 1993.07 1301.68 495.777 427.042 1285.49 1167.8 1067.71 466.274 285.184 410.215 406.12 68.7349 24.1779 691.386 31.9425 101.528 927.115 725.477 201.638 650.501
internal_count=34836 18118 16718 9100 12482 4236 7642 6274 1368 9018 8438 5574 2049 1766 5206 4727 4315 2109 1458 1695 2127 283 99 2864 149 418 3812 2981 831 2668
is_linear=0
shrinkage=0.05


Tree=23
num_leaves=31
num_cat=0
split_feature=73 14 30 82 30 22 80 15 71 15 13 71 64 47 49 56 25 105 21 36 22 95 19 73 13 23 104 37 41 14
split_gain=400.105 98.4811 84.0848 44.7526 33.3278 29.0898 24.9255 18.8179 18.7839 15.9024 20.4963 17.1885 14.6377 14.5609 13.4548 16.2197 16.0335 13.5632 13.4126 13.155 12.8974 12.8293 15.72 15.4407 12.5341 17.6797 12.53 12.4868 12.3979 11.8836
threshold=1.9150365051978044 -1018.4999999999999 131.54110217793689 20.077161703983624 26.139855923096778 -4.1394770236490777 2207.7431587624883 5.5000000000000009 174.31051011371628 -2.4999999999999996 -87.499999999999986 123.17957908253426 2334.8786062132349 2294.8451387963037 2306.5513480412728 2231.082735310863 64.682570824285548 2216.1919010764718 100.62165215846359 50.091341878610372 -24.744094102468804 2299.33707316564 2430.8955680252693 86.12989891791382 50.500000000000007 2207.8634897283578 2181.8199204581711 2281.7120259270969 2185.0679145132749 -1749.4999999999998
decision_type=2 2 2 2 2 2 2 2 2 2 2 2 2 2 2 2 2 2 2 2 2 2 2 2 2 2 2 2 2 2
left_child=1 3 4 20 13 9 -4 8 21 11 28 -3 14 29 16 -16 -7 26 -19 -8 -1 -6 23 -23 25 -10 -17 -9 -11 -2
right_child=2 5 6 -5 7 12 19 27 24 10 -12 -13 -14 -15 15 17 -18 18 -20 -21 -22 22 -24 -25 -26 -27 -28 -29 -30 -31
leaf_value=-0.045808241631798467 -0.043514222393752772 0.0011775131045730215 0.016934798625241762 -0.015849239032754561 0.026009287396920589 -0.0031909258537796345 -0.08317289947947358 -0.001472080482257222 0.057667269528607124 -0.028316492797392574 -0.01536631363293495 -0.016699606288615148 0.0085561535745313829 -0.0010244473221200957 0.023929187657264029 -0.022501603168512962 -0.025607059399896711 -0.019507566837421511 0.036172739335756314 0.037720573493974625 -0.028006656294821838 0.011887939960543317 0.044143130437155696 0.057210512107545387 -0.056120863751179376 -0.047382503297196982 0.0063130800707886835 0.024810623354286729 0.035958507046246445 0.014705674783814302
leaf_weight=188.96797919273376 9.0986012220382673 463.30731958150864 274.17821837961674 788.88311122357845 240.05161571502686 221.58727058768272 2.2645093947648993 323.54032747447491 8.3268038332462364 9.8590828925371152 1007.2316112220287 189.43150445818901 349.56795348227024 956.92579892277718 69.017051786184311 42.477299705147743 124.64323830604553 131.91704939305782 11.781549975275992 356.59965665638447 220.44158300757408 1307.6064342707396 40.549716591835022 19.066227957606316 15.295895919203756 7.7171947211027137 337.4363486468792 52.527901262044907 31.386794000864029 238.9293254762888
leaf_count=1063 37 1929 1261 3587 1043 896 11 1371 34 40 4273 815 1421 3879 280 173 509 535 48 1876 1061 5633 182 88 63 32 1364 234 128 970
internal_value=0 -0.0106994 0.0116271 -0.0228102 0.00835174 -0.00584516 0.0282855 0.0122859 0.0146009 -0.0101374 -0.0139516 -0.00401061 -0.000177806 0.00177383 -0.00342974 0.00114535 -0.0112608 -0.00185778 -0.0149425 0.0369577 -0.0362232 0.0153484 0.0134766 0.0125393 -0.0237364 0.00713812 0.00309137 0.002199 0.0205947 0.0125699
internal_weight=0 4187.94 3852.68 1198.29 3219.64 2989.64 633.042 2014.68 1638.61 1701.22 1048.48 652.739 1288.43 1204.95 938.86 592.629 346.231 523.612 143.699 358.864 409.41 1607.27 1367.22 1326.67 31.3399 16.044 379.914 376.068 41.2459 248.028
internal_count=34836 18122 16714 5711 13566 12411 3148 8680 7075 7185 4441 2744 5226 4886 3805 2400 1405 2120 583 1887 2124 6946 5903 5721 129 66 1537 1605 168 1007
is_linear=0
shrinkage=0.05


Tree=24
num_leaves=31
num_cat=0
split_feature=22 68 68 14 17 31 13 107 29 71 15 43 67 101 47 76 13 1 66 37 19 21 77 32 15 56 23 90 47 75
split_gain=364.814 112.228 59.4037 37.4139 34.8059 33.7327 26.9287 19.6937 17.903 17.6364 15.7412 15.2958 16.0494 23.0352 15.6082 15.1942 15.0069 14.8084 14.8048 14.8026 14.3962 13.5861 13.0893 12.5965 12.4169 12.2626 12.0366 11.9044 11.8498 14.1781
threshold=4.5883440483553395 -17.700377032757839 26.877336218726445 -2468.4999999999995 -51.968944808267217 2319.8252796085844 -151.49999999999997 2196.615900027793 2234.5846999017081 139.03865378571382 -12.499999999999998 2220.0880860075654 84.218183601925702 2149.7732732376066 2313.765753396247 -125.5452971515267 288.50000000000006 5.0000000000000009 139.96538472450865 2212.5625948000147 2356.4948170257212 67.025031748037307 2227.90222657513 2357.3096309630851 7.5000000000000009 2216.0583207678469 2202.8121933340212 2199.0360517965214 2300.836035426521 2190.8103174113135
decision_type=2 2 2 2 2 2 2 2 2 2 2 2 2 2 2 2 2 2 2 2 2 2 2 2 2 2 2 2 2 2
left_child=1 3 5 -1 8 6 27 -4 16 11 -5 12 14 18 -6 21 20 22 -14 -16 25 -12 -9 -24 -8 -3 -21 -2 -7 -30
right_child=2 4 7 10 9 28 24 17 -10 -11 15 -13 13 -15 19 -17 -18 -19 -20 26 -22 -23 23 -25 -26 -27 -28 -29 29 -31
leaf_value=-0.036707129187740398 0.0057650496419440781 0.052323752105475865 -0.033956895322060497 0.023929420396717697 0.0036999733771986253 0.00982322509487084 0.0053711044538902082 -0.025365015064405458 -0.015212328589697524 -0.017921669459802676 -0.026963375578742916 -0.0073193674542694738 -0.0030458568385937205 0.021221707907313092 -0.053270518326281463 -0.0080339335766431742 -0.040413529806343385 0.047130113075328335 0.04758638414893708 0.016700508028719634 0.028661480765955639 -0.0090205555541238019 0.029520690740488555 -0.054496404386110558 -0.0098029532223050195 -0.0054138626205727965 -0.010078046870976185 0.038277358394602494 -0.032569307865410971 0.02188284418130506
leaf_weight=310.6476793885231 41.844511121511459 9.3190386146306974 11.681828141212462 23.47756253182888 826.142592638731 350.08753032982349 1158.6992983072996 11.74170798063278 786.56747651100159 132.54497636854649 412.08986376225948 451.2128279209137 242.77133597433567 251.76706320047379 17.689017847180367 277.39160627126694 27.999667227268219 117.00193201005459 15.350199878215788 48.635391473770142 33.989756941795349 141.80388785898685 323.6261263936758 4.5235931277275077 152.57105906307697 697.1506679058075 305.87759248912334 86.058767557144165 12.154026687145231 727.71639546751976
leaf_count=1749 181 38 50 104 3340 1569 4842 49 3421 551 1919 1825 981 1020 72 1224 126 634 62 197 141 616 1648 24 630 2875 1237 377 56 3278
internal_value=0 -0.00825346 0.0137965 -0.0218466 -0.00413558 0.0107669 0.00574162 0.0301487 -0.00990952 -0.00021819 -0.0164458 0.000868435 0.00303116 0.010461 -0.000130188 -0.0175861 -0.00448175 0.0317878 -3.48139e-05 -0.00863165 -0.00312303 -0.0223698 0.0265065 0.0283625 0.00360555 -0.00465225 -0.00640432 0.0276407 0.0174022 0.0209883
internal_weight=0 5012.43 2997.71 1165.41 3847.02 2529.13 1439.17 468.575 1555.03 2291.99 854.763 2159.45 1708.23 509.889 1198.34 831.285 768.459 456.893 258.122 372.202 740.459 553.894 339.891 328.15 1311.27 706.47 354.513 127.903 1089.96 739.87
internal_count=34836 21498 13338 5612 15886 10933 6030 2405 6601 9285 3863 8734 6909 2063 4846 3759 3180 2355 1043 1506 3054 2535 1721 1672 5472 2913 1434 558 4903 3334
is_linear=0
shrinkage=0.05


Tree=25
num_leaves=31
num_cat=0
split_feature=73 22 14 30 17 70 102 54 82 12 1 37 67 26 82 17 8 3 1 17 37 86 49 90 89 76 17 1 31 67
split_gain=333.514 84.1251 73.0442 38.8797 28.6433 24.5337 22.0531 19.547 24.461 18.453 16.9814 14.8108 14.7686 14.6336 15.8761 20.2148 18.1069 13.9582 13.9462 13.453 13.3892 13.2867 13.1781 13.0198 17.7545 16.0182 12.7767 12.6724 12.4418 12.2277
threshold=1.9150365051978044 -18.180253001553179 719.50000000000011 122.27346800356669 -46.899210275251328 2225.0886217794746 2232.0530431638786 -108.20269061580233 110.7602385459311 666.50000000000011 5.0000000000000009 2201.9698426149666 106.31676145178015 134.17414786327177 91.104024681496199 181.88600499903103 22.500000000000004 36.500000000000007 5.0000000000000009 -76.568098733815972 2213.3656615677651 2365.1269760529226 2318.2717770018994 2184.9254904141994 2183.6150023357791 -1.1570860777612777 -160.55147294125797 5.0000000000000009 2325.3825188300184 103.45244981013033
decision_type=2 2 2 2 2 2 2 2 2 2 2 2 2 2 2 2 2 2 2 2 2 2 2 2 2 2 2 2 2 2
left_child=1 5 7 13 6 -1 26 9 11 17 21 -9 20 14 16 -16 -4 -2 -5 22 -6 -8 -12 -14 25 -25 -3 -7 -18 -22
right_child=2 4 3 18 12 27 10 8 -10 -11 19 -13 23 -15 15 -17 28 -19 -20 -21 29 -23 -24 24 -26 -27 -28 -29 -30 -31
leaf_value=-0.014330788395983738 0.0093511169571828621 -0.043230763883762541 -0.015801003249129589 0.025340115247716705 -0.022234340150771102 -0.026683152530157041 -0.0087088481020237106 -0.029606532471713572 0.024841079825249787 -0.0070981490921177212 -0.030058964025605036 0.0069196474895691076 -0.014519925131305504 0.044647778991295045 0.022317907549766688 -0.079864743783933767 -0.00063318155940130145 -0.057183660872200365 0.043649472614171507 -0.04177359137372872 -0.002091691457789984 -0.031604670827329283 -0.00046200938146905544 0.0037756220059267419 0.021058842345870507 -0.06008400241017231 0.037095781707565709 -0.04559076533048402 0.016130784531460083 -0.042288441595238035
leaf_weight=379.18084317445755 347.11445778608322 5.7897319495677939 75.361261129379272 383.84335884451866 92.990614727139473 355.30941361188889 1192.2236437797546 28.368561401963234 201.53142701089382 494.61610534787178 79.651132434606552 1278.9845223128796 50.165893629193306 35.86086717247963 325.74674992263317 4.9130985438823691 166.61844453215599 8.0658049583435041 142.65716578066349 76.946181505918503 1381.7135319113731 66.920955613255501 71.254844769835472 40.222570300102234 180.01776784658432 12.991399765014647 34.148877814412117 118.06636826694012 329.67233158648014 19.181928515434265
leaf_count=1722 1430 24 325 1993 387 1892 5144 117 865 2014 357 5302 205 163 1488 23 715 33 779 326 5628 292 313 165 740 53 141 655 1467 78
internal_value=0 -0.00980457 0.0106567 0.0194268 -0.00619145 -0.0238078 -0.0112139 0.00521067 0.00862656 -0.000854538 -0.0121987 0.00612706 -0.00187647 0.0133241 0.0120792 0.0207996 0.00703503 0.00784018 0.0303011 -0.0247593 -0.00386166 -0.00992571 -0.0160839 0.00858811 0.0135584 -0.0118148 0.0254512 -0.031399 0.0105027 -0.00264209
internal_weight=0 4156.78 3823.35 1464.67 3304.22 852.557 1526.94 2358.68 1508.88 849.796 1487 1307.35 1777.28 938.173 902.312 330.66 571.652 355.18 526.501 227.852 1493.89 1259.14 150.906 283.398 233.232 53.214 39.9386 473.376 496.291 1400.9
internal_count=34836 18122 16714 6953 13853 4269 6597 9761 6284 3477 6432 5419 7256 4181 4018 1511 2507 1463 2772 996 6093 5436 670 1163 958 218 165 2547 2182 5706
is_linear=0
shrinkage=0.05


Tree=26
num_leaves=31
num_cat=0
split_feature=68 14 30 68 82 20 13 15 89 25 12 75 42 15 67 79 8 58 80 13 28 98 18 102 40 99 54 77 52 37
split_gain=303.009 104.541 50.8112 43.4343 31.8138 25.4501 19.7054 23.7763 17.8044 17.6582 14.8123 16.2157 14.9939 14.3148 15.7972 13.7265 13.5936 14.3618 17.9132 13.5354 13.1597 20.2962 13.7913 13.1153 17.6108 12.8523 12.7738 12.4393 13.7913 12.3338
threshold=6.0635168286817143 -1216.4999999999998 140.0897347070734 -7.1589234379530344 20.077161703983624 76.26881990669753 -52.499999999999993 2.5000000000000004 2208.8302618781131 63.284748383297661 617.50000000000011 2198.4926631730468 16.959863155986572 -2.4999999999999996 106.31676145178015 -20.753797849620465 24.500000000000004 2211.3183776589176 2206.7080735062132 155.50000000000003 2237.5127416292867 2280.4527224912813 2358.8481520314886 2264.9644806464348 2211.0745273195021 2158.7272772602714 -139.45463102455707 2343.6390150313778 2297.9407242730081 2232.0155060233028
decision_type=2 2 2 2 2 2 2 2 2 2 2 2 2 2 2 2 2 2 2 2 2 2 2 2 2 2 2 2 2 2
left_child=1 4 9 13 -1 15 27 20 -7 -2 11 26 -12 19 -15 29 23 18 -18 -3 22 -22 -8 24 -14 -19 -11 28 -5 -4
right_child=2 3 5 6 -6 8 7 -9 -10 10 12 -13 16 14 -16 -17 17 25 -20 -21 21 -23 -24 -25 -26 -27 -28 -29 -30 -31
leaf_value=-0.033531569037837904 0.014918215701328733 -0.0020716821760852311 -0.028898665959060283 0.011430542343947907 -0.015149816199533137 0.022483395164558714 0.0011258360603580921 -0.0091127157329044233 -0.058451498012699867 -0.023074254257299184 0.006035255953878875 0.022051869473448185 0.044457111196856892 -0.015792659575189022 8.6174570557778478e-05 0.037011638343429624 -0.0067065164448806176 0.030349099328112014 -0.074488382131456726 -0.028103608172920805 0.027599259080801766 0.0002876641388785781 -0.040409763750168998 -0.051166487895501482 -0.034719054375149265 -0.0098009187564128426 0.0086855842250471941 0.039757552578395604 -0.039091100436323682 0.023099651505827268
leaf_weight=356.01039478182793 998.72816640138626 678.84210762381554 12.109112873673437 272.05594976246357 694.72157914936543 12.992781445384027 991.68315030634403 602.48959866166115 14.245176956057547 36.909377112984657 625.44667963683605 247.79234948754311 11.196761295199396 898.97841377556324 189.68177293241024 281.42170296609402 63.707651108503342 46.72287292778492 11.508120775222777 53.899131923913956 124.10763657093048 150.52875226736069 20.395983546972275 32.119487971067429 18.841037333011627 34.761085644364357 222.57853852212429 36.925344750285149 14.213734120130537 195.84176641702652
leaf_count=1955 4474 2861 53 1130 3224 55 4026 2447 60 152 2610 1057 46 3875 788 1555 263 201 48 244 509 618 83 134 79 150 944 159 59 977
internal_value=0 -0.00733043 0.0129973 -0.0036713 -0.0213779 0.0271951 0.0010363 -0.000915443 -0.0198447 0.00987649 0.00615101 0.0129038 0.00209374 -0.00938948 -0.013026 0.0298133 -0.00917028 -0.00132209 -0.0170772 -0.00398654 0.00292283 0.0126297 0.000288787 -0.0289557 -0.00520569 0.0132211 0.00416809 0.012445 0.00892206 0.0200718
internal_weight=0 5084.53 2866.92 4033.8 1050.73 516.611 2212.4 1889.21 27.238 2350.31 1351.58 507.28 844.304 1821.4 1088.66 489.373 218.857 156.7 75.2158 732.741 1286.72 274.636 1012.08 62.1573 30.0378 81.484 259.488 323.195 286.27 207.951
internal_count=34836 21978 12858 16799 5179 2700 9031 7683 115 10158 5684 2153 3531 7768 4663 2585 921 662 311 3105 5236 1127 4109 259 125 351 1096 1348 1189 1030
is_linear=0
shrinkage=0.05


Tree=27
num_leaves=31
num_cat=0
split_feature=22 68 14 14 13 13 15 76 95 30 36 29 6 15 91 27 15 76 49 94 54 82 37 53 53 52 6 43 58 91
split_gain=276.282 89.8857 50.0198 32.8629 26.4576 20.2949 20.4555 20.6785 17.1957 17.1668 17.0879 17.0412 20.2628 17.5836 16.3222 15.3953 14.247 13.8637 13.7832 16.2197 13.0495 12.8582 12.5438 14.4137 12.532 12.4219 12.2703 12.2426 11.7704 12.0095
threshold=4.5883440483553395 -17.700377032757839 2153.5000000000005 -2468.4999999999995 -7.4999999999999991 -164.49999999999997 2.5000000000000004 64.339243011483873 2279.4732810778087 175.5016442570998 57.428238351759099 2234.9000218302476 305.00000000000006 10.500000000000002 -199.4659390790998 -6.7760546836009317 -12.499999999999998 -125.5452971515267 2300.1763590732703 229.54442116670978 -43.702334114377884 92.309073194911448 2256.7907113463111 2150.0630093728819 2151.6792356723113 2292.6553560530388 175.50000000000003 2213.2415354055706 2212.802211540004 -130.98165239515876
decision_type=2 2 2 2 2 2 2 2 2 2 2 2 2 2 2 2 2 2 2 2 2 2 2 2 2 2 2 2 2 2
left_child=1 3 5 -1 8 -2 7 10 -3 22 -7 12 20 15 25 18 -5 24 19 -13 21 -6 23 -4 -18 -10 28 -28 29 -9
right_child=2 4 9 16 11 6 -8 26 14 -11 -12 13 -14 -15 -16 -17 17 -19 -20 -21 -22 -23 -24 -25 -26 -27 27 -29 -30 -31
leaf_value=-0.033904157897804273 0.025850634807604023 -0.026010320291281683 -0.061718686255052828 0.023907076509242439 -0.0037740405344618166 -0.0098983097908553475 0.0010498574304337897 0.0076342718679471167 0.0028634721533193378 0.040685675833052964 0.0091001399158241719 -0.010326560978544215 -0.028735639298368115 -0.041790666809596505 0.018852245961535528 0.0018448264133066918 -0.0047144646330181646 -0.0064555386968819977 -0.01651157246626515 0.017998170128754525 0.081074998191820291 0.0089432033936900669 0.022488999660327427 0.015939638020403036 -0.02395602298403508 -0.029796750985971222 0.0047856979455802558 -0.074824965483819977 0.023039701875628964 0.07581088569121891
leaf_weight=295.21861633658409 163.66722394526005 48.406280308961868 9.6724602729082125 23.454800963401794 1274.6990462839603 150.33907987177372 773.32042773067951 239.88220888376236 831.03316740691662 136.64252266287804 556.34771896898746 190.66336998343468 71.68209408223629 43.813682541251183 165.77059932053089 236.11064769327641 104.85595145821571 274.40695932507515 630.04733969271183 68.772166728973389 4.7659610360860816 235.47970223426819 425.8172735273838 15.63051465153694 438.51543775200844 30.170204475522041 16.397461280226711 6.8450395166873923 454.32033860683441 6.6381650120019904
leaf_count=1749 753 196 46 104 5219 622 3337 1043 3366 822 2328 834 317 188 676 953 457 1224 2747 295 20 953 2088 73 2078 122 68 28 2100 30
internal_value=0 -0.00720237 0.012104 -0.0195514 -0.00353945 0.00886315 0.00760172 0.011143 0.00311216 0.0251594 0.00505845 -0.00613486 -0.00275947 -0.0107145 0.00448484 -0.00950486 -0.0145146 -0.0156165 -0.0125176 -0.00281813 -0.00153037 -0.00179106 0.0204566 -0.0137465 -0.0202429 0.0017193 0.0170813 -0.0186601 0.0182666 0.00947009
internal_weight=0 4967.87 2955.52 1136.45 3831.41 2367.76 2204.09 1430.77 1075.38 587.763 706.687 2756.03 1586.63 1169.41 1026.97 1125.59 841.233 817.778 889.483 259.436 1514.94 1510.18 451.12 25.303 543.371 861.203 724.083 23.2425 700.841 246.52
internal_count=34836 21498 13338 5612 15886 10309 9556 6219 4360 3029 2950 11526 6509 5017 4164 4829 3863 3759 3876 1129 6192 6172 2207 119 2535 3488 3269 96 3173 1073
is_linear=0
shrinkage=0.05


Tree=28
num_leaves=31
num_cat=0
split_feature=68 17 30 1 14 20 82 13 37 15 22 6 15 41 89 26 37 89 15 54 46 57 66 69 80 7 94 43 80 26
split_gain=251.668 90.9897 44.6687 42.7033 24.9148 22.8111 18.2987 17.0756 16.9353 17.7514 16.3303 16.2528 16.5526 16.2857 15.7455 15.4587 15.3826 15.1869 14.7886 13.7995 13.5404 15.9031 13.3986 13.3914 13.269 13.1831 18.7482 14.3194 12.6147 13.5194
threshold=6.0635168286817143 -51.968944808267217 140.0897347070734 5.0000000000000009 -1179.4999999999998 76.26881990669753 20.077161703983624 -69.499999999999986 2292.8023725899957 5.5000000000000009 -19.781435986082894 305.00000000000006 -1.4999999999999998 2351.6266452576688 2208.8302618781131 229.19217144743854 2208.6077927567781 2212.8530426537341 -1.0000000180025095e-35 -103.46958620660529 2100.7140900033687 -62.110657606957368 65.563109596263956 2220.6159486591055 2238.9664733571676 1310.5000000000002 238.66002586114817 2214.1127573836025 2147.6556173571994 106.25286604717355
decision_type=2 2 2 2 2 2 2 2 2 2 2 2 2 2 2 2 2 2 2 2 2 2 2 2 2 2 2 2 2 2
left_child=1 3 8 4 6 24 -1 -3 9 22 -5 12 25 15 -7 -14 -9 -11 19 -18 21 -8 -2 -10 -4 -6 27 -27 -19 -30
right_child=2 7 5 10 11 14 20 16 23 17 -12 -13 13 -15 -16 -17 18 28 -20 -21 -22 -23 -24 -25 -26 26 -28 -29 29 -31
leaf_value=-0.028944897527953147 0.024750268291862783 0.010957100153485819 0.023046186430635267 -0.041257991401409413 -0.00067513412887363483 0.021024705876697952 0.1799719128940187 -0.020422532109866807 -0.031903520941171187 0.0086212042795817106 -0.020784046375910938 -0.033691557032804756 -0.01318128457038395 0.029060897120510638 -0.055083107322907943 0.06574309396744106 -0.0024566764067347033 -0.07233782822338343 -0.0048844766444537443 0.0086043730308971583 -0.0015386006317776807 -0.020077005936680003 0.0089790873448544872 0.033172129039833645 0.042135066265399285 -0.027868252020269092 0.098679105060116429 0.057753611132864396 -0.012300226825076543 0.025348448085238826
leaf_weight=255.89907053112984 146.75488243997097 292.61031419038773 353.93375138938427 155.37719775736332 514.72200322151184 12.899339064955713 0.9972020834684362 106.37235721945763 8.5713495314121229 215.82080207765102 260.98570522665977 52.517462283372879 602.35702623426914 24.682906046509743 14.362144768238066 6.2688383609056464 559.34482568502426 7.8062169998884192 1181.7644452303648 568.63283212482929 179.11425195634365 264.69398529827595 1635.4177648127079 101.7632123529911 122.56135280430317 11.496958598494535 8.0987393707036954 8.488387316465376 193.61657379567623 27.194146394729614
leaf_count=1443 669 1223 1836 859 2197 55 5 445 37 912 1161 241 2606 103 60 26 2284 32 4829 2325 852 1260 7076 485 749 49 34 36 826 121
internal_value=0 -0.00669324 0.0119069 -0.0139023 -0.0107683 0.0254112 -0.0182921 -0.000450372 0.00899584 0.00804835 -0.0284245 -0.00647736 -0.00526215 -0.0107537 -0.0190711 -0.0123684 -0.00183191 -0.000891571 -0.000975737 0.00311939 -0.0121635 -0.0193262 0.0102778 0.0281167 0.0279561 0.00114499 0.0345039 0.00849797 -0.0098719 -0.00766357
internal_weight=0 5054.42 2840.7 2345.7 1929.34 503.757 700.705 2708.72 2336.94 2226.61 416.363 1228.63 1176.11 633.309 27.2615 608.626 2416.11 444.438 2309.74 1127.98 444.805 265.691 1782.17 110.335 476.495 542.806 28.0841 19.9853 228.617 220.811
internal_count=34836 21978 12858 10872 8852 2700 3560 11106 10158 9636 2020 5292 5051 2735 115 2632 9883 1891 9438 4609 2117 1265 7745 522 2585 2316 119 85 979 947
is_linear=0
shrinkage=0.05


Tree=29
num_leaves=31
num_cat=0
split_feature=73 30 14 80 13 68 66 30 72 8 3 77 93 33 102 5 14 8 33 69 13 12 101 76 83 8 94 46 89 94
split_gain=229.851 65.2242 58.6249 30.403 25.2563 20.6566 19.1381 18.2527 18.2355 18.0389 15.3165 19.2479 17.5858 14.2617 16.8085 15.9377 13.8859 14.7571 13.5553 15.4392 13.4047 13.2571 13.2246 13.1889 12.8679 12.571 12.2298 15.097 12.0908 16.9119
threshold=-1.9030477687090295 72.747103399477524 -2155.4999999999995 2212.9380126279311 64.500000000000014 -28.579208914856505 155.782828423371 -147.15562036213711 111.79914264239174 26.500000000000004 30.500000000000004 2280.6908260142859 2281.713824949687 -57.769975587478704 2293.0323382282481 199.50000000000003 234.50000000000003 30.500000000000004 -32.872021085693852 2189.0601100526451 45.500000000000007 651.50000000000011 2189.2587357386278 102.36972221342855 2173.8055279274854 38.500000000000007 203.65912855111108 2079.958689306894 2199.7017821008108 317.62452083629563
decision_type=2 2 2 2 2 2 2 2 2 2 2 2 2 2 2 2 2 2 2 2 2 2 2 2 2 2 2 2 2 2
left_child=2 6 7 16 5 -4 8 -1 9 13 12 -12 -7 15 26 -2 28 22 24 -20 -8 -10 -18 -5 -14 -26 27 -15 29 -3
right_child=1 3 4 23 -6 10 20 -9 21 -11 11 -13 18 14 -16 -17 17 -19 19 -21 -22 -23 -24 -25 25 -27 -28 -29 -30 -31
leaf_value=-0.036406084721115423 -0.01334438866506437 0.046831486973112763 -0.021386418589895644 0.01316188089786037 -0.014857966087034678 0.021450253317203877 0.0015236869441156518 -0.017341375406597345 0.023495090722827044 0.0065934534581225425 -0.01827005443497472 0.0028242184746576533 0.057115651972862017 0.040978337248811357 0.026270898454855869 0.029695041090709369 0.011540173264202536 0.029076897035041172 -0.044966360005085602 0.018197363272518259 -0.027691772875065093 0.0041479634487670142 -0.040047568580276735 0.029351943761457534 -0.0037257299492381938 0.061606968743622328 0.0020486872544883922 -0.034354351431412543 -0.0080239010813800676 -0.010438263153600238
leaf_weight=192.33710300922394 333.55962577462196 27.443774297833443 160.47411276400089 174.73400518298149 684.83374738693237 84.638679817318916 75.800210133194923 361.53907777369022 197.22393342852592 1185.5036489665508 308.31647109985352 166.56457775831223 8.821516811847685 7.7810846269130698 64.705374270677567 22.992285177111626 569.84397520124912 129.48574736714363 10.4841401129961 125.2793035954237 81.450253695249557 160.67931520938873 12.699955523014067 449.10018341243267 1645.8227961212397 7.3959777504205695 395.69573760032654 45.776989921927452 153.12249183654785 24.309590190649033
leaf_count=1216 1359 116 733 808 3103 351 308 1802 832 4906 1299 697 37 32 271 95 2660 607 43 515 342 663 61 2478 6892 30 1639 191 648 102
internal_value=0 0.0081671 -0.00894185 0.016302 -0.00634425 -0.00402855 0.00329235 -0.0239617 0.00439336 0.00258019 -0.00284692 -0.0108712 -0.000822634 -0.00288526 0.00244522 -0.010569 0.0105086 0.0138092 -0.00187122 0.0133196 -0.0136089 0.0148093 0.0104155 0.0248172 -0.00311208 -0.00343345 -0.00098636 -0.0234098 -0.000962324 0.0199307
internal_weight=0 4111.91 3756.51 1540.74 3202.63 2517.8 2571.17 553.876 2413.92 2056.01 2357.32 474.881 1882.44 870.511 513.959 356.552 916.906 712.03 1797.8 135.763 157.25 357.903 582.544 623.834 1662.04 1653.22 449.254 53.5581 204.876 51.7534
internal_count=34836 18118 16718 7480 13700 10597 10638 3018 9988 8493 9864 1996 7868 3587 2133 1454 4194 3328 7517 558 650 1495 2721 3286 6959 6922 1862 223 866 218
is_linear=0
shrinkage=0.05


Tree=30
num_leaves=31
num_cat=0
split_feature=68 30 35 23 73 68 21 8 66 13 72 64 84 30 68 21 15 77 15 57 37 46 87 96 25 15 21 80 56 104
split_gain=209.81 84.7268 42.3138 29.166 25.1294 21.7903 19.5513 27.2318 20.3459 18.0816 16.1486 15.4323 16.2639 17.5547 14.3607 14.1579 13.9959 13.7021 25.1927 13.0113 12.2114 12.5842 12.1688 14.1407 12.1491 12.1209 12.12 11.9616 11.8441 11.8404
threshold=-7.1589234379530344 72.747103399477524 2264.0886903112937 2217.1016864812996 -63.039786882659875 29.722429008421845 90.262348736980101 22.500000000000004 147.06043087792111 -248.49999999999997 71.813996222246871 2295.1307970921184 2158.8969441559179 40.158354976806329 17.153141651407854 69.441361697414322 -11.499999999999998 2234.7134151438709 10.500000000000002 -11.048802401459396 2232.5768978046294 2051.5664150444341 2296.0190650522659 2054.4533859722355 65.300511803184619 -10.499999999999998 63.938439893941734 2146.8437275821348 2232.2602166689353 2210.5478258107719
decision_type=2 2 2 2 2 2 2 2 2 2 2 2 2 2 2 2 2 2 2 2 2 2 2 2 2 2 2 2 2 2
left_child=2 6 11 19 15 24 7 -2 14 -8 -10 12 13 29 16 -4 -9 18 -11 -3 21 -14 25 -24 -5 27 -12 -6 -22 -1
right_child=1 3 4 5 22 -7 9 8 10 17 26 -13 20 -15 -16 -17 -18 -19 -20 -21 28 -23 23 -25 -26 -27 -28 -29 -30 -31
leaf_value=0.024278839158836524 -0.011395304110162402 -0.02878698336365796 -0.041101851818661751 0.018504100964747191 0.10349916094213758 0.034446683521987223 0.049667818975109301 0.024283105223584161 -0.040313858963649932 0.0036583422480304822 -0.061067001104201629 0.0025135935487847821 -0.0085815799239477835 -0.046947370987260262 0.015040819775733863 0.01426455291842378 0.0015395330362716914 0.01969380352475604 -0.08206853385739582 0.0080912355802916364 0.022308148866930153 -0.022138656582078212 0.016202369617404656 -0.022976078530318265 -0.0045810901800452586 -0.010818286900795376 -0.0017712898075043862 0.0085759877831989989 -0.0070791772664213319 -0.050287378344424587
leaf_weight=75.883712753653526 421.33713693916798 24.999574199318886 160.66259789466858 721.28471732139587 4.3511586785316494 221.35951353609562 31.411472827196121 69.582922756671906 43.873155295848846 112.06666791439056 9.2149417251348478 356.97098742425442 352.59055623412132 11.496015295386313 237.4770148396492 12.440418273210524 2426.2615645676851 150.19597139954567 9.279639929533003 552.69527889788151 36.945264548063278 332.67964580655098 24.239141434431076 462.13675406575203 61.882068827748299 289.68885979056358 132.98555283248425 13.988296821713446 476.39617070555687 5.7255026549100867
leaf_count=318 1735 106 992 3532 19 1357 139 285 187 460 39 1536 1567 47 1014 64 9971 632 38 2432 153 1473 113 2303 275 1344 553 62 2066 24
internal_value=0 0.00578574 -0.0115596 0.0154471 -0.0198604 0.0205951 0.00159045 0.000487499 0.00220247 0.0137529 -0.0137955 -0.00668844 -0.00923146 0.0108989 0.00329154 -0.0371228 0.00217361 0.00959829 -0.0028974 0.00649534 -0.0107951 -0.0151632 -0.0160988 -0.0210236 0.01668 -0.00832272 -0.0056138 0.0310971 -0.00496417 0.0190475
internal_weight=0 5225.91 2616.2 1582.22 967.507 1004.53 3643.69 3340.73 2919.4 302.954 186.074 1648.69 1291.72 93.1052 2733.32 173.103 2495.84 271.542 121.346 577.695 1198.61 685.27 794.404 486.376 783.167 308.028 142.2 18.3395 513.341 81.6092
internal_count=34836 22755 12081 7702 4897 5164 15053 13784 12049 1269 779 7184 5648 389 11270 1056 10256 1130 498 2538 5259 3040 3841 2416 3807 1425 592 81 2219 342
is_linear=0
shrinkage=0.05


Tree=31
num_leaves=31
num_cat=0
split_feature=22 68 68 14 31 13 14 6 104 8 56 66 21 43 1 84 58 90 15 84 85 36 79 59 40 89 91 8 37 51
split_gain=190.966 66.1821 41.0375 27.0021 21.9164 19.966 19.248 17.2639 17.1454 15.4671 15.0036 15.9869 14.3748 16.2698 14.2053 13.8871 14.9691 12.91 15.3923 14.7884 12.6788 16.3031 12.6554 12.4838 13.6854 12.2653 12.1456 11.9531 13.8227 11.9202
threshold=4.5883440483553395 -17.700377032757839 26.877336218726445 -2468.4999999999995 2319.8252796085844 -151.49999999999997 -1479.4999999999998 305.00000000000006 2196.615900027793 38.500000000000007 2258.3027589962753 119.53472390707101 102.87856357934267 2222.8224333221428 5.0000000000000009 2163.6423850164833 2198.8507872405435 2245.0351844141019 -2.4999999999999996 2142.8575837777357 93.348700100915508 64.511735290821676 -126.20865244758737 2198.3523715584229 2238.9467720979596 2247.011598241817 -195.8644464858298 22.500000000000004 2226.7164059132124 113.44427279950222
decision_type=2 2 2 2 2 2 2 2 2 2 2 2 2 2 2 2 2 2 2 2 2 2 2 2 2 2 2 2 2 2
left_child=1 3 4 -1 5 -2 -3 9 -4 10 15 12 -12 -14 -10 -8 -17 18 19 -5 21 -7 -23 -19 -25 -18 -9 28 -24 -20
right_child=2 6 8 17 -6 20 7 26 14 -11 11 -13 13 -15 -16 16 25 23 29 -21 -22 22 27 24 -26 -27 -28 -29 -30 -31
leaf_value=-0.03035125360114211 0.022862697930074779 -0.012614275831529862 -0.035646392299943944 0.07737474917344922 0.013155641097449031 -0.0052253030428299979 0.015958273921556465 -0.011405255585193376 0.020749964907329936 0.077855076536549217 -0.0033201858246443695 -0.016530731716275258 0.026430129772325187 -0.048622322441832365 0.042013651619656117 -0.0077057361524363946 0.0058945232810511602 0.088162627482344741 -0.023501859138281296 -0.007228677566423195 -0.0063427696150575273 -0.035955878646357319 0.04928679945010267 -0.015748396320443604 0.03965096485368029 -0.029996406336882081 -0.054697809471298722 0.013086527553464209 -0.011536139669355192 0.00032914972544596344
leaf_weight=275.86145175993443 123.29649040102959 449.04215583205223 11.570771932601927 5.2468605339527121 1051.1210260987282 284.07427974045277 177.43502728641033 49.683853834867477 315.04938146471977 6.1979758888483039 1675.995528742671 223.96517758071423 69.767478242516518 8.0545419603586179 104.62903881072998 348.3831674605608 754.54058490693569 4.8259783536195746 373.24632406234741 331.7929123789072 348.88297358155251 15.240648120641707 10.381848499178885 31.497430175542831 17.254545256495476 24.579310670495033 24.039160698652267 546.92831185460091 93.180185720324516 61.057143554091454
leaf_count=1749 558 2038 50 22 4903 1180 721 218 1721 25 6901 934 287 33 634 1436 3078 20 1801 1516 1481 62 43 149 80 101 114 2318 388 275
internal_value=0 -0.00601002 0.0101629 -0.0168094 0.00768101 0.0036342 -0.00289126 -0.00159286 0.0243958 -0.00105648 -0.00120547 -0.00395119 -0.00234476 0.0186622 0.0260512 0.00295598 0.000909813 -0.0122809 -0.0139294 -0.00591162 0.00180866 0.00480285 0.00908197 0.0114524 0.00385883 0.00476225 -0.0255218 0.0101372 -0.00543878 -0.0201515
internal_weight=0 4912.47 2904.35 1100.78 2473.11 1421.98 3811.68 3362.64 431.249 3288.92 3282.72 1977.78 1753.82 77.822 419.678 1304.94 1127.5 824.921 771.343 337.04 1298.69 949.805 665.731 53.578 48.752 779.12 73.723 650.49 103.562 434.303
internal_count=34836 21498 13338 5612 10933 6030 15886 13848 2405 13516 13491 8155 7221 320 2355 5336 4615 3863 3614 1538 5472 3991 2811 249 229 3179 332 2749 431 2076
is_linear=0
shrinkage=0.05


Tree=32
num_leaves=31
num_cat=0
split_feature=68 17 0 79 58 24 36 6 63 36 45 5 64 53 72 14 85 56 92 63 73 44 20 82 17 46 41 71 25 3
split_gain=174.948 65.9626 38.4142 37.6861 23.129 22.7692 17.0481 16.3955 14.6283 14.6236 13.8642 13.6434 14.8594 13.4177 12.5731 12.4499 12.3753 12.273 12.2675 15.3613 12.738 13.9233 12.2052 16.9766 12.2028 11.9273 11.8436 12.3699 11.514 11.4719
threshold=6.0635168286817143 -51.968944808267217 4.0000000000000009 -19.285882923449204 2222.2052204446331 2218.7323042870471 76.671856364822148 305.00000000000006 -169.89667330984875 36.397385067937201 -240.12099442203905 180.50000000000003 2102.5401771912684 2134.6697713527356 76.456586044801995 1237.5000000000002 403.83836766142832 2310.0531357301716 2089.8745319016043 153.99647810789864 43.362539563041999 2190.4685196686169 65.971723851600942 90.079414864118249 -54.428601210027175 2078.8265297767184 2276.2753535912525 86.806581468050382 63.557667983695559 30.500000000000004
decision_type=2 2 2 2 2 2 2 2 2 2 2 2 2 2 2 2 2 2 2 2 2 2 2 2 2 2 2 2 2 2
left_child=1 2 5 6 26 7 11 24 13 -4 17 -2 -13 -7 -12 -3 -8 -10 19 20 25 -22 23 -14 29 -6 -5 -28 -26 -1
right_child=3 15 9 4 18 8 16 -9 10 -11 14 12 22 -15 -16 -17 -18 -19 -20 -21 21 -23 -24 -25 28 -27 27 -29 -30 -31
leaf_value=0.0018533664481823376 0.014501791381888264 -0.0012806657703774271 -0.034352676938089834 0.014704356125283327 0.037335921069371357 0.097406768570256486 0.011427729291346053 -0.029498323106529389 -0.025433995284331656 -0.015200396916362642 -0.0086546049785296963 0.08784163820458861 -0.0013628916559503975 -0.024745866855744255 0.016984517768302312 0.011472887274309061 -0.058181069175320448 0.028359290114376323 0.03550602053769749 0.032491483805829884 0.048970087349163256 -0.048422689140383751 -0.0087199957498393064 0.02102367154976334 0.034265340209800689 -0.0076919448328257355 0.0022433900333510598 -0.051561716345636534 -0.046856095022915406 -0.013351883288512962
leaf_weight=727.03800897300243 174.21530115604401 2493.184602022171 224.03800010681152 318.45553480088711 29.068927302956581 2.2659115344285956 1005.8374578654766 56.877937749028206 167.89766752719879 179.53929881751537 409.70172354578972 4.69117148220539 376.86101494729519 285.74381981790066 54.134513646364212 207.26456038653851 6.4259095042943946 11.317924559116362 225.66984081268311 85.334643140435219 4.5714982748031643 18.602698653936386 336.47555263340473 109.23349875211716 5.2869638651609447 29.766637578606606 54.339993223547935 13.295888260006903 25.335640370845795 149.56611979007721
leaf_count=3121 740 10226 1205 1447 129 10 4623 270 795 815 1931 19 1635 1653 246 880 31 52 1319 491 23 91 1405 466 22 138 245 56 106 646
internal_value=0 -0.00560083 -0.0118259 0.0100226 0.0193603 -0.00884316 0.00640991 -0.0034574 -0.0144201 -0.0258324 -0.0102258 0.00178468 -0.00089345 -0.0237848 -0.00566225 -0.000301807 0.0109858 -0.0220368 0.027899 0.0176407 0.00218786 -0.0292103 -0.00139951 0.00366774 -0.00182478 0.014555 0.0106685 -0.00833364 -0.0328506 -0.000740952
internal_weight=0 4999.19 2298.74 2792.85 779.106 1895.17 2013.74 964.105 931.062 403.577 643.052 1001.48 827.261 288.01 463.836 2700.45 1012.26 179.216 393.014 167.344 82.0098 23.1742 822.57 486.095 907.227 58.8356 386.091 67.6359 30.6226 876.604
internal_count=34836 21978 10872 12858 3939 8852 8919 4165 4687 2020 3024 4265 3525 1663 2177 11106 4654 847 2191 872 381 114 3506 2101 3895 267 1748 301 128 3767
is_linear=0
shrinkage=0.05


Tree=33
num_leaves=31
num_cat=0
split_feature=68 30 35 1 73 25 72 66 15 79 22 68 15 64 36 31 15 63 13 21 31 37 93 58 44 21 86 54 85 65
split_gain=160.699 65.7762 35.2787 27.4237 22.6669 20.2599 18.1362 20.5154 20.619 15.7538 15.3381 14.0367 14.3081 13.5072 16.17 14.4565 13.3465 13.3584 13.1097 13.0589 12.9422 12.4897 13.6097 12.429 12.3033 12.0958 11.8002 13.4292 11.6276 11.5859
threshold=-7.1589234379530344 72.747103399477524 2264.0886903112937 5.0000000000000009 -63.039786882659875 65.899377800333752 207.98805103099875 155.782828423371 11.500000000000002 23.485749986271234 19.718866985974959 17.153141651407854 -7.4999999999999991 2295.1307970921184 42.185067781534606 2209.9878134255337 13.500000000000002 184.82155821222526 63.500000000000007 69.441361697414322 2186.4956185143615 2227.8736745456267 2413.7025376051201 2233.1619101730325 2200.5508149946559 66.977209633558672 2274.2510847603617 -143.41321972043917 18.23483493745653 2363.597738981714
decision_type=2 2 2 2 2 2 2 2 2 2 2 2 2 2 2 2 2 2 2 2 2 2 2 2 2 2 2 2 2 2
left_child=2 6 13 5 19 9 7 8 11 16 29 12 24 14 -1 -15 26 -18 20 -4 -9 -7 23 -23 -2 -13 27 -3 -29 -5
right_child=1 3 4 10 -6 21 -8 18 -10 -11 -12 25 -14 15 -16 -17 17 -19 -20 -21 -22 22 -24 -25 -26 -27 -28 28 -30 -31
leaf_value=-0.013420219088351068 -0.0046502497017782566 -0.064735211853564165 -0.038767090629331043 0.0096474752368894343 -0.01433162312973105 -0.025856684263097493 0.021480428800965855 0.020375062300416774 -0.021058853338871669 0.04171737483488433 0.038514372215566361 0.023363534851531743 0.0001916828246174745 -0.028271749403634319 -0.0021659483346613525 0.006126681492481769 -0.0042243387170176434 -0.11267248242906724 -0.027445475968095587 0.014715738273372126 -0.016760107987369977 0.0027846913986794321 0.056550130233274681 -0.055877732665005855 0.01812599460048887 0.0028084265509024896 0.017226734375990288 0.015271305507089456 -0.002111911636569578 0.048074550019448214
leaf_weight=681.18901796638966 82.125756695866585 6.5935660302638999 152.1609775274992 122.69265162944794 780.02207304537296 48.142418637871742 108.98744797706604 39.382931530475616 96.603746220469475 46.810371235013008 151.09079283475876 141.30235810577869 2648.4430107921362 33.744345620274544 600.54707600176334 322.05832602083683 9.1970973759889585 4.1078187674283972 101.17741373181343 12.339029833674429 58.040717482566833 150.25609424710274 11.085078731179236 9.6066524982452375 213.25942136347294 145.02861648797989 582.98456116020679 207.87534986436367 179.06503088772297 23.347980365157127
leaf_count=3110 337 29 992 570 3841 201 466 160 398 280 893 612 10905 149 2538 1387 42 22 439 64 238 652 48 43 879 619 2984 973 851 114
internal_value=0 0.00507247 -0.0101932 0.0136861 -0.0178887 0.0104539 0.00139212 0.000771085 0.00170302 0.0133736 0.0273458 0.00238376 0.00135582 -0.00575456 -0.00814712 0.00286433 0.0120332 -0.0377071 -0.0148398 -0.0347554 -0.00174844 -0.00336082 0.00297448 -0.000740517 0.0117935 0.0129522 0.0127109 0.00602114 0.00722685 0.0157909
internal_weight=0 5187.21 2582.06 1552.86 944.522 1255.72 3634.35 3525.36 3326.76 1036.63 297.131 3230.16 2943.83 1637.54 1281.74 355.803 989.823 13.3049 198.601 164.5 97.4236 219.09 170.948 159.863 295.385 286.331 976.519 393.534 386.94 146.041
internal_count=34836 22755 12081 7702 4897 6125 15053 14587 13750 5181 1577 13352 12121 7184 5648 1536 4901 64 837 1056 398 944 743 695 1216 1231 4837 1853 1824 684
is_linear=0
shrinkage=0.05


Tree=34
num_leaves=31
num_cat=0
split_feature=22 68 35 82 86 13 55 44 18 96 72 8 77 102 37 100 26 15 22 59 68 82 19 101 105 90 19 58 77 23
split_gain=145.728 57.5718 35.2414 25.5672 21.5309 20.1373 16.8199 14.0057 13.8376 18.3279 17.4999 24.2663 13.9912 13.7842 13.7193 13.466 12.6007 11.9505 11.7085 11.6206 11.5739 11.0985 10.8839 11.58 10.8583 12.2106 15.3035 13.588 12.0262 12.1311
threshold=-4.9130493055131401 17.153141651407854 2266.2238243328779 20.077161703983624 2279.0779672729836 -11.499999999999998 2137.2502491265245 2204.8099430737648 2368.698361747171 2161.6723106741706 111.79914264239174 25.500000000000004 2126.129499949619 2220.5697087616259 2244.3360398263408 -132.48257927958045 62.371434995214727 -11.499999999999998 30.663893098641669 2197.004750803319 26.877336218726445 1.0000000180025095e-35 2301.0134408846529 2180.4453895670154 2199.8331265582297 2208.1225764052956 2195.3971346597805 2199.0548128110445 2396.6360801137275 2206.551823870624
decision_type=2 2 2 2 2 2 2 2 2 2 2 2 2 2 2 2 2 2 2 2 2 2 2 2 2 2 2 2 2 2
left_child=2 5 21 -4 6 8 -3 13 10 -10 11 -2 -12 -7 -6 -11 -15 -9 -16 -13 -8 -1 -5 -24 -21 27 -27 -26 29 -28
right_child=1 4 3 22 14 7 20 17 9 15 12 19 -14 16 18 -17 -18 -19 -20 24 -22 -23 23 -25 25 26 28 -29 -30 -31
leaf_value=-0.018024268408843698 -0.010980177869772349 -0.021322030087960256 -0.029963257844130953 0.011614064931599843 0.0025098179302062585 0.034108749160685459 0.004339645826742052 0.030646245246220501 0.015126907253008907 -0.068205060147922922 -0.019457174570566293 0.014959129730493551 0.016751276439001411 0.017515777124245378 0.020457374126585774 0.0040034622446696649 -0.0098481957346749846 0.0010450043487532309 0.038719259629938191 -0.017400074770031842 0.020688606596904247 -0.0038914200411774148 -0.016295013914161102 0.0022834898812629238 -0.02032644156009783 0.036038900833297152 -0.031750292900910186 0.015843314606815921 -0.069336513408560035 -0.00044599180892328444
leaf_weight=151.28744632005692 334.11383330821991 46.254443153738976 267.98654615879059 46.388856440782547 84.523461252450943 19.875253409147263 297.69754964113235 35.237841993570328 475.12942875921726 11.549022927880289 29.315757513046265 216.07436154782772 296.65553452074528 44.921717017889023 432.06289039552212 14.642665967345236 662.77652901411057 1052.4909082949162 110.14649060368538 67.852887898683548 170.11128744482994 1698.3971426934004 549.02812674641609 98.997423514723778 29.322628155350685 22.537436947226524 36.290268808603287 226.83250613510609 7.497174769639968 210.23285107314587
leaf_count=732 1383 194 1651 195 380 81 1362 146 2160 51 120 912 1270 186 2257 67 2707 4318 768 283 862 7410 2668 454 120 95 147 950 32 875
internal_value=0 0.00517668 -0.00908485 -0.0168447 0.0150253 0.00221484 0.00744077 -0.00158796 0.00570476 0.0128823 0.00326813 0.00037121 0.0134949 -0.00695791 0.0212464 -0.0278363 -0.00811125 0.00200396 0.0241672 0.00501543 0.0102847 -0.00504736 -0.011782 -0.0134568 0.00143784 0.00383727 -0.00344808 0.0117029 -0.00695148 -0.00505425
internal_weight=0 4934.14 2812.09 962.401 1140.8 3793.35 514.063 1815.3 1978.05 501.321 1476.73 1150.75 325.971 727.573 626.733 26.1917 707.698 1087.73 542.209 816.64 467.809 1849.68 694.414 648.026 600.566 532.713 276.558 256.155 254.02 246.523
internal_count=34836 21726 13110 4968 5823 15903 2418 7438 8465 2278 6187 4797 1390 2974 3405 118 2893 4464 3025 3414 2224 8142 3317 3122 2502 2219 1149 1070 1054 1022
is_linear=0
shrinkage=0.05


Tree=35
num_leaves=31
num_cat=0
split_feature=68 30 68 1 25 35 11 8 81 8 79 23 87 30 66 67 72 23 26 6 104 52 93 23 101 15 87 68 52 42
split_gain=133.921 54.2652 31.5301 25.2193 17.6488 16.3066 16.1999 16.8468 15.9866 14.6759 14.5265 14.406 15.0474 14.2515 13.8108 17.7434 14.6371 16.0876 13.2063 13.1357 12.9624 12.8001 12.304 16.1281 12.1022 12.1007 12.9421 11.7355 11.7145 12.5521
threshold=-7.1589234379530344 72.747103399477524 -28.579208914856505 5.0000000000000009 65.899377800333752 2261.5519039386363 316.50000000000006 21.500000000000004 2245.9049779025186 38.500000000000007 23.485749986271234 2224.7562936910358 2259.804326766 80.564169110719391 131.24434777916767 73.244751951752875 142.7314568499512 2194.7812127312095 64.051420645797791 309.50000000000006 2230.0814501351238 2239.5231909601557 2413.7025376051201 2229.8439302397924 2195.2685083477522 2.5000000000000004 2185.9189360581445 17.153141651407854 2262.0531835555475 -32.011460262845496
decision_type=2 2 2 2 2 2 2 2 2 2 2 2 2 2 2 2 2 2 2 2 2 2 2 2 2 2 2 2 2 2
left_child=2 6 8 4 10 24 7 -2 -1 14 25 12 -5 -14 16 -16 27 -18 -10 -17 -15 -6 23 -23 28 -3 -27 -9 29 -4
right_child=1 3 5 11 21 -7 -8 9 18 -11 -12 -13 13 20 15 19 17 -19 -20 -21 -22 22 -24 -25 -26 26 -28 -29 -30 -31
leaf_value=0.0028668293648996591 -0.0095540600993660948 0.015056112096965009 0.0096411053366733841 0.024647970137237921 -0.033368663063042953 -0.012564209696860659 0.028134279677451086 0.0012028670858138454 -0.032854224252500668 0.081268303461475677 0.039932026892640277 0.038338489185374927 0.060354371070415684 -0.0096221681076899407 -0.034281838312119589 0.0010509687159383468 -0.034358079021915525 0.02537483392489492 -0.011008674093410616 -0.043005790500095203 -0.093538649231364845 0.00082081246449585582 0.051778666121434697 -0.088089836643512498 -0.029568591345077819 -0.010476659166619794 0.010078512256624744 0.013305958203813698 0.0034357512190042608 -0.0087399533964253179
leaf_weight=53.746773317456245 348.47221393883228 627.69895660877228 106.61185376346111 122.38111670315266 30.763773322105408 819.47735802829266 55.409055650234222 2594.8768031001091 238.03776144981384 5.8312461078166953 45.069427251815796 127.92382501065731 6.028685823082923 28.878588929772377 54.670877635478973 207.62854938209057 12.503369882702826 114.4659911096096 97.527173429727554 18.419664606451988 5.4741562604904166 171.23858305811882 11.395422026515005 5.2571197450160971 43.51065419614315 112.92893640697002 237.89984987676144 217.03729538619518 481.60261483490467 721.02233700454235
leaf_count=247 1446 3165 469 596 129 4016 242 10684 1489 24 280 787 27 139 234 857 51 487 472 85 28 739 50 26 204 549 1187 943 2071 3113
internal_value=0 0.00463754 -0.0093467 0.0125254 0.00942315 -0.00699827 0.00130588 0.000889938 -0.0224502 0.0020183 0.0121776 0.0257831 0.0159151 -0.0105509 0.00187476 -0.00872103 0.00288686 0.0194926 -0.0265051 -0.00253902 -0.0229944 -0.00347145 0.00142367 -0.00182749 -0.00362649 0.0108993 0.00346197 0.00213704 -0.00276434 -0.00637219
internal_weight=0 5162.25 2561.54 1532.94 1242.25 2172.22 3629.32 3573.91 389.312 3225.43 1023.6 290.686 162.763 40.3814 3219.6 280.719 2938.88 126.969 335.565 226.048 34.3527 218.655 187.891 176.496 1352.75 978.528 350.829 2811.91 1309.24 827.634
internal_count=34836 22755 12081 7702 6125 9873 15053 14811 2208 13365 5181 1577 790 194 13341 1176 12165 538 1961 942 167 944 815 765 5857 4901 1736 11627 5653 3582
is_linear=0
shrinkage=0.05


Tree=36
num_leaves=31
num_cat=0
split_feature=73 79 68 23 13 36 26 28 78 61 83 63 84 67 0 15 20 78 57 49 28 13 39 25 56 35 2 65 22 55
split_gain=121.921 39.2934 38.7318 23.0696 21.0682 20.2609 17.7801 16.3261 14.8328 14.2189 14.1816 17.5197 16.87 13.9989 13.654 14.3296 13.3578 18.9864 14.1806 13.1654 12.8196 12.7845 14.7823 12.2512 12.0415 11.7302 12.9904 11.3966 11.0962 11.0297
threshold=-1.9030477687090295 -19.285882923449204 -28.579208914856505 2234.9626160371249 -22.499999999999996 49.778318931974816 62.905262148329861 2225.1623388024414 2228.2008564831076 2185.4828990880806 2250.6451402099706 -149.45839533832802 2206.0467834592664 108.2317341809935 4.0000000000000009 7.5000000000000009 100.66039431226501 2125.2675272043007 -29.700271751022907 2279.43736134447 2211.9061924369585 12.500000000000002 -71.369069666363188 62.578187739016109 2271.7307178696133 2293.0460361609626 0.77500000000000013 2281.0069062528314 -4.6082134144505735 2207.9311261337884
decision_type=2 2 2 2 2 2 2 2 2 2 2 2 2 2 2 2 2 2 2 2 2 2 2 2 2 2 2 2 2 2
left_child=2 4 8 9 14 6 -4 13 -1 -3 11 -9 -12 -8 29 -16 18 -18 20 -11 -6 22 24 -17 -7 26 -14 -21 -28 -2
right_child=1 3 5 -5 16 21 7 10 -10 19 12 -13 25 -15 15 23 17 -19 -20 27 -22 -23 -24 -25 -26 -27 28 -29 -30 -31
leaf_value=0.018764013845319366 0.006031328912542263 -0.034621730567431085 -0.014378635489871698 0.034252475517635737 -0.067153260238751539 0.03425214696676164 -0.0090670777307462272 -0.043115917922249357 -0.02398867518578476 -0.023656458712257342 -0.067637649829195109 0.029698636419769716 -0.041438796479888046 0.010686798341008703 0.023111571833462824 0.03785472353880695 0.028838747070207889 -0.024081150955720197 0.0015581907823150512 0.018765886853354695 0.014707701661378384 -0.0052622693247533804 0.00093619752604460213 -0.031079574746931921 0.0039554798834980495 -0.052153301966031219 0.035192027871255978 0.0040036689141034129 -0.0085525414334243349 -0.066651940996203182
leaf_weight=21.488608255982399 1231.3787533193827 15.981299147009848 725.27601185441017 140.49333860725164 14.134171858429911 67.076951578259468 856.17889386415482 9.1398530006408674 363.08956584334373 23.478041902184486 9.6013253331184369 85.905519634485245 10.779282480478285 100.18106633424759 218.87131340801716 8.840167358517645 20.105406939983368 107.96072186529636 1576.0723760128021 449.52468200773001 7.2284613251686087 684.35700783133507 608.00100289285183 23.792762085795403 64.174330949783325 8.7547093182802183 37.122785985469811 184.36066204309464 23.784664571285255 5.2417992502450934
leaf_count=94 5524 66 3529 940 59 274 3762 45 2114 106 40 363 47 422 1050 46 83 452 6557 2204 30 2946 2497 109 267 48 173 863 97 29
internal_value=0 0.00600911 -0.00658543 0.015823 0.00352377 -0.00483053 -0.00825691 -0.00436717 -0.0215998 0.0119777 0.00922551 0.0226966 -0.00499398 -0.00699781 0.00788315 0.0185032 -0.000235887 -0.0157731 0.00100973 0.0131106 -0.039454 -0.000337657 0.00422126 -0.0124055 0.0194388 0.00248304 0.00915548 0.0144724 0.0181096 0.00572324
internal_weight=0 4027.46 3674.91 813.838 3213.63 3290.33 1866.72 1141.45 384.578 673.345 185.088 95.0454 90.0428 956.36 1488.12 251.504 1725.5 128.066 1597.44 657.363 21.3626 1423.61 739.252 32.6329 131.251 80.4414 71.6867 633.885 60.9075 1236.62
internal_count=34836 18118 16718 4179 13939 14510 8526 4997 2208 3239 813 408 405 4184 6758 1205 7181 535 6646 3173 89 5984 3038 155 541 365 317 3067 270 5553
is_linear=0
shrinkage=0.05


Tree=37
num_leaves=31
num_cat=0
split_feature=68 14 79 13 15 13 82 58 30 109 89 92 63 3 14 13 68 59 57 97 85 17 17 92 18 90 99 56 90 84
split_gain=111.258 47.0507 27.5575 20.4734 21.5507 20.5633 20.4339 19.2348 15.1228 18.2592 14.0368 13.9305 13.4418 13.411 15.0699 16.4009 12.9684 12.0836 11.6011 11.5473 12.5007 11.3972 11.2252 11.2001 17.6162 12.0283 15.2798 19.4137 11.128 14.6448
threshold=6.0635168286817143 -1216.4999999999998 -19.285882923449204 302.50000000000006 -2.4999999999999996 -271.49999999999994 20.077161703983624 2222.2052204446331 -67.0562605096179 1.0000000180025095e-35 2241.6527939444336 2118.7375586120284 -20.924590426680421 30.500000000000004 -495.49999999999994 41.500000000000007 -17.397208410153095 2182.8100892030411 -26.9556193411895 144.53796762550473 -66.459486280887162 -160.55147294125797 185.81200287803748 2089.8745319016043 2364.5450346662333 2192.6535940351932 2184.6331153343222 2271.2092906148332 2225.0476191036164 2200.3289330300377
decision_type=2 2 2 2 2 2 2 2 2 2 2 2 2 2 2 2 2 2 2 2 2 2 2 2 2 2 2 2 2 2
left_child=1 6 11 4 12 -6 21 -4 9 -7 -10 18 17 14 15 -11 -17 -3 -2 28 -21 -1 23 24 -9 -26 27 -27 -8 -30
right_child=2 3 7 -5 5 8 19 22 10 13 -12 -13 -14 -15 -16 16 -18 -19 -20 20 -22 -23 -24 -25 25 26 -28 -29 29 -31
leaf_value=-0.033935895016079319 -0.040362665484605931 0.042161285421588972 0.0083187208353229011 -0.032694974645011844 0.035202636145937993 -0.018233103972948927 -0.016751954878645909 0.029371574992557044 -0.0020237290521428462 -0.021174359493051374 -0.023130206911924026 0.011770297931700221 0.0094082644673433181 -0.021656114607027072 -0.0025180497858132479 0.01944400709691127 0.085311994422708454 -0.001323199773132312 0.0028870754415458132 -0.013934163556485461 0.029582178487640359 -0.014632788844225553 0.035819690849421069 0.028309110526914372 0.04773313532876014 -0.01495872030266115 0.029029532364373542 -0.095241782666335095 -0.024316569658512564 0.0054771902603009178
leaf_weight=165.51329629123211 15.675653025507925 16.268206641077995 378.8310786485672 53.856580063700676 32.200264275074005 383.87964399158955 379.87827457487583 48.563186675310135 1824.8504392951727 9.4429250955581647 82.326677292585373 550.04252714663744 542.86647386848927 41.877806723117828 68.341626793146133 14.088162675499914 15.913832709193231 889.34252025187016 1424.5827625989914 29.651331558823586 37.217913061380386 142.13653763383627 135.21804427355528 121.77586707472801 7.8582493960857382 35.208632834255695 13.229475900530813 9.5786961168050748 56.171242475509644 155.21748431026936
leaf_count=1174 65 67 1748 260 140 1760 1837 224 7535 44 342 2584 2237 192 296 71 70 3785 6270 143 172 781 951 672 44 182 69 49 274 798
internal_value=0 -0.00448145 0.00807976 -0.00207652 -0.001656 -0.00449282 -0.0143803 0.016246 -0.00501652 -0.0124576 -0.00293483 0.00500142 0.00318717 0.00235611 0.0116855 0.0362942 0.0543821 -0.000542053 0.00241635 -0.00940781 0.0102861 -0.0250177 0.0243312 0.0177547 0.00652364 -0.0103199 -0.0181831 -0.0321289 -0.0116351 -0.00243975
internal_weight=0 4941.04 2740.56 3975.26 3921.4 2472.92 965.786 750.263 2440.72 533.544 1907.18 1990.3 1448.48 149.664 107.787 39.4449 30.002 905.611 1440.26 658.136 66.8692 307.65 371.432 236.214 114.438 65.8751 58.0168 44.7873 591.267 211.389
internal_count=34836 21978 12858 16799 16539 10450 5179 3939 10310 2433 7877 8919 6089 673 481 185 141 3852 6335 3224 315 1955 2191 1240 568 344 300 231 2909 1072
is_linear=0
shrinkage=0.05


Tree=38
num_leaves=31
num_cat=0
split_feature=73 14 33 103 21 15 13 1 66 17 30 8 0 35 34 21 16 32 88 12 13 3 3 17 59 24 59 40 49 16
split_gain=100.472 35.5278 32.5819 21.014 17.8116 16.8986 20.6113 16.659 15.0337 14.9666 14.4611 12.589 12.5803 12.0295 14.4847 11.7144 12.9402 11.6775 11.6156 11.3286 11.2388 12.4523 16.0086 13.3474 12.0082 15.9773 11.5987 11.432 11.9869 13.294
threshold=1.9150365051978044 -2155.4999999999995 -25.386574203872666 2.6139014882412543 98.310333798174398 -2.4999999999999996 155.50000000000003 5.0000000000000009 89.171026667193644 -51.968944808267217 -147.15562036213711 22.500000000000004 4.0000000000000009 2234.0459498853784 2176.067556351989 111.67126784587863 9.5000000000000018 2010.8059261634241 64.216359048793052 1181.5000000000002 -12.499999999999998 31.500000000000004 26.500000000000004 40.000560081800138 2186.7103745849322 2200.1981078560984 2185.9631974594386 2351.9667096153162 2298.5801429863582 16.500000000000004
decision_type=2 2 2 2 2 2 2 2 2 2 2 2 2 2 2 2 2 2 2 2 2 2 2 2 2 2 2 2 2 2
left_child=1 10 11 13 5 6 -3 8 -5 12 -1 15 -7 14 -4 16 -2 -13 -6 -10 21 22 23 24 -19 -26 -23 28 29 -24
right_child=2 4 3 7 18 9 -8 -9 19 -11 -12 17 -14 -15 -16 -17 -18 20 -20 -21 -22 26 27 -25 25 -27 -28 -29 -30 -31
leaf_value=-0.029899450408273992 -0.013056783776530759 0.0016180831982687026 0.055607674291481946 0.016462547994768161 0.013691482239508746 -0.009435847786739145 -0.023404374358557994 0.032762323262732339 -0.014619272022968068 -0.0032608358820877697 -0.011957889080251041 -0.069462777414296004 -0.025057221426075624 0.023758866658334012 -0.01928827560820719 0.011357143920867658 0.011073432516826381 -0.061228327459534396 -0.041787168717862734 0.057317696111628375 0.0011685982781863477 0.060764715549725845 0.0055175240148880476 0.016446800546169243 0.040485337679871246 -0.0051332642941224922 0.016059266438644887 0.045515545448299943 -0.00754199524596117 0.06457007282216258
leaf_weight=166.17347311973572 290.68575195968151 1202.3891899138689 6.9756315201520911 570.13458793610334 187.69772182404995 807.78279078006744 88.344113826751709 141.53772955387831 62.53357008099556 1033.7580808550119 346.49327276647091 5.2841761857271186 153.34942644834518 27.793753206729889 86.583092883229256 94.282032921910286 68.688164845108986 7.8536974340677252 9.934067174792288 5.9977277964353553 1060.4895802885294 15.737196773290632 147.9727169573307 407.64290398359299 22.929708451032639 117.80199000239372 185.86737421900034 13.05390155315399 315.83295434713364 10.186660856008528
leaf_count=1219 1236 5118 31 3012 782 3716 431 860 289 4259 1825 23 731 129 392 425 300 33 41 29 4387 72 659 1896 96 488 826 66 1417 48
internal_value=0 -0.00548426 0.00597775 0.0142318 -0.00367555 -0.00455244 -9.45764e-05 0.0172424 0.0138029 -0.00743677 -0.0177734 0.00328576 -0.0119283 -0.00512385 -0.0137041 -0.00432934 -0.00844471 0.00478085 0.0109028 -0.00832349 0.00495103 0.00817321 0.00597494 0.0117706 -0.00105838 0.00229947 0.019549 -0.000644002 -0.00191525 0.00932096
internal_weight=0 3995.92 3665.86 901.556 3483.26 3285.62 1290.73 780.204 638.666 1994.89 512.667 2764.31 961.132 121.352 93.5587 453.656 359.374 2310.65 197.632 68.5313 2305.37 1244.88 1043.27 556.228 148.585 140.732 201.605 487.046 473.992 158.159
internal_count=34836 18122 16714 4742 15078 14255 5549 4190 3330 8706 3044 11972 4447 552 423 1961 1536 10011 823 318 9988 5601 4703 2513 617 584 898 2190 2124 707
is_linear=0
shrinkage=0.05


Tree=39
num_leaves=31
num_cat=0
split_feature=68 14 68 79 11 8 20 68 48 84 103 81 105 7 3 48 104 13 26 36 82 102 22 40 90 3 45 58 6 8
split_gain=93.0797 41.7569 24.8776 20.6471 18.6348 22.0153 15.7718 18.5088 13.875 15.6205 14.5104 13.8408 13.3048 11.9822 11.8852 12.2639 14.5033 11.7661 11.5792 11.4539 13.0461 11.3452 12.0139 11.34 11.2748 11.586 11.2313 13.3994 11.1957 12.2277
threshold=-7.1589234379530344 1200.5000000000002 -28.579208914856505 -20.753797849620465 217.50000000000003 22.500000000000004 85.999687708882021 17.153141651407854 204.01866050120864 2245.3104943471799 15.282068368012689 2245.9049779025186 2215.1437288310854 2291.5000000000005 19.500000000000004 206.99507953204218 2189.534981171993 -164.49999999999997 64.051420645797791 57.744476260687414 65.449475783893618 2247.1671467105512 -5.5892545319502451 2254.4060912596583 2273.2341027042917 25.500000000000004 -210.57967331182564 2191.2284535452541 301.50000000000006 36.500000000000007
decision_type=2 2 2 2 2 2 2 2 2 2 2 2 2 2 2 2 2 2 2 2 2 2 2 2 2 2 2 2 2 2
left_child=2 4 11 -3 5 24 7 19 9 10 17 -1 28 18 -10 16 -16 -4 -13 -7 26 -19 -23 -18 25 -2 27 -21 29 -8
right_child=1 3 8 -5 -6 6 12 -9 14 -11 -12 13 -14 -15 15 -17 23 21 -20 20 -22 22 -24 -25 -26 -27 -28 -29 -30 -31
leaf_value=0.0038406150544748013 0.00091764311820682161 0.0080120061002917874 0.045944874477055773 0.023358241065460018 0.016784508731716261 -0.0017448943847237167 -0.001225461726958648 0.012644038203893929 0.018498759551462404 -0.038626300746041564 -0.050094082155930614 -0.031055522600256194 -0.028769972244678029 0.057820072454718166 0.10176681203424197 -0.004663087682296084 -0.0080165692470426757 -0.049672774547009628 -0.01012685816579487 -0.046366628395643379 0.0023852047550820023 -0.010682534846337886 0.0063051553957327354 0.043821190386410448 0.04888694543109514 -0.014270143540502052 0.0041038101052781771 0.026221231907173265 -0.033244933352961879 0.078420877506389292
leaf_weight=53.268000021576881 190.89186027646065 660.04609803110361 9.9701287001371366 328.14155515283346 194.2357761412859 1173.2841354459524 230.9710600823164 474.59148029983044 63.627654910087585 47.628752529621124 21.052436575293541 222.11702372133732 62.360735505819321 4.4470457658171645 4.9634326696395865 1199.6907362267375 27.759684070944786 16.549132257699966 94.083814054727554 6.6322995275259009 1087.7296443283558 616.47585225105286 125.2164086997509 17.018037378787994 8.5187609493732435 366.9521469026804 147.83090478181839 153.52641041576862 27.554792881011963 4.921660289168357
leaf_count=247 800 3211 41 2061 879 4816 953 2198 287 275 92 1471 263 26 22 5366 129 73 464 27 4568 2987 521 80 36 1540 614 641 128 20
internal_value=0 0.00387518 -0.00785787 0.0131079 0.00166606 0.000919939 0.0024531 0.00357234 -0.00578767 -0.010819 -0.0091409 -0.0197612 -0.00800243 -0.0236821 -0.00258092 -0.00365441 0.0206735 -0.0080186 -0.0248283 0.00189646 0.00495749 -0.00872817 -0.00781458 0.0116847 -0.00820116 -0.00907295 0.014042 0.0232153 -0.00308654 0.000436278
internal_weight=0 5118.19 2523.87 988.188 4130 3935.77 3369.4 3043.59 2149.95 836.893 789.264 373.916 325.808 320.648 1313.06 1249.43 49.7412 768.212 316.201 2569 1395.72 758.241 741.692 44.7777 566.363 557.844 307.99 160.159 263.448 235.893
internal_count=34836 22755 12081 5272 17483 16604 14228 12864 9873 3989 3714 2208 1364 1961 5884 5597 231 3622 1935 10666 5850 3581 3508 209 2376 2340 1282 668 1101 973
is_linear=0
shrinkage=0.05


Tree=40
num_leaves=31
num_cat=0
split_feature=68 14 24 79 15 11 30 0 72 13 52 59 43 79 93 26 14 42 47 103 104 72 34 68 8 67 55 46 66 88
split_gain=84.3112 38.0451 23.1454 19.1702 18.7333 16.4068 14.7652 14.092 17.0867 13.5831 15.7772 17.015 13.3247 13.1127 12.7957 12.2051 11.9767 11.6764 11.4546 11.1967 10.7155 12.3675 11.9569 15.0025 11.8118 12.8321 10.6786 10.5474 10.0232 10.0482
threshold=-7.1589234379530344 1200.5000000000002 2227.4565596728685 -20.753797849620465 2.5000000000000004 316.50000000000006 24.397487782806369 4.0000000000000009 77.864252494773169 120.50000000000001 2261.176768183002 2183.704516685259 2234.5645648281707 -103.05502757654038 2426.6409880015103 64.106976845278098 -1216.4999999999998 -34.095205906651238 2312.1913213567454 5.7705713999623649 2180.5824842106572 113.16501024368894 2156.7562985673417 26.877336218726445 22.500000000000004 64.119159036738651 2182.1825483613839 2082.1173206233088 179.71568908067255 -93.556025379407615
decision_type=2 2 2 2 2 2 2 2 2 2 2 2 2 2 2 2 2 2 2 2 2 2 2 2 2 2 2 2 2 2
left_child=2 4 9 -3 6 20 14 8 -4 10 13 -12 28 15 16 -1 27 -15 -18 -5 -6 24 23 -23 -22 -26 -24 -2 29 -8
right_child=1 3 7 19 5 -7 12 -9 -10 -11 11 -13 -14 17 -16 -17 18 -19 -20 -21 21 22 26 -25 25 -27 -28 -29 -30 -31
leaf_value=-0.026835354865321626 -0.029288782265211002 0.0076347912606919257 -0.016068134419910732 -0.0073452142748388072 -0.043658352452384065 0.028211756403720645 -0.067510015208716398 -0.033274793692922792 0.0222439905868222 -0.016895083552915215 0.067721482930406127 0.0011169776401513995 -0.011301803491178203 0.013702211293525713 0.052021257001504465 -0.0069068927069748558 0.0055225470754956827 -0.0061751926707550048 -0.0041671941340253654 0.025392202194995474 -0.014457730484563303 -0.00929757441194109 0.010228171646966905 -0.10163654929747833 0.10253670807865922 -0.0031363902160653763 -0.028496913909004225 -0.0015843430513593632 -0.014130517518234352 0.01091684501235776
leaf_weight=144.74722078442574 60.727775678038597 658.07600093632936 336.34345450252295 28.653747104108334 16.644541457295418 41.237828314304352 4.0998504012823096 108.24817004799843 31.858840711414814 220.47894562780857 9.720680356025694 706.96788802742958 81.297407642006874 82.455939188599586 12.050722494721411 163.74559323489666 791.96272511780262 710.39548587799072 496.02102266252041 295.15237518399954 296.55492278933525 30.200315356254578 297.73745179176331 5.1487374156713477 2.883380487561225 784.33978916704655 18.934119313955307 79.106695860624313 42.548219487071037 1064.284789711237
leaf_count=718 264 3211 2004 145 68 194 18 708 171 1103 40 3114 357 368 49 716 3231 3139 2030 1916 1232 125 1294 22 12 3289 88 334 179 4697
internal_value=0 0.0036898 -0.00749397 0.0125355 0.00158464 -0.00288782 0.00412271 -0.0174156 -0.0127532 -0.00517503 -0.0037537 0.00202036 0.00823819 -0.00751111 0.000715033 -0.0162575 0.000282011 -0.00410796 0.00179089 0.0224953 -0.0037708 -0.0033084 0.00483397 -0.0227471 -0.00595311 -0.00274934 0.00791276 -0.0136159 0.00966811 0.0106159
internal_weight=0 5107.66 2514.96 981.882 4125.78 1493.68 2632.1 476.45 368.202 2038.51 1818.03 716.689 1192.23 1101.34 1439.87 308.493 1427.82 792.851 1287.98 323.806 1452.44 1435.8 352.021 35.3491 1083.78 787.223 316.672 139.834 1110.93 1068.38
internal_count=34836 22755 12081 5272 17483 6324 11159 2883 2175 9198 8095 3154 5251 4941 5908 1434 5859 3507 5261 2061 6130 6062 1529 147 4533 3301 1382 598 4894 4715
is_linear=0
shrinkage=0.05


Tree=41
num_leaves=31
num_cat=0
split_feature=68 68 18 13 87 13 0 15 41 100 79 31 15 82 64 35 89 103 43 96 90 85 22 81 42 28 18 51 43 40
split_gain=76.7872 34.5513 21.673 19.0176 18.4638 16.5593 15.653 16.0599 14.104 17.9977 15.7218 14.3102 13.9579 14.9796 17.8407 16.1801 14.5459 13.9331 13.7591 13.6785 14.8597 14.7509 12.8583 12.5967 12.5492 12.2806 14.3846 11.8727 11.3575 11.2998
threshold=6.0635168286817143 -28.579208914856505 2473.7104068709368 -7.4999999999999991 2277.7736528195678 414.50000000000006 4.0000000000000009 -2.4999999999999996 2198.6729506400197 -66.112815975122643 -61.174748968464193 2362.8611076746101 12.500000000000002 90.570998701108024 2264.914095608483 2262.9984097092524 2194.1807392788519 -14.828954023030517 2192.6337014553005 2061.4908550409568 2246.0794712555185 -132.64373021017215 -32.603100772722421 2245.9049779025186 -33.328525007155797 2244.8185990027732 2360.2294725833658 95.53293035341882 2191.3499747974038 2331.4449153801284
decision_type=2 2 2 2 2 2 2 2 2 2 2 2 2 2 2 2 2 2 2 2 2 2 2 2 2 2 2 2 2 2
left_child=1 23 12 8 5 6 7 22 9 10 11 18 13 16 -15 24 -2 -12 -3 20 21 -6 -5 -1 -16 26 -24 -8 -19 -17
right_child=2 3 -4 4 19 -7 27 -9 -10 -11 17 -13 -14 14 15 29 -18 28 -20 -21 -22 -23 25 -25 -26 -27 -28 -29 -30 -31
leaf_value=0.0040073079133134256 0.020239998903870543 0.01374244531068345 0.021182543623202404 -0.064619031103627378 0.010770261396837131 -0.043098326766061471 -0.025460100180444603 -0.0027981284069201473 0.0059404945863316856 -0.049610673282550782 0.044114125868338391 0.061731942149913566 -0.019127782665414855 -0.0040221020356880103 -0.012621996265228367 -0.00047032115548389431 0.00056182958806527195 -0.031496205461574937 -0.016763579279162919 -0.011286010554921165 0.035750040707546005 -0.013262584697278913 0.0083491313407330348 -0.022308097270234358 0.016390765691636687 0.043263145562827274 -0.048628476157855517 -0.0018810004167501605 0.009738613660119886 -0.057609215704080043
leaf_weight=53.186455711722374 102.2436066865921 44.350386589765549 237.64517963677645 6.0392388552427283 113.05453003942966 23.243147403001785 103.16945708543062 932.96655002236366 918.09807060658932 21.407019183039665 25.195545300841331 6.8076439201831809 56.794401109218597 188.39627684652805 39.042487919330597 97.52194282412529 1152.1770879775286 19.686268791556358 221.8795074224472 1151.5721113085747 27.655839398503304 146.69485747814178 513.41815386712551 313.66478801518679 821.76547375321388 24.603873133659363 11.321445792913435 110.63883563876152 110.05718566477299 9.4950227588415128
leaf_count=247 442 182 1504 29 491 116 473 4023 3808 89 104 31 250 800 179 436 5164 81 916 5414 122 631 2176 1961 4039 104 48 474 458 44
internal_value=0 -0.00373394 0.00676145 -0.00253921 -0.00466846 -0.00118052 -0.000608131 0.00120918 0.00238791 -0.00487009 -0.0026322 -0.00985126 0.00537252 0.00594974 0.0100551 0.0127954 0.00216573 0.0100894 -0.0116817 -0.00885065 0.00090733 -0.00280242 0.00794091 -0.0184929 0.0150749 0.0087386 0.00711982 -0.0132587 0.00348196 -0.00553994
internal_weight=0 4898.71 2705.08 4531.86 3164.38 1725.4 1702.16 1488.35 1367.48 449.384 427.977 273.038 2467.44 2410.64 1156.22 967.825 1254.42 154.939 266.23 1438.98 287.405 259.749 555.383 366.851 860.808 549.343 524.74 213.808 129.743 107.017
internal_count=34836 21978 12858 19770 14101 7443 7327 6380 5669 1861 1772 1129 11354 11104 5498 4698 5606 643 1098 6658 1244 1122 2357 2208 4218 2328 2224 947 539 480
is_linear=0
shrinkage=0.05


Tree=42
num_leaves=31
num_cat=0
split_feature=68 30 35 15 68 11 66 1 25 89 67 49 68 53 42 36 20 78 13 83 94 82 95 85 105 30 35 55 70 35
split_gain=70.2258 33.1583 20.4658 17.3287 16.049 15.5847 16.8687 13.5981 17.1232 17.0479 13.4906 16.8975 13.3654 15.3782 12.0579 11.9868 11.8551 11.9557 11.2652 10.8214 12.052 13.6996 12.7075 13.1419 12.2123 15.2877 13.9841 13.2463 12.7925 10.7859
threshold=-7.1589234379530344 131.54110217793689 2264.0886903112937 9.5000000000000018 -30.978701455556116 217.50000000000003 131.24434777916767 5.0000000000000009 71.925070749394294 2208.8302618781131 75.259462961660944 2389.9333094377971 17.953770740041595 2157.9281883127469 -17.219366024054803 57.744476260687414 63.136781986440006 2428.5017507104671 -248.49999999999997 2210.8499155263139 312.17987494049913 14.574466575425733 2302.7117598048658 -56.475418228894107 2208.0966429722762 -2.0043104199107797 2210.0965975582162 2143.3225823884554 2199.0396243905329 2259.5933243977361
decision_type=2 2 2 2 2 2 2 2 2 2 2 2 2 2 2 2 2 2 2 2 2 2 2 2 2 2 2 2 2 2
left_child=2 3 -1 5 -4 6 12 8 -3 -10 11 -8 15 29 -13 19 -5 18 -18 -2 21 -21 23 -23 25 27 -26 -22 -28 -14
right_child=1 7 4 16 -6 -7 10 -9 9 -11 -12 14 13 -15 -16 -17 17 -19 -20 20 24 22 -24 -25 26 -27 28 -29 -30 -31
leaf_value=-0.0035015733153486656 -0.030641115502033078 0.013829550128710288 -0.028356675932310539 0.067674589413697417 -0.010023594531433949 0.018572713322657915 -0.043402738717439292 0.029766047793735019 0.010086485981750215 -0.060010300867057359 -0.0033340778131870316 0.069209734076822016 0.006615495813876944 0.021206987772723399 -0.014380552298469627 0.0045327064537836548 0.033313001360412049 0.069388546277731195 -0.015153757328595339 0.038574047473351879 0.0069186289901667329 -0.01667896142075511 -0.0076889223911967182 0.01246604006454221 -0.064524276792408519 0.0012497386363944966 -0.063658889931800633 0.051386052471849776 0.0044442596602779286 -0.025049829328857156
leaf_weight=1609.553085282445 31.344879418611526 385.39137979596853 142.07988472282887 4.8093078881502143 747.05528017133474 150.39226837456226 50.776562765240669 121.85034307092428 18.50065889954567 16.330167785286903 260.08190451562405 6.0960509181022671 282.27620616555214 205.78118889033794 14.759540423750876 1892.9089811295271 12.580487482249735 4.4907459318637839 255.07270434498787 18.751114636659622 26.820219203829765 49.869449317455292 749.14259813725948 172.36139763891697 8.1751724332571012 65.581080675125122 7.1379538476467124 44.593117401003838 202.92412947118282 29.72403784096241
leaf_count=7184 128 2253 1049 21 3848 682 222 817 80 69 1095 26 1327 1025 62 8093 60 20 1079 77 109 206 3099 713 34 270 29 181 838 140
internal_value=0 0.00337064 -0.00686483 0.00197696 -0.0129531 0.00276316 0.00218593 0.0150596 0.0107953 -0.0227779 -0.00862586 -0.0278393 0.00313287 0.0105968 0.0100527 0.00195087 -0.010143 -0.0115182 -0.0128757 -0.00159904 -0.000922403 -0.003757 -0.00457415 0.00592579 0.00697837 0.0186795 -0.000366774 0.0346857 0.0021301 0.00359876
internal_weight=0 5088.52 2498.69 4546.45 889.135 4269.5 4119.11 542.073 420.222 34.8308 331.714 71.6322 3787.39 517.781 20.8556 3269.61 276.953 272.144 267.653 1376.7 1345.36 990.125 971.373 222.231 355.232 136.994 218.237 71.4133 210.062 312
internal_count=34836 22755 12081 19536 4897 18356 17674 3219 2402 149 1405 310 16269 2492 88 13777 1180 1159 1139 5684 5556 4095 4018 919 1461 560 901 290 867 1467
is_linear=0
shrinkage=0.05


Tree=43
num_leaves=31
num_cat=0
split_feature=63 68 12 33 5 23 58 72 12 68 15 6 102 49 103 30 92 63 12 70 46 72 8 74 91 72 8 23 71 92
split_gain=64.286 30.5968 25.5291 17.6438 15.1755 14.9179 14.0051 13.043 12.9828 11.8452 13.4491 13.038 16.3835 13.7092 12.6141 11.7346 11.7233 12.4285 13.3363 18.3574 14.0608 12.741 11.9993 11.0161 10.9235 14.2703 11.4341 10.9095 10.7899 11.1393
threshold=-48.996800302121521 26.877336218726445 2922.5000000000005 -49.909869146342992 184.00000000000003 2221.4169019483338 2183.7801501186982 234.88004198020721 2245.5000000000005 -28.579208914856505 -11.499999999999998 144.50000000000003 2242.5872630448789 2306.9862749066938 9.7569679392447615 -147.15562036213711 2132.8463618450105 162.47304708426148 636.50000000000011 2210.7410794588332 2145.8411408287329 97.482351691920385 28.500000000000004 2217.4348089848568 -175.76886620716547 192.75618471948849 37.500000000000007 2223.6527787533869 63.688703623178064 2124.1824687041781
decision_type=2 2 2 2 2 2 2 2 2 2 2 2 2 2 2 2 2 2 2 2 2 2 2 2 2 2 2 2 2 2
left_child=2 3 4 16 24 7 -3 -5 23 -6 -11 12 13 -12 -15 -4 17 18 19 -2 22 -21 28 -8 25 26 -1 -19 -20 -30
right_child=1 6 15 5 9 -7 8 -9 -10 10 11 -13 -14 14 -16 -17 -18 27 20 21 -22 -23 -24 -25 -26 -27 -28 -29 29 -31
leaf_value=-0.0096988236523892404 0.012164287813396277 -0.064982423740847048 -0.028749226430851683 0.0015816918043205484 -0.014571731020606941 0.011558187741636994 -0.0066085572490217279 0.02502777089777751 -0.057329875006750054 0.026700495811868438 -0.0090859710555165809 -0.013825095617985131 -6.6520577856873429e-05 0.042059808335753582 -0.041936579220446073 -0.011610183456533299 0.0068980855630603457 -0.012902405667896631 0.018617776915897399 -0.020556458748304134 -0.066531516514699282 0.013467120311630219 0.0027819220494501974 0.020908509410391206 -0.039604643511283615 0.034644642525951556 0.068057823172833529 -0.066209312134698953 -0.0068459119129378508 -0.033155902112615293
leaf_weight=785.36247530579567 335.45667599141598 5.2486650347709647 143.70732363313437 1379.7670852988958 137.89708502590656 683.46625852584839 40.283813789486885 61.981259629130363 5.762981839478015 48.47632023692131 24.133272334933281 152.03659795224667 913.15437829494476 56.420067891478539 4.8542231470346442 327.38927841931581 409.44196313619614 125.98406295478344 39.276675209403038 89.016509860754013 8.876903370022772 39.826777160167694 497.21398065984249 374.51560165733099 28.673616588115692 18.97756165266037 4.7565339505672446 10.389428004622458 775.58888797461987 42.431441336870193
leaf_count=3563 1399 22 1153 5928 711 3387 178 288 34 208 102 696 3987 235 20 1786 1768 535 166 367 37 168 2063 2344 135 80 20 52 3225 179
internal_value=0 0.0033773 -0.00628594 0.00216478 -0.00400004 0.00547392 0.0161877 0.00258965 0.0172007 -0.000693768 0.000902238 -0.000184678 0.00189215 0.0228337 0.0354055 -0.0168384 -0.000798202 -0.00240262 -0.00131616 0.00600276 -0.0038086 -0.0100394 -0.00339754 0.0182362 -0.00927642 -0.00820162 -0.00923073 -0.0169635 -0.0069815 -0.00821063
internal_weight=0 4924.53 2645.84 4498.72 2174.74 2125.21 425.811 1441.75 420.562 1336.97 1199.07 1150.6 998.562 85.4076 61.2743 471.097 2373.5 1964.06 1827.69 464.3 1363.39 128.843 1354.51 414.799 837.77 809.097 790.119 136.373 857.297 818.02
internal_count=34836 22140 12696 19562 9757 9603 2578 6216 2556 5959 5248 5040 4344 357 255 2939 9959 8191 7604 1934 5670 535 5633 2522 3798 3663 3583 587 3570 3404
is_linear=0
shrinkage=0.05


Tree=44
num_leaves=31
num_cat=0
split_feature=63 33 26 68 103 37 82 68 38 83 1 35 41 21 94 27 72 35 96 3 103 59 45 27 28 16 87 90 37 31
split_gain=58.2031 28.0472 24.2923 20.8673 18.5865 15.6995 13.4716 13.2168 13.1802 13.0669 12.9669 12.7447 15.4266 12.415 12.7912 12.9581 12.3094 12.1122 11.6445 11.5779 15.2594 14.1263 11.9387 14.3089 11.5578 13.3881 11.2899 10.7474 13.2816 13.1016
threshold=-48.996800302121521 -25.386574203872666 64.051420645797791 -31.820914696556653 2.6139014882412543 2213.3656615677651 90.570998701108024 -6.3412025956054086 2175.1718086571082 2200.0009830814856 5.0000000000000009 2253.4261486749015 2283.7321595168419 64.684664325698165 244.48801256505047 -24.143175687751633 64.838267038995895 2229.0081254754596 2018.3464987748252 23.500000000000004 20.946159951229223 2221.2722981648635 -203.9011019362724 -3.9352822290825311 2233.2672918880148 -15.499999999999998 2317.9842460497043 2244.0775148587322 2224.0067960293195 2203.3693959773404
decision_type=2 2 2 2 2 2 2 2 2 2 2 2 2 2 2 2 2 2 2 2 2 2 2 2 2 2 2 2 2 2
left_child=2 6 3 11 7 -6 -2 -3 -8 -5 -7 12 13 14 -1 -16 -4 18 -11 21 -21 22 23 -19 -10 -26 -9 -18 29 -29
right_child=1 4 16 9 5 10 8 26 24 17 -12 -13 -14 -15 15 -17 27 19 -20 20 -22 -23 -24 -25 25 -27 -28 28 -30 -31
leaf_value=-0.068006636581283336 -0.00050050591609095553 0.045702893676351719 0.069761302784380183 -0.034216816618118186 -0.04188227611853873 0.012152542744975972 0.0012959012825830239 -0.0020561028540142111 0.0039591606144224259 0.061499044120680524 0.02929847042970022 -0.034047096888740157 0.068880128084165937 -0.057155720506389611 0.06364329119074541 -0.03514721277174862 -0.0020471838931714966 0.013944077037508938 0.00451042804986709 -0.0099110292133505282 -0.060420302247170855 -0.010423299187133899 0.04589844975258961 -0.035584677026753712 -0.047628443786109781 0.020949687547407805 -0.038046172090505037 0.019921891816338969 0.0038220741669134448 0.096954701425869039
leaf_weight=4.2204807698726716 2800.9047005325556 12.216093614697455 6.2488935664296141 45.875472873449326 12.242803782224653 621.44569955021143 677.35168839991093 124.14491181075573 239.01765155792236 10.358378380537031 134.05655185878277 129.99608900398016 6.5406384691596022 11.357021346688269 9.9214624315500277 4.9881874620914415 989.17622385174036 89.616903610527515 66.569560438394547 996.08310333639383 15.181097060441969 131.12189429998398 22.572910711169243 17.416430592536926 7.3164377808570853 260.91201841086149 26.429317936301231 14.923719748854639 56.627186335623264 8.7594442144036275
leaf_count=23 11824 51 29 229 53 3346 3045 563 995 44 864 1001 35 58 53 23 4305 411 283 4930 67 680 99 72 34 1246 119 66 250 38
internal_value=0 0.00321485 -0.00599201 -0.00997437 0.0110308 0.0142847 0.00138998 -0.00431523 0.00585992 -0.00797441 0.0151949 -0.0266758 -0.000796855 -0.0157452 0.00883909 0.0305918 -0.000210166 -0.00708193 0.012184 -0.0082471 -0.0106693 0.00114758 0.0128538 0.00588477 0.0119545 0.0190791 -0.00837321 -0.000619002 0.0169718 0.0484132
internal_weight=0 4916.04 2637.56 1561.82 930.535 767.745 3985.5 162.79 1184.6 1394.8 755.502 167.024 37.0278 30.4872 19.1301 14.9096 1075.74 1348.92 76.9279 1271.99 1011.26 260.728 129.606 107.033 507.246 268.228 150.574 1069.49 80.3104 23.6832
internal_count=34836 22140 12696 8008 4996 4263 17144 733 5320 6815 4210 1193 192 157 99 76 4688 6586 327 6259 4997 1262 582 483 2275 1280 682 4659 354 104
is_linear=0
shrinkage=0.05


Tree=45
num_leaves=31
num_cat=0
split_feature=68 14 26 1 68 15 13 100 11 25 42 17 56 95 53 41 25 87 95 85 71 1 71 59 17 99 39 16 79 30
split_gain=53.552 28.4494 19.4354 17.3513 17.0503 16.1294 14.8954 13.6545 13.6085 13.1225 12.6343 13.9856 12.2526 12.181 15.1702 12.0232 13.2615 11.9882 11.9427 13.8224 13.6968 11.6708 11.4872 11.4864 10.94 10.921 10.9405 10.7526 10.726 10.6246
threshold=-9.093846515442463 1200.5000000000002 64.051420645797791 5.0000000000000009 -37.480557586463867 2.5000000000000004 249.50000000000003 -114.8289507421557 316.50000000000006 62.90791776399309 -10.644490227478853 133.85724409889602 2270.7033224809652 2325.9035506570185 2154.8759702708953 2318.3250086954599 65.514477463587383 2385.0411183435535 2397.8340312510877 139.96256196821039 91.873713793560185 5.0000000000000009 64.158234844727886 2210.3708711422532 -32.919505239829043 2196.5751721574979 79.434070446365482 9.5000000000000018 23.485749986271234 24.397487782806369
decision_type=2 2 2 2 2 2 2 2 2 2 2 2 2 2 2 2 2 2 2 2 2 2 2 2 2 2 2 2 2 2
left_child=2 5 4 7 12 6 29 18 -7 28 -11 13 -1 23 -15 16 22 25 19 -3 -20 -6 -13 -12 -23 26 -4 -8 -9 -2
right_child=1 3 17 -5 21 8 27 9 -10 10 11 15 -14 14 -16 -17 -18 -19 20 -21 -22 24 -24 -25 -26 -27 -28 -29 -30 -31
leaf_value=-0.004993703952660189 0.0010113735244075836 -0.010097324219806247 -0.0009977364152172648 0.023529728099338659 -0.0066593302446743986 -0.0038352475215038041 -0.038166742833820537 0.01324536957433836 0.024975668226315074 0.032871739776131587 -0.032579745204158628 -0.031164350123722713 -0.043218794398050361 0.01149533219824324 -0.069385627128856389 -0.079186262266173799 -0.078184421532478648 0.023929436527517542 -0.12264561514659472 0.028092482804658321 -0.011578815739721169 -0.024017382313805014 0.032333312482613029 0.014815717268484 0.011153860820002567 0.021524844338075815 -0.017324573259540867 0.028876010238711919 0.052933826275598367 0.0072554441018568856
leaf_weight=31.034393295645714 1599.8818243294954 115.21813812851906 635.0623072385788 200.33475052565336 1003.70788449049 1545.0610763058066 34.32139353454113 429.8791666328907 42.102786004543304 22.761229678988457 23.140394404530525 8.4438214078545553 64.604761391878128 8.0262793004512805 20.877408415079117 3.4981835931539527 3.4889767393469802 46.423357985913754 4.5445840358734113 29.827171944081783 7.1319792419672012 180.97419364750385 45.520105041563511 28.562223970890045 25.186834529042244 45.732402451336384 122.37921895086765 7.2427182346582404 17.725406110286713 1186.5015038177371
leaf_count=187 6587 541 2803 1214 5093 6554 162 2342 202 113 112 53 524 39 98 23 21 217 21 151 35 1044 282 132 107 211 525 33 146 5264
internal_value=0 0.00266569 -0.00666105 0.0104239 -0.0104915 0.000962995 0.00322703 0.00700813 -0.00307098 0.0103807 -0.00170392 -0.0072634 -0.030815 -0.0209297 -0.0469258 0.0108099 0.0162896 -0.000775102 -0.00616014 -0.00224396 -0.0548066 -0.00888494 0.0223977 -0.00639694 -0.0197205 -0.00220302 -0.00363565 -0.0264843 0.0148171 0.00367023
internal_weight=0 5384.09 2155.11 968.98 1305.51 4415.11 2827.95 768.645 1587.16 611.923 164.319 141.557 95.6392 80.6063 28.9037 60.9511 57.4529 849.597 156.722 145.045 11.6766 1209.87 53.9639 51.7026 206.161 803.174 757.442 41.5641 447.605 2786.38
internal_count=34836 24125 10711 5323 6955 18802 12046 4109 6756 3361 873 760 711 381 137 379 356 3756 748 692 56 6244 335 244 1151 3539 3328 195 2488 11851
is_linear=0
shrinkage=0.05


Tree=46
num_leaves=31
num_cat=0
split_feature=33 57 30 26 8 83 68 54 23 39 24 5 51 24 55 66 94 81 103 45 99 105 82 15 15 43 73 86 84 20
split_gain=49.1056 24.074 22.4526 18.2181 19.592 14.9486 13.8183 12.3692 12.2225 12.1455 11.6746 11.4146 13.3625 13.0573 16.7745 12.8899 14.8316 11.4087 12.9539 14.4404 11.8415 11.8482 12.3976 11.3559 11.0529 13.5437 12.6474 11.6496 13.4655 10.5271
threshold=-57.470469394102558 -30.321114381342792 136.95738638006767 86.117655626748416 28.500000000000004 2200.0009830814856 -18.555720310275998 -82.638358156062381 2211.1108131450651 -31.780246163819125 2217.6149855432773 197.00000000000003 160.43705499557612 2213.3886875797289 2160.4344811183087 75.575673432000684 350.99556657147861 2293.4421197292386 15.282068368012689 -227.02252569398112 2146.4960207637423 2227.0818380029664 89.579357876276177 -11.499999999999998 10.500000000000002 2213.2415354055706 86.12989891791382 2279.8504167313054 2205.7106719611766 85.999687708882021
decision_type=2 2 2 2 2 2 2 2 2 2 2 2 2 2 2 2 2 2 2 2 2 2 2 2 2 2 2 2 2 2
left_child=1 9 5 4 7 -2 -7 10 -4 -1 11 13 -13 14 -3 -15 -17 20 19 -19 -6 -22 -23 -11 26 27 -8 28 -26 -12
right_child=2 3 8 -5 17 6 24 -9 -10 23 29 12 -14 15 -16 16 -18 18 -20 -21 21 22 -24 -25 25 -27 -28 -29 -30 -31
leaf_value=-0.022270822813063942 -0.016645865930293543 -0.0046352981561906649 -0.0037924236808154475 0.0098849828344343589 0.012378133600219086 -0.015344300762082597 0.004179104089329466 -0.037117139195259552 0.018372541023764895 0.073700108250458793 -0.0095838414020461907 0.022633972145430777 -0.018634311343244985 0.016607262535388152 -0.024163601822473013 -0.012940351728806069 0.033844224685862963 -0.029614664189821477 -0.04958211189802017 0.0041310599996879005 -0.0028576420997203883 0.0091587029251903873 0.078280104145253299 -0.0067941092748334863 -0.0040798873167641287 -0.03480215540439565 0.039766257080268957 0.029606727075819451 -0.092190907275182019 -0.03337893893937259
leaf_weight=250.3214563652873 96.921207547187805 656.01932452619076 74.703274771571159 270.22481241822243 260.13049218058586 96.37313986569643 2880.2082122042775 33.102431789040565 371.49383793026209 4.5134634450078002 689.77774904668331 79.919642239809036 25.995644152164459 124.63592417538166 132.11165982484818 111.52498003840446 19.974411338567734 45.185290433466434 19.15282878279686 106.23628076910973 665.17000977694988 164.81308008730412 6.752944588661193 149.96373794972897 44.737375527620316 40.050543703138828 25.184677340090275 24.367531567811966 4.8015272319316855 49.839231878519058
leaf_count=1558 434 2772 344 1146 1093 445 12676 145 2456 25 3372 343 113 529 558 499 86 245 85 528 2890 795 28 770 189 179 131 107 20 275
internal_value=0 -0.00392991 0.00415172 -0.00258034 -0.00363617 0.00269202 0.00329356 -0.00681726 0.0146616 -0.0154672 -0.00628651 -0.00313511 0.0125052 -0.00472143 -0.00790876 0.00508601 -0.0058339 0.00119003 -0.0108394 -0.00593891 0.00306073 0.000164063 0.0118794 -0.00444226 0.00388846 -0.0113866 0.00448758 0.00130249 -0.01262 -0.0111873
internal_weight=0 3865.37 3658.84 3460.57 3190.34 3212.64 3115.72 1922.9 446.197 404.799 1889.8 1150.18 105.915 1044.27 788.131 256.135 131.499 1267.44 170.574 151.422 1096.87 836.736 171.566 154.477 3019.35 113.957 2905.39 73.9064 49.5389 739.617
internal_count=34836 17855 16981 15502 14356 14181 13747 8692 2800 2353 8547 4900 456 4444 3330 1114 585 5664 858 773 4806 3713 823 795 13302 495 12807 316 209 3647
is_linear=0
shrinkage=0.05


Tree=47
num_leaves=31
num_cat=0
split_feature=68 68 80 15 13 24 30 30 45 17 71 3 18 66 84 72 101 71 81 78 79 16 90 58 101 45 8 101 80 52
split_gain=45.0139 22.4137 16.3645 15.6906 13.9752 14.4627 13.4264 13.1427 11.6704 14.1629 11.2407 15.0534 13.8357 14.6299 12.6906 12.5857 11.3734 11.1688 11.4996 11.163 10.6164 11.4904 10.5303 18.8525 15.4885 13.3802 10.9756 10.7975 10.4079 10.2709
threshold=6.0635168286817143 -28.579208914856505 2248.0190967281383 -10.499999999999998 414.50000000000006 2218.1106140116249 -130.46698856913733 83.276387050553026 -273.4020629482913 -125.97894044378131 71.644047572530013 31.500000000000004 2328.8524144831399 65.354412449890432 2226.0943539394307 115.87409713396298 2069.3102549014116 63.402639702358577 2317.4362563792088 2228.2008564831076 29.380678575212418 11.500000000000002 2223.8334623082856 2206.0778050987451 2153.2308620170538 -134.59663392632407 31.500000000000004 2150.7885340806956 2173.6774072454809 2303.1105918601556
decision_type=2 2 2 2 2 2 2 2 2 2 2 2 2 2 2 2 2 2 2 2 2 2 2 2 2 2 2 2 2 2
left_child=1 19 17 6 5 10 -3 22 -8 -10 12 16 13 -5 -13 -15 -12 -2 20 -1 21 -19 25 26 -25 -7 27 28 -24 -27
right_child=2 3 -4 4 -6 7 8 -9 9 -11 11 14 -14 15 -16 -17 -18 18 -20 -21 -22 -23 23 24 -26 29 -28 -29 -30 -31
leaf_value=0.02000801403513007 0.016410429801562123 -0.029025131372449615 0.021798794115033583 -0.04563530943204238 -0.036592263708110466 -0.011436751541826481 0.037012569224176596 0.061052588806295653 0.064464904151709454 0.0039287318019605661 0.055029068760823169 -0.017738227435260774 0.016118794690500482 0.00049685951415710621 0.053580646646525287 0.025558416700096322 -0.0013893110509905001 0.0016160579380039746 -0.078083361418764249 -0.017365665962806261 0.029341254220944038 0.011546134646614737 0.0080283343752317032 -0.025451444169382043 -0.0013195043717052738 0.043937844067346327 0.063110589523013849 0.026346915093853798 -0.044110888375363644 -0.0086120181639618033
leaf_weight=21.278928533196449 176.92393516749144 18.663722187280655 141.02622533589602 16.40135133266449 29.980427153408527 845.76226257532835 47.080038845539093 7.1702224016189566 10.418293401598929 133.07449667155743 8.9843274056911451 198.00276717543602 186.79679875075817 819.42552523314953 6.440451741218566 53.358010098338127 1557.3713367581367 1958.243620544672 4.32384368777275 327.25161136686802 39.179711304605007 342.23287411034107 36.59073406457901 83.787219569087029 322.10142049193382 19.718311116099358 11.376520395278929 56.649036884307861 12.961944475769995 17.59566842764616
leaf_count=94 985 96 943 67 155 4014 198 33 51 566 38 842 781 3381 27 226 6599 9050 19 2114 220 1641 185 408 1527 88 54 288 67 79
internal_value=0 -0.00286851 0.0052239 -0.00192235 -0.00257438 -0.002335 0.0114476 -0.00646891 0.0154113 0.00832396 -0.000282096 -0.0027312 0.00374852 0.00114982 -0.0154915 0.00202901 -0.00106571 0.00429666 0.00338231 -0.0150839 0.00353286 0.00309332 -0.00681312 -0.00119399 -0.00630104 -0.010144 0.0164359 0.011436 -0.0056102 0.0191576
internal_weight=0 4848.24 2661.93 4499.71 4290.47 4260.49 209.237 1413.71 190.573 143.493 2846.78 1770.8 1075.98 889.185 204.443 872.784 1566.36 2520.9 2343.98 348.531 2339.66 2300.48 1406.54 523.467 405.889 883.076 117.578 106.202 49.5527 37.314
internal_count=34836 21978 12858 19770 18859 18704 911 6743 815 617 11961 7506 4455 3674 869 3607 6637 11915 10930 2208 10911 10691 6710 2529 1935 4181 594 540 252 167
is_linear=0
shrinkage=0.05


Tree=48
num_leaves=31
num_cat=0
split_feature=33 57 76 26 15 92 52 79 81 92 81 38 76 20 55 44 103 83 56 103 26 88 42 56 73 78 3 58 41 13
split_gain=41.4741 21.3415 20.6298 15.8853 16.7562 15.2834 15.24 15.4007 13.919 13.5402 16.2008 13.9985 13.1108 13.0496 12.524 12.8266 15.8139 12.4208 12.3859 13.045 12.0208 11.7616 15.6331 15.578 11.8148 11.716 11.5827 12.4227 11.2368 12.3844
threshold=-57.470469394102558 -30.321114381342792 131.02504584782608 86.117655626748416 -1.0000000180025095e-35 2100.5199379850005 2259.0089765996458 -65.720133741908271 2293.4421197292386 2105.2208542463591 2234.6197886436225 2191.8046622392981 -144.8750333337259 89.474991300079324 2118.4872766988574 2225.4624137535307 -34.985546998670991 2247.4661077321257 2310.0531357301716 12.063720975123262 61.707938866918042 -7.9715293112653844 10.466699201680742 2303.8205520587721 -4.4953518827385315 2344.7778736933419 27.500000000000004 2209.7709754122907 2103.517179576771 -3.4999999999999996
decision_type=2 2 2 2 2 2 2 2 2 2 2 2 2 2 2 2 2 2 2 2 2 2 2 2 2 2 2 2 2 2
left_child=1 12 6 4 8 -6 7 -2 13 28 11 -11 -1 14 26 -16 -17 -4 19 -10 -19 23 -23 -14 -24 -15 27 -3 29 -9
right_child=2 3 17 -5 5 -7 -8 9 18 10 -12 -13 21 25 15 16 -18 20 -20 -21 -22 22 24 -25 -26 -27 -28 -29 -30 -31
leaf_value=-0.024841451657750022 -0.01263193762836992 0.044094721716030766 -0.0036155306701428636 0.009298413327385683 -0.010440186918531285 3.8426838653063459e-05 0.0055000961862370339 -0.0063368588395853603 -0.01336637173059374 -0.010053208872543799 -0.03621161480717186 0.055624760294343156 0.0017034746347955152 -0.0035852902885391219 0.00093024854446700073 0.12376947767822533 0.014209303963714712 -0.077690358186134623 0.0099531513725524736 -0.055883485097383445 0.015623163927133513 -0.028616552549974333 0.027057418036122952 0.091882945853102971 -0.032691197563468326 -0.033812120910255504 -0.039038325748540902 -0.020704150180844053 0.0037564686975392059 -0.058886814115940558
leaf_weight=174.50720752030611 260.65611116588116 46.224548988044262 107.19129707664251 269.74369874596596 1059.3510743007064 518.19790883362293 1560.1244633197784 54.412594303488731 125.62780490517616 37.594852432608604 51.804694205522537 10.345634549856184 94.249018654227257 264.19088687002659 896.42652694135904 3.3682398200035086 148.66609016060829 3.4737114086747161 47.291992150247097 21.065967530012131 535.17414567619562 86.61013226211071 27.842472583055496 5.0452602282166472 11.772254794836043 36.48504401743412 6.0725219696760169 8.8053393661975843 1010.4884963333607 14.12139083445072
leaf_count=1246 1110 200 500 1146 4873 2300 7002 237 655 165 236 46 471 1157 3889 18 673 21 237 93 3303 426 135 26 49 196 27 38 4303 58
internal_value=0 -0.00361856 0.0038221 -0.00235148 -0.00333913 -0.00699814 0.00207676 -0.00163364 0.000259038 0.00079837 -0.0168269 0.0041202 -0.0145512 0.00198639 0.00449016 0.00320777 0.0166366 0.0119282 -0.0122984 -0.019472 0.0150214 -0.00658863 -0.0167161 0.0062856 0.009302 -0.00725312 0.0264947 0.0337262 0.00242766 -0.0171647
internal_weight=0 3851.54 3645.39 3451.52 3181.77 1577.55 2999.55 1439.42 1604.22 1178.77 99.7452 47.9405 400.026 1410.24 1109.56 1048.46 152.034 645.839 193.986 146.694 538.648 225.519 126.225 99.2943 39.6147 300.676 61.1024 55.0299 1079.02 68.534
internal_count=34836 17855 16981 15502 14356 7173 13157 6155 7183 5045 447 211 2353 6198 4845 4580 691 3824 985 748 3324 1107 610 497 184 1353 265 238 4598 295
is_linear=0
shrinkage=0.05


Tree=49
num_leaves=31
num_cat=0
split_feature=33 36 0 82 101 66 3 82 8 72 91 83 58 50 71 39 72 49 93 28 70 78 12 72 91 91 3 67 37 19
split_gain=37.5167 19.7665 23.6872 19.3204 15.5483 13.137 17.1704 13.3444 13.3152 12.4625 11.497 14.4314 12.7491 12.5457 13.1919 12.8171 11.8394 15.2072 12.3708 11.5019 11.0382 13.4648 10.9489 10.8504 14.3569 15.7607 13.901 13.5538 10.8107 15.869
threshold=-57.470469394102558 38.305214270071481 4.0000000000000009 103.12935994887745 2168.0820512496562 84.210569268689596 28.500000000000004 101.92052139088129 35.500000000000007 64.270657382331066 -285.68295806550185 2258.4520306950394 2209.4841422817285 1993.2264438722798 78.65703482975303 79.434070446365482 69.156704380752842 2305.3675282246454 2288.0475720666213 2201.707750873607 2199.31210281413 2213.208853493466 921.50000000000011 74.977305183683868 -259.84727591052564 -273.14485796649643 21.500000000000004 78.265800323923614 2217.4641758908124 2072.2883249673082
decision_type=2 2 2 2 2 2 2 2 2 2 2 2 2 2 2 2 2 2 2 2 2 2 2 2 2 2 2 2 2 2
left_child=1 2 9 5 -5 6 7 -2 23 -1 11 13 -13 -8 15 20 17 18 -12 -19 -15 -22 -17 24 25 26 -7 -25 29 -3
right_child=3 28 -4 4 -6 8 10 -9 -10 -11 16 12 -14 14 -16 22 -18 19 -20 -21 21 -23 -24 27 -26 -27 -28 -29 -30 -31
leaf_value=-0.016594921982252878 0.0081084381126343887 -0.057780629476526825 -0.023104991849776855 0.0041485960402934457 0.019489522031863479 0.015676379460645366 0.02237825173139393 -0.040655265180775613 0.040341449559487347 -0.0028878727218841272 -0.047663529755357516 0.021904113553426641 -0.047900031156460812 0.034053388434510445 -0.078032167072770345 -0.048926865870642607 0.0085552006847354513 0.071963885781723802 -0.009150885359241365 0.0034426135220194929 -0.056684160083836067 0.00091871475423235924 0.027456967121861148 0.051658018002118326 -0.040015510734282396 0.050120966470928376 -0.018287603095327357 -0.0019715904746990362 -0.0015941771844073277 0.017121944597635934
leaf_weight=202.17046134918928 1270.7887746840715 7.4869814217090598 225.57807379215956 351.53665494173765 311.53691803663969 37.71162810921669 34.533910751342773 14.186227530241011 16.447121262550354 922.4701860845089 23.476223200559616 7.883606255054473 38.413995034992695 20.106175124645233 7.0212600678205481 26.409247204661369 347.99604891240597 6.3089181035757056 186.47434935718775 209.32806979119778 11.809440180659292 71.981340974569321 5.7049147933721533 12.118386954069136 42.658448532223701 11.001084402203558 149.78384002298117 423.49706342071295 2359.9908483922482 127.34347193688154
leaf_count=1240 5802 31 1334 1691 1955 159 148 75 69 4497 102 34 184 88 30 111 1580 27 808 973 49 303 24 51 204 48 640 1826 10212 541
internal_value=0 -0.00344481 -0.00831788 0.00363819 0.0113563 0.00191833 0.00374923 0.00757008 -0.00410992 -0.00535191 -0.00117303 -0.0111519 -0.0360137 -0.00466954 -0.0112 -0.00774993 0.0017147 -0.00387867 -0.0134573 0.00544735 0.000783522 -0.00719981 -0.0353577 -0.0051902 -0.0136992 -0.00804357 -0.0114563 -0.000479668 -0.000807464 0.0129627
internal_weight=0 3845.04 1350.22 3638.71 663.074 2975.64 2282.42 1284.98 693.218 1124.64 997.447 223.864 46.2976 177.566 143.032 136.011 773.584 425.588 209.951 215.637 103.897 83.7908 32.1142 676.77 241.155 198.497 187.495 435.615 2494.82 134.83
internal_count=34836 17855 7071 16981 3646 13335 10338 5877 2997 5737 4461 971 218 753 605 575 3490 1910 910 1000 440 352 135 2928 1051 847 799 1877 10784 572
is_linear=0
shrinkage=0.05


end of trees

feature_importances:
surface_point_steph_rating_diff=101
rank_diff=86
point_steph_rating_diff=82
age_diff=66
rank_points_diff=61
set_steph_rating_diff=40
b_player_age=30
surface_steph_rating_diff=30
surface_set_steph_rating_diff=27
steph_rating_diff=26
a_point_steph_rd=26
b_point_steph_rd=26
a_surface_steph_rd=25
b_surface_point_steph_rd=25
surface_service_steph_rating_diff=25
b_steph_rd=24
surface_return_steph_rating_diff=24
b_player_rank_points=23
a_surface_point_steph_rd=22
surface_game_steph_rating_diff=22
a_player_age=20
a_return_steph_rating=20
a_steph_rd=19
b_player_rank=18
service_steph_rating_diff=18
b_return_steph_rating=17
b_surface_service_steph_rating=17
b_first_won_steph_rating=16
tourney_level=15
a_player_rank=15
a_set_steph_rating=15
a_second_won_steph_rating=15
b_surface_steph_rd=15
a_point_steph_rating=14
b_surface_bp_steph_rating=14
b_point_steph_rating=13
a_bp_steph_rating=13
return_steph_rating_diff=12
bp_steph_rating_diff=12
a_return_ace_steph_rating=12
a_surface_service_steph_rating=12
a_surface_return_steph_rating=11
best_of=10
a_steph_rating=10
b_return_second_won_steph_rating=10
a_surface_steph_rating=10
a_surface_bp_steph_rating=10
a_surface_return_first_won_steph_rating=10
surface_second_won_steph_rating_diff=10
a_game_steph_rating=9
ace_steph_rating_diff=9
second_won_steph_rating_diff=9
b_tiebreak_steph_rating=8
a_ace_steph_rating=8
return_first_won_steph_rating_diff=8
b_surface_steph_rating=8
a_surface_set_steph_rating=8
b_surface_set_steph_rating=8
b_surface_return_steph_rating=8
surface_tiebreak_steph_rating_diff=8
a_surface_tiebreak_steph_rating=8
surface_ace_steph_rating_diff=8
a_surface_second_won_steph_rating=8
ht_diff=7
a_first_won_steph_rating=7
a_return_first_won_steph_rating=7
b_surface_point_steph_rating=7
a_surface_ace_steph_rating=7
b_surface_return_ace_steph_rating=7
surface_return_ace_steph_rating_diff=7
b_surface_first_won_steph_rating=7
game_steph_rating_diff=6
b_game_steph_rating=6
b_set_steph_rating=6
a_tiebreak_steph_rating=6
b_return_first_won_steph_rating=6
b_surface_tiebreak_steph_rating=6
b_surface_return_first_won_steph_rating=6
b_steph_rating=5
b_service_steph_rating=5
b_bp_steph_rating=5
b_return_ace_steph_rating=5
a_surface_point_steph_rating=5
a_surface_return_ace_steph_rating=5
b_surface_return_second_won_steph_rating=5
a_player_ht=4
a_player_rank_points=4
b_player_ht=4
a_service_steph_rating=4
tiebreak_steph_rating_diff=4
b_surface_ace_steph_rating=4
first_won_steph_rating_diff=3
a_surface_game_steph_rating=3
b_surface_game_steph_rating=3
surface_bp_steph_rating_diff=3
surface_first_won_steph_rating_diff=3
a_surface_first_won_steph_rating=3
surface_return_first_won_steph_rating_diff=3
return_ace_steph_rating_diff=2
b_ace_steph_rating=2
a_surface_return_second_won_steph_rating=2
surface_Clay=2
tourney_round=1
return_second_won_steph_rating_diff=1
a_return_second_won_steph_rating=1
b_surface_second_won_steph_rating=1
surface_Grass=1

parameters:
[boosting: gbdt]
[objective: binary]
[metric: binary_logloss]
[tree_learner: serial]
[device_type: cpu]
[data_sample_strategy: bagging]
[data: ]
[valid: ]
[num_iterations: 50]
[learning_rate: 0.05]
[num_leaves: 31]
[num_threads: 0]
[seed: 0]
[deterministic: 0]
[force_col_wise: 0]
[force_row_wise: 0]
[histogram_pool_size: -1]
[max_depth: -1]
[min_data_in_leaf: 20]
[min_sum_hessian_in_leaf: 0.001]
[bagging_fraction: 1]
[pos_bagging_fraction: 1]
[neg_bagging_fraction: 1]
[bagging_freq: 10]
[bagging_seed: 3]
[feature_fraction: 0.9]
[feature_fraction_bynode: 1]
[feature_fraction_seed: 2]
[extra_trees: 0]
[extra_seed: 6]
[early_stopping_round: 0]
[early_stopping_min_delta: 0]
[first_metric_only: 0]
[max_delta_step: 0]
[lambda_l1: 0]
[lambda_l2: 0]
[linear_lambda: 0]
[min_gain_to_split: 0]
[drop_rate: 0.1]
[max_drop: 50]
[skip_drop: 0.5]
[xgboost_dart_mode: 0]
[uniform_drop: 0]
[drop_seed: 4]
[top_rate: 0.2]
[other_rate: 0.1]
[min_data_per_group: 100]
[max_cat_threshold: 32]
[cat_l2: 10]
[cat_smooth: 10]
[max_cat_to_onehot: 4]
[top_k: 20]
[monotone_constraints: ]
[monotone_constraints_method: basic]
[monotone_penalty: 0]
[feature_contri: ]
[forcedsplits_filename: ]
[refit_decay_rate: 0.9]
[cegb_tradeoff: 1]
[cegb_penalty_split: 0]
[cegb_penalty_feature_lazy: ]
[cegb_penalty_feature_coupled: ]
[path_smooth: 0]
[interaction_constraints: ]
[verbosity: -1]
[saved_feature_importance_type: 0]
[use_quantized_grad: 0]
[num_grad_quant_bins: 4]
[quant_train_renew_leaf: 0]
[stochastic_rounding: 1]
[linear_tree: 0]
[max_bin: 255]
[max_bin_by_feature: ]
[min_data_in_bin: 3]
[bin_construct_sample_cnt: 200000]
[data_random_seed: 1]
[is_enable_sparse: 1]
[enable_bundle: 1]
[use_missing: 1]
[zero_as_missing: 0]
[feature_pre_filter: 0]
[pre_partition: 0]
[two_round: 0]
[header: 0]
[label_column: ]
[weight_column: ]
[group_column: ]
[ignore_column: ]
[categorical_feature: ]
[forcedbins_filename: ]
[precise_float_parser: 0]
[parser_config_file: ]
[objective_seed: 5]
[num_class: 1]
[is_unbalance: 0]
[scale_pos_weight: 1]
[sigmoid: 1]
[boost_from_average: 1]
[reg_sqrt: 0]
[alpha: 0.9]
[fair_c: 1]
[poisson_max_delta_step: 0.7]
[tweedie_variance_power: 1.5]
[lambdarank_truncation_level: 30]
[lambdarank_norm: 1]
[label_gain: ]
[lambdarank_position_bias_regularization: 0]
[eval_at: ]
[multi_error_top_k: 1]
[auc_mu_weights: ]
[num_machines: 1]
[local_listen_port: 12400]
[time_out: 120]
[machine_list_filename: ]
[machines: ]
[gpu_platform_id: -1]
[gpu_device_id: -1]
[gpu_use_dp: 0]
[num_gpu: 1]

end of parameters

pandas_categorical:[]
